scenario_id,policy_year,source_attained_age,current_premium_schedule,current_policy_value,current_policy_value_less_surrender_charge_and_unvested_booster,current_surrender_value_floor,current_surrender_value,current_monthly_income_annualized,current_death_benefit,guaranteed_policy_value,guaranteed_surrender_value,guaranteed_monthly_income_annualized,current_effect_of_deductions,current_value_of_premiums,deduction_current_surrender_value
SII-001,1,47,100000.0,94902.0,78902.0,80000.0,80000.0,0.0,105000.0,89144.0,80000.0,0.0,26350.0,106350.0,80000.0
SII-001,2,48,0.0,98540.0,81080.0,80000.0,81080.0,869.0,104131.0,87757.0,80000.0,0.0,31144.0,113103.0,81959.0
SII-001,3,49,0.0,102367.0,83447.0,80000.0,83447.0,898.0,103233.0,86376.0,80000.0,0.0,35035.0,120285.0,85251.0
SII-001,4,50,0.0,102491.0,82111.0,80000.0,82111.0,4704.0,102491.0,85000.0,80000.0,0.0,39217.0,127923.0,88706.0
SII-001,5,51,0.0,102508.0,80668.0,80000.0,80668.0,4815.0,102508.0,83629.0,80000.0,0.0,43784.0,136047.0,92262.0
SII-001,6,52,0.0,102522.0,79222.0,80000.0,80000.0,4819.0,102522.0,82262.0,80000.0,0.0,47988.0,144685.0,96697.0
SII-001,7,53,0.0,102536.0,77776.0,80000.0,80000.0,4820.0,102536.0,80901.0,80000.0,0.0,51970.0,153873.0,101903.0
SII-001,8,54,0.0,102549.0,80329.0,80000.0,80329.0,4821.0,102549.0,79544.0,80000.0,0.0,56100.0,163644.0,107544.0
SII-001,9,55,0.0,102563.0,82883.0,80000.0,82883.0,4822.0,102563.0,78193.0,80000.0,0.0,58520.0,174035.0,115516.0
SII-001,10,56,0.0,102577.0,85936.0,80000.0,85936.0,4823.0,102577.0,76846.0,80000.0,0.0,60991.0,185087.0,124096.0
SII-001,11,57,0.0,102590.0,88428.0,79000.0,88428.0,4823.0,102590.0,75504.0,79000.0,0.0,,,
SII-001,12,58,0.0,102604.0,88471.0,78000.0,88471.0,4824.0,102604.0,74167.0,78000.0,0.0,,,
SII-001,13,59,0.0,102618.0,88602.0,77000.0,88602.0,4825.0,102618.0,72834.0,77000.0,0.0,,,
SII-001,14,60,0.0,102631.0,88776.0,76000.0,88776.0,4826.0,102631.0,71507.0,76000.0,0.0,,,
SII-001,15,61,0.0,102645.0,88950.0,75000.0,88950.0,4827.0,102645.0,70184.0,75000.0,0.0,95342.0,251804.0,156462.0
SII-001,16,62,0.0,102659.0,89081.0,74000.0,89081.0,4827.0,102659.0,68866.0,74000.0,0.0,,,
SII-001,17,63,0.0,102673.0,89357.0,73000.0,89357.0,4828.0,102673.0,67553.0,73000.0,0.0,,,
SII-001,18,64,0.0,102686.0,89532.0,72000.0,89532.0,4829.0,102686.0,66244.0,72000.0,0.0,,,
SII-001,19,65,0.0,102700.0,89823.0,71000.0,89823.0,4830.0,102700.0,64940.0,71000.0,0.0,,,
SII-001,20,66,0.0,102714.0,89953.0,70000.0,89953.0,4830.0,102714.0,63641.0,70000.0,0.0,152678.0,342570.0,189893.0
SII-001,21,67,0.0,102727.0,90171.0,69000.0,90171.0,4831.0,102727.0,62347.0,69000.0,,,,
SII-001,22,68,0.0,102741.0,90477.0,68000.0,90477.0,4832.0,102741.0,61057.0,68000.0,,,,
SII-001,23,69,0.0,102755.0,90870.0,67000.0,90870.0,4833.0,102755.0,59771.0,67000.0,,,,
SII-001,24,70,0.0,102768.0,91351.0,66000.0,91351.0,4834.0,102768.0,58491.0,66000.0,,,,
SII-001,25,71,0.0,102782.0,91920.0,65000.0,91920.0,4834.0,102782.0,57215.0,65000.0,0.0,238372.0,466055.0,227683.0
SII-001,26,72,0.0,102830.0,93019.0,64000.0,93019.0,5905.0,102830.0,57009.0,64000.0,,,,
SII-001,27,73,0.0,102842.0,94082.0,63000.0,94082.0,5943.0,102842.0,56804.0,63000.0,,,,
SII-001,28,74,0.0,102853.0,95144.0,62000.0,95144.0,5945.0,102853.0,56600.0,62000.0,,,,
SII-001,29,75,0.0,102864.0,96207.0,61000.0,96207.0,5945.0,102864.0,56397.0,61000.0,,,,
SII-001,30,76,0.0,102875.0,102875.0,60000.0,102875.0,5946.0,102875.0,56194.0,60000.0,0.0,350056.0,634052.0,283996.0
SII-001,31,77,0.0,102886.0,102886.0,60000.0,102886.0,5946.0,102886.0,55992.0,60000.0,,,,
SII-001,32,78,0.0,102898.0,102898.0,60000.0,102898.0,5947.0,102898.0,55791.0,60000.0,,,,
SII-001,33,79,0.0,102909.0,102909.0,60000.0,102909.0,5948.0,102909.0,55590.0,60000.0,,,,
SII-001,34,80,0.0,102920.0,102920.0,60000.0,102920.0,5948.0,102920.0,55391.0,60000.0,,,,
SII-001,35,81,0.0,102931.0,102931.0,60000.0,102931.0,5949.0,102931.0,55191.0,60000.0,0.0,528416.0,862606.0,334189.0
SII-001,36,82,0.0,102942.0,102942.0,60000.0,102942.0,5950.0,102942.0,54993.0,60000.0,,,,
SII-001,37,83,0.0,102953.0,102953.0,60000.0,102953.0,5950.0,102953.0,54795.0,60000.0,,,,
SII-001,38,84,0.0,102964.0,102964.0,60000.0,102964.0,5951.0,102964.0,54599.0,60000.0,,,,
SII-001,39,85,0.0,102975.0,102975.0,60000.0,102975.0,5952.0,102975.0,54402.0,60000.0,,,,
SII-001,40,86,0.0,102986.0,102986.0,60000.0,102986.0,5952.0,102986.0,54207.0,60000.0,0.0,783928.0,1173545.0,389617.0
SII-001,41,87,0.0,102997.0,102997.0,60000.0,102997.0,5953.0,102997.0,54012.0,60000.0,,,,
SII-001,42,88,0.0,103009.0,103009.0,60000.0,103009.0,5953.0,103009.0,53818.0,60000.0,,,,
SII-001,43,89,0.0,103020.0,103020.0,60000.0,103020.0,5954.0,103020.0,53624.0,60000.0,,,,
SII-001,44,90,0.0,103031.0,103031.0,60000.0,103031.0,5955.0,103031.0,53432.0,60000.0,,,,
SII-001,45,91,0.0,103042.0,103042.0,60000.0,103042.0,5955.0,103042.0,53240.0,60000.0,,,,
SII-001,46,92,0.0,103053.0,103053.0,60000.0,103053.0,5956.0,103053.0,53048.0,60000.0,,,,
SII-001,47,93,0.0,103064.0,103064.0,60000.0,103064.0,5957.0,103064.0,52858.0,60000.0,,,,
SII-001,48,94,0.0,103075.0,103075.0,60000.0,103075.0,5957.0,103075.0,52668.0,60000.0,,,,
SII-001,49,95,0.0,103086.0,103086.0,60000.0,103086.0,5958.0,103086.0,52478.0,60000.0,,,,
SII-001,50,96,0.0,103098.0,103098.0,60000.0,103098.0,5959.0,103098.0,52290.0,60000.0,,,,
SII-001,51,97,0.0,103109.0,103109.0,60000.0,103109.0,5959.0,103109.0,52102.0,60000.0,,,,
SII-001,52,98,0.0,103120.0,103120.0,60000.0,103120.0,5960.0,103120.0,51915.0,60000.0,,,,
SII-001,53,99,0.0,103131.0,103131.0,60000.0,103131.0,5961.0,103131.0,51728.0,60000.0,,,,
SII-001,54,100,0.0,103142.0,103142.0,60000.0,103142.0,5961.0,103142.0,51542.0,60000.0,,,,
SII-001,55,101,0.0,103153.0,103153.0,60000.0,103153.0,5962.0,103153.0,51357.0,60000.0,,,,
SII-001,56,102,0.0,103164.0,103164.0,60000.0,103164.0,5962.0,103164.0,51172.0,60000.0,,,,
SII-001,57,103,0.0,103175.0,103175.0,60000.0,103175.0,5963.0,103175.0,50988.0,60000.0,,,,
SII-001,58,104,0.0,103186.0,103186.0,60000.0,103186.0,5964.0,103186.0,50805.0,60000.0,,,,
SII-001,59,105,0.0,103198.0,103198.0,60000.0,103198.0,5964.0,103198.0,50622.0,60000.0,,,,
SII-001,60,106,0.0,103209.0,103209.0,60000.0,103209.0,5965.0,103209.0,50441.0,60000.0,,,,
SII-001,61,107,0.0,103220.0,103220.0,60000.0,103220.0,5966.0,103220.0,50259.0,60000.0,,,,
SII-001,62,108,0.0,103231.0,103231.0,60000.0,103231.0,5966.0,103231.0,50079.0,60000.0,,,,
SII-001,63,109,0.0,103242.0,103242.0,60000.0,103242.0,5967.0,103242.0,49899.0,60000.0,,,,
SII-001,64,110,0.0,103253.0,103253.0,60000.0,103253.0,5968.0,103253.0,49719.0,60000.0,,,,
SII-001,65,111,0.0,103264.0,103264.0,60000.0,103264.0,5968.0,103264.0,49541.0,60000.0,,,,
SII-001,66,112,0.0,103275.0,103275.0,60000.0,103275.0,5969.0,103275.0,49363.0,60000.0,,,,
SII-001,67,113,0.0,103287.0,103287.0,60000.0,103287.0,5970.0,103287.0,49185.0,60000.0,,,,
SII-001,68,114,0.0,103298.0,103298.0,60000.0,103298.0,5970.0,103298.0,49008.0,60000.0,,,,
SII-001,69,115,0.0,103309.0,103309.0,60000.0,103309.0,5971.0,103309.0,48832.0,60000.0,,,,
SII-001,70,116,0.0,103320.0,103320.0,60000.0,103320.0,5972.0,103320.0,48657.0,60000.0,,,,
SII-001,71,117,0.0,103331.0,103331.0,60000.0,103331.0,5972.0,103331.0,48482.0,60000.0,,,,
SII-001,72,118,0.0,103342.0,103342.0,60000.0,103342.0,5973.0,103342.0,48308.0,60000.0,,,,
SII-001,73,119,0.0,103353.0,103353.0,60000.0,103353.0,5973.0,103353.0,48134.0,60000.0,,,,
SII-001,74,120,0.0,103365.0,103365.0,60000.0,103365.0,5974.0,103365.0,47961.0,60000.0,,,,
SII-001,75,121,0.0,103376.0,103376.0,60000.0,103376.0,5975.0,103376.0,47789.0,60000.0,,,,
SII-001,76,122,0.0,103387.0,103387.0,60000.0,103387.0,5975.0,103387.0,47617.0,60000.0,,,,
SII-001,77,123,0.0,103398.0,103398.0,60000.0,103398.0,5976.0,103398.0,47446.0,60000.0,,,,
SII-001,78,124,0.0,103409.0,103409.0,60000.0,103409.0,5977.0,103409.0,47275.0,60000.0,,,,
SII-001,79,125,0.0,103420.0,103420.0,60000.0,103420.0,5977.0,103420.0,47105.0,60000.0,,,,
SII-002,1,47,100000.0,94902.0,78902.0,80000.0,80000.0,0.0,105000.0,89144.0,80000.0,0.0,26350.0,106350.0,80000.0
SII-002,2,48,0.0,99438.0,81978.0,80000.0,81978.0,0.0,105000.0,87757.0,80000.0,0.0,31125.0,113103.0,81978.0
SII-002,3,49,0.0,104245.0,85325.0,80000.0,85325.0,0.0,105000.0,86376.0,80000.0,0.0,34960.0,120285.0,85325.0
SII-002,4,50,0.0,104398.0,84018.0,80000.0,84018.0,4785.0,104398.0,85000.0,80000.0,0.0,39068.0,127923.0,88855.0
SII-002,5,51,0.0,104416.0,82576.0,80000.0,82576.0,4925.0,104416.0,83629.0,80000.0,0.0,43559.0,136047.0,92488.0
SII-002,6,52,0.0,104430.0,81130.0,80000.0,81130.0,4930.0,104430.0,82262.0,80000.0,0.0,48463.0,144685.0,96223.0
SII-002,7,53,0.0,104444.0,79684.0,80000.0,80000.0,4931.0,104444.0,80901.0,80000.0,0.0,53495.0,153873.0,100378.0
SII-002,8,54,0.0,104458.0,82238.0,80000.0,82238.0,4931.0,104458.0,79544.0,80000.0,0.0,55635.0,163644.0,108009.0
SII-002,9,55,0.0,104472.0,84792.0,80000.0,84792.0,4932.0,104472.0,78193.0,80000.0,0.0,57972.0,174035.0,116063.0
SII-002,10,56,0.0,104486.0,87845.0,80000.0,87845.0,4933.0,104486.0,76846.0,80000.0,0.0,60359.0,185087.0,124728.0
SII-002,11,57,0.0,104499.0,90337.0,79000.0,90337.0,4934.0,104499.0,75504.0,79000.0,0.0,,,
SII-002,12,58,0.0,104513.0,90381.0,78000.0,90381.0,4935.0,104513.0,74167.0,78000.0,0.0,,,
SII-002,13,59,0.0,104527.0,90511.0,77000.0,90511.0,4935.0,104527.0,72834.0,77000.0,0.0,,,
SII-002,14,60,0.0,104541.0,90686.0,76000.0,90686.0,4936.0,104541.0,71507.0,76000.0,0.0,,,
SII-002,15,61,0.0,104555.0,90860.0,75000.0,90860.0,4937.0,104555.0,70184.0,75000.0,0.0,94261.0,251804.0,157543.0
SII-002,16,62,0.0,104569.0,90991.0,74000.0,90991.0,4938.0,104569.0,68866.0,74000.0,0.0,,,
SII-002,17,63,0.0,104583.0,91267.0,73000.0,91267.0,4939.0,104583.0,67553.0,73000.0,0.0,,,
SII-002,18,64,0.0,104596.0,91442.0,72000.0,91442.0,4939.0,104596.0,66244.0,72000.0,0.0,,,
SII-002,19,65,0.0,104610.0,91733.0,71000.0,91733.0,4940.0,104610.0,64940.0,71000.0,0.0,,,
SII-002,20,66,0.0,104624.0,91864.0,70000.0,91864.0,4941.0,104624.0,63641.0,70000.0,0.0,151101.0,342570.0,191469.0
SII-002,21,67,0.0,104638.0,92082.0,69000.0,92082.0,4942.0,104638.0,62347.0,69000.0,,,,
SII-002,22,68,0.0,104652.0,92388.0,68000.0,92388.0,4943.0,104652.0,61057.0,68000.0,,,,
SII-002,23,69,0.0,104666.0,92781.0,67000.0,92781.0,4943.0,104666.0,59771.0,67000.0,,,,
SII-002,24,70,0.0,104680.0,93262.0,66000.0,93262.0,4944.0,104680.0,58491.0,66000.0,,,,
SII-002,25,71,0.0,104694.0,93831.0,65000.0,93831.0,4945.0,104694.0,57215.0,65000.0,0.0,236249.0,466055.0,229807.0
SII-002,26,72,0.0,104742.0,94930.0,64000.0,94930.0,6016.0,104742.0,57009.0,64000.0,,,,
SII-002,27,73,0.0,104754.0,95994.0,63000.0,95994.0,6053.0,104754.0,56804.0,63000.0,,,,
SII-002,28,74,0.0,104765.0,97057.0,62000.0,97057.0,6055.0,104765.0,56600.0,62000.0,,,,
SII-002,29,75,0.0,104777.0,98119.0,61000.0,98119.0,6056.0,104777.0,56397.0,61000.0,,,,
SII-002,30,76,0.0,104788.0,104788.0,60000.0,104788.0,6056.0,104788.0,56194.0,60000.0,0.0,347328.0,634052.0,286724.0
SII-002,31,77,0.0,104799.0,104799.0,60000.0,104799.0,6057.0,104799.0,55992.0,60000.0,,,,
SII-002,32,78,0.0,104811.0,104811.0,60000.0,104811.0,6058.0,104811.0,55791.0,60000.0,,,,
SII-002,33,79,0.0,104822.0,104822.0,60000.0,104822.0,6058.0,104822.0,55590.0,60000.0,,,,
SII-002,34,80,0.0,104833.0,104833.0,60000.0,104833.0,6059.0,104833.0,55391.0,60000.0,,,,
SII-002,35,81,0.0,104845.0,104845.0,60000.0,104845.0,6060.0,104845.0,55191.0,60000.0,0.0,525021.0,862606.0,337585.0
SII-002,36,82,0.0,104856.0,104856.0,60000.0,104856.0,6060.0,104856.0,54993.0,60000.0,,,,
SII-002,37,83,0.0,104867.0,104867.0,60000.0,104867.0,6061.0,104867.0,54795.0,60000.0,,,,
SII-002,38,84,0.0,104878.0,104878.0,60000.0,104878.0,6062.0,104878.0,54599.0,60000.0,,,,
SII-002,39,85,0.0,104890.0,104890.0,60000.0,104890.0,6062.0,104890.0,54402.0,60000.0,,,,
SII-002,40,86,0.0,104901.0,104901.0,60000.0,104901.0,6063.0,104901.0,54207.0,60000.0,0.0,779795.0,1173545.0,393750.0
SII-002,41,87,0.0,104912.0,104912.0,60000.0,104912.0,6063.0,104912.0,54012.0,60000.0,,,,
SII-002,42,88,0.0,104924.0,104924.0,60000.0,104924.0,6064.0,104924.0,53818.0,60000.0,,,,
SII-002,43,89,0.0,104935.0,104935.0,60000.0,104935.0,6065.0,104935.0,53624.0,60000.0,,,,
SII-002,44,90,0.0,104946.0,104946.0,60000.0,104946.0,6066.0,104946.0,53432.0,60000.0,,,,
SII-002,45,91,0.0,104957.0,104957.0,60000.0,104957.0,6066.0,104957.0,53240.0,60000.0,,,,
SII-002,46,92,0.0,104969.0,104969.0,60000.0,104969.0,6067.0,104969.0,53048.0,60000.0,,,,
SII-002,47,93,0.0,104980.0,104980.0,60000.0,104980.0,6067.0,104980.0,52858.0,60000.0,,,,
SII-002,48,94,0.0,104991.0,104991.0,60000.0,104991.0,6068.0,104991.0,52668.0,60000.0,,,,
SII-002,49,95,0.0,105003.0,105003.0,60000.0,105003.0,6069.0,105003.0,52478.0,60000.0,,,,
SII-002,50,96,0.0,105014.0,105014.0,60000.0,105014.0,6069.0,105014.0,52290.0,60000.0,,,,
SII-002,51,97,0.0,105025.0,105025.0,60000.0,105025.0,6070.0,105025.0,52102.0,60000.0,,,,
SII-002,52,98,0.0,105037.0,105037.0,60000.0,105037.0,6071.0,105037.0,51915.0,60000.0,,,,
SII-002,53,99,0.0,105048.0,105048.0,60000.0,105048.0,6071.0,105048.0,51728.0,60000.0,,,,
SII-002,54,100,0.0,105059.0,105059.0,60000.0,105059.0,6072.0,105059.0,51542.0,60000.0,,,,
SII-002,55,101,0.0,105071.0,105071.0,60000.0,105071.0,6073.0,105071.0,51357.0,60000.0,,,,
SII-002,56,102,0.0,105082.0,105082.0,60000.0,105082.0,6073.0,105082.0,51172.0,60000.0,,,,
SII-002,57,103,0.0,105093.0,105093.0,60000.0,105093.0,6074.0,105093.0,50988.0,60000.0,,,,
SII-002,58,104,0.0,105104.0,105104.0,60000.0,105104.0,6075.0,105104.0,50805.0,60000.0,,,,
SII-002,59,105,0.0,105116.0,105116.0,60000.0,105116.0,6075.0,105116.0,50622.0,60000.0,,,,
SII-002,60,106,0.0,105127.0,105127.0,60000.0,105127.0,6076.0,105127.0,50441.0,60000.0,,,,
SII-002,61,107,0.0,105138.0,105138.0,60000.0,105138.0,6077.0,105138.0,50259.0,60000.0,,,,
SII-002,62,108,0.0,105150.0,105150.0,60000.0,105150.0,6077.0,105150.0,50079.0,60000.0,,,,
SII-002,63,109,0.0,105161.0,105161.0,60000.0,105161.0,6078.0,105161.0,49899.0,60000.0,,,,
SII-002,64,110,0.0,105172.0,105172.0,60000.0,105172.0,6078.0,105172.0,49719.0,60000.0,,,,
SII-002,65,111,0.0,105184.0,105184.0,60000.0,105184.0,6079.0,105184.0,49541.0,60000.0,,,,
SII-002,66,112,0.0,105195.0,105195.0,60000.0,105195.0,6080.0,105195.0,49363.0,60000.0,,,,
SII-002,67,113,0.0,105206.0,105206.0,60000.0,105206.0,6081.0,105206.0,49185.0,60000.0,,,,
SII-002,68,114,0.0,105218.0,105218.0,60000.0,105218.0,6081.0,105218.0,49008.0,60000.0,,,,
SII-002,69,115,0.0,105229.0,105229.0,60000.0,105229.0,6082.0,105229.0,48832.0,60000.0,,,,
SII-002,70,116,0.0,105240.0,105240.0,60000.0,105240.0,6082.0,105240.0,48657.0,60000.0,,,,
SII-002,71,117,0.0,105252.0,105252.0,60000.0,105252.0,6083.0,105252.0,48482.0,60000.0,,,,
SII-002,72,118,0.0,105263.0,105263.0,60000.0,105263.0,6084.0,105263.0,48308.0,60000.0,,,,
SII-002,73,119,0.0,105274.0,105274.0,60000.0,105274.0,6084.0,105274.0,48134.0,60000.0,,,,
SII-002,74,120,0.0,105286.0,105286.0,60000.0,105286.0,6085.0,105286.0,47961.0,60000.0,,,,
SII-002,75,121,0.0,105297.0,105297.0,60000.0,105297.0,6086.0,105297.0,47789.0,60000.0,,,,
SII-002,76,122,0.0,105309.0,105309.0,60000.0,105309.0,6086.0,105309.0,47617.0,60000.0,,,,
SII-002,77,123,0.0,105320.0,105320.0,60000.0,105320.0,6087.0,105320.0,47446.0,60000.0,,,,
SII-002,78,124,0.0,105331.0,105331.0,60000.0,105331.0,6088.0,105331.0,47275.0,60000.0,,,,
SII-002,79,125,0.0,105343.0,105343.0,60000.0,105343.0,6088.0,105343.0,47105.0,60000.0,,,,
SII-003,1,57,100000.0,94902.0,78902.0,80000.0,80000.0,0.0,105000.0,89144.0,80000.0,0.0,26350.0,106350.0,80000.0
SII-003,2,58,0.0,99438.0,81978.0,80000.0,81978.0,0.0,105000.0,87757.0,80000.0,0.0,31125.0,113103.0,81978.0
SII-003,3,59,0.0,104245.0,85325.0,80000.0,85325.0,0.0,105000.0,86376.0,80000.0,0.0,34960.0,120285.0,85325.0
SII-003,4,60,0.0,104398.0,84018.0,80000.0,84018.0,4785.0,104398.0,85000.0,80000.0,0.0,39068.0,127923.0,88855.0
SII-003,5,61,0.0,104416.0,82576.0,80000.0,82576.0,4925.0,104416.0,83629.0,80000.0,0.0,43559.0,136047.0,92488.0
SII-003,6,62,0.0,104430.0,81130.0,80000.0,81130.0,4930.0,104430.0,82262.0,80000.0,0.0,48463.0,144685.0,96223.0
SII-003,7,63,0.0,104444.0,79684.0,80000.0,80000.0,4931.0,104444.0,80901.0,80000.0,0.0,53495.0,153873.0,100378.0
SII-003,8,64,0.0,104458.0,82238.0,80000.0,82238.0,4931.0,104458.0,79544.0,80000.0,0.0,55635.0,163644.0,108009.0
SII-003,9,65,0.0,104472.0,84792.0,80000.0,84792.0,4932.0,104472.0,78193.0,80000.0,0.0,57972.0,174035.0,116063.0
SII-003,10,66,0.0,104486.0,87845.0,80000.0,87845.0,4933.0,104486.0,76846.0,80000.0,0.0,60359.0,185087.0,124728.0
SII-003,11,67,0.0,104499.0,90337.0,79000.0,90337.0,4934.0,104499.0,75504.0,79000.0,0.0,,,
SII-003,12,68,0.0,104513.0,90381.0,78000.0,90381.0,4935.0,104513.0,74167.0,78000.0,0.0,,,
SII-003,13,69,0.0,104527.0,90511.0,77000.0,90511.0,4935.0,104527.0,72834.0,77000.0,0.0,,,
SII-003,14,70,0.0,104541.0,90686.0,76000.0,90686.0,4936.0,104541.0,71507.0,76000.0,0.0,,,
SII-003,15,71,0.0,104555.0,90860.0,75000.0,90860.0,4937.0,104555.0,70184.0,75000.0,0.0,94261.0,251804.0,157543.0
SII-003,16,72,0.0,104569.0,90991.0,74000.0,90991.0,4938.0,104569.0,68866.0,74000.0,0.0,,,
SII-003,17,73,0.0,104583.0,91267.0,73000.0,91267.0,4939.0,104583.0,67553.0,73000.0,0.0,,,
SII-003,18,74,0.0,104596.0,91442.0,72000.0,91442.0,4939.0,104596.0,66244.0,72000.0,0.0,,,
SII-003,19,75,0.0,104610.0,91733.0,71000.0,91733.0,4940.0,104610.0,64940.0,71000.0,0.0,,,
SII-003,20,76,0.0,104624.0,91864.0,70000.0,91864.0,4941.0,104624.0,63641.0,70000.0,0.0,151101.0,342570.0,191469.0
SII-003,21,77,0.0,104638.0,92082.0,69000.0,92082.0,4942.0,104638.0,62347.0,69000.0,,,,
SII-003,22,78,0.0,104652.0,92388.0,68000.0,92388.0,4943.0,104652.0,61057.0,68000.0,,,,
SII-003,23,79,0.0,104666.0,92781.0,67000.0,92781.0,4943.0,104666.0,59771.0,67000.0,,,,
SII-003,24,80,0.0,104680.0,93262.0,66000.0,93262.0,4944.0,104680.0,58491.0,66000.0,,,,
SII-003,25,81,0.0,104694.0,93831.0,65000.0,93831.0,4945.0,104694.0,57215.0,65000.0,0.0,236249.0,466055.0,229807.0
SII-003,26,82,0.0,104742.0,94930.0,64000.0,94930.0,6016.0,104742.0,57009.0,64000.0,,,,
SII-003,27,83,0.0,104754.0,95994.0,63000.0,95994.0,6053.0,104754.0,56804.0,63000.0,,,,
SII-003,28,84,0.0,104765.0,97057.0,62000.0,97057.0,6055.0,104765.0,56600.0,62000.0,,,,
SII-003,29,85,0.0,104777.0,98119.0,61000.0,98119.0,6056.0,104777.0,56397.0,61000.0,,,,
SII-003,30,86,0.0,104788.0,104788.0,60000.0,104788.0,6056.0,104788.0,56194.0,60000.0,0.0,347328.0,634052.0,286724.0
SII-003,31,87,0.0,104799.0,104799.0,60000.0,104799.0,6057.0,104799.0,55992.0,60000.0,,,,
SII-003,32,88,0.0,104811.0,104811.0,60000.0,104811.0,6058.0,104811.0,55791.0,60000.0,,,,
SII-003,33,89,0.0,104822.0,104822.0,60000.0,104822.0,6058.0,104822.0,55590.0,60000.0,,,,
SII-003,34,90,0.0,104833.0,104833.0,60000.0,104833.0,6059.0,104833.0,55391.0,60000.0,,,,
SII-003,35,91,0.0,104845.0,104845.0,60000.0,104845.0,6060.0,104845.0,55191.0,60000.0,0.0,525021.0,862606.0,337585.0
SII-003,36,92,0.0,104856.0,104856.0,60000.0,104856.0,6060.0,104856.0,54993.0,60000.0,,,,
SII-003,37,93,0.0,104867.0,104867.0,60000.0,104867.0,6061.0,104867.0,54795.0,60000.0,,,,
SII-003,38,94,0.0,104878.0,104878.0,60000.0,104878.0,6062.0,104878.0,54599.0,60000.0,,,,
SII-003,39,95,0.0,104890.0,104890.0,60000.0,104890.0,6062.0,104890.0,54402.0,60000.0,,,,
SII-003,40,96,0.0,104901.0,104901.0,60000.0,104901.0,6063.0,104901.0,54207.0,60000.0,0.0,779795.0,1173545.0,393750.0
SII-003,41,97,0.0,104912.0,104912.0,60000.0,104912.0,6063.0,104912.0,54012.0,60000.0,,,,
SII-003,42,98,0.0,104924.0,104924.0,60000.0,104924.0,6064.0,104924.0,53818.0,60000.0,,,,
SII-003,43,99,0.0,104935.0,104935.0,60000.0,104935.0,6065.0,104935.0,53624.0,60000.0,,,,
SII-003,44,100,0.0,104946.0,104946.0,60000.0,104946.0,6066.0,104946.0,53432.0,60000.0,,,,
SII-003,45,101,0.0,104957.0,104957.0,60000.0,104957.0,6066.0,104957.0,53240.0,60000.0,,,,
SII-003,46,102,0.0,104969.0,104969.0,60000.0,104969.0,6067.0,104969.0,53048.0,60000.0,,,,
SII-003,47,103,0.0,104980.0,104980.0,60000.0,104980.0,6067.0,104980.0,52858.0,60000.0,,,,
SII-003,48,104,0.0,104991.0,104991.0,60000.0,104991.0,6068.0,104991.0,52668.0,60000.0,,,,
SII-003,49,105,0.0,105003.0,105003.0,60000.0,105003.0,6069.0,105003.0,52478.0,60000.0,,,,
SII-003,50,106,0.0,105014.0,105014.0,60000.0,105014.0,6069.0,105014.0,52290.0,60000.0,,,,
SII-003,51,107,0.0,105025.0,105025.0,60000.0,105025.0,6070.0,105025.0,52102.0,60000.0,,,,
SII-003,52,108,0.0,105037.0,105037.0,60000.0,105037.0,6071.0,105037.0,51915.0,60000.0,,,,
SII-003,53,109,0.0,105048.0,105048.0,60000.0,105048.0,6071.0,105048.0,51728.0,60000.0,,,,
SII-003,54,110,0.0,105059.0,105059.0,60000.0,105059.0,6072.0,105059.0,51542.0,60000.0,,,,
SII-003,55,111,0.0,105071.0,105071.0,60000.0,105071.0,6073.0,105071.0,51357.0,60000.0,,,,
SII-003,56,112,0.0,105082.0,105082.0,60000.0,105082.0,6073.0,105082.0,51172.0,60000.0,,,,
SII-003,57,113,0.0,105093.0,105093.0,60000.0,105093.0,6074.0,105093.0,50988.0,60000.0,,,,
SII-003,58,114,0.0,105104.0,105104.0,60000.0,105104.0,6075.0,105104.0,50805.0,60000.0,,,,
SII-003,59,115,0.0,105116.0,105116.0,60000.0,105116.0,6075.0,105116.0,50622.0,60000.0,,,,
SII-003,60,116,0.0,105127.0,105127.0,60000.0,105127.0,6076.0,105127.0,50441.0,60000.0,,,,
SII-003,61,117,0.0,105138.0,105138.0,60000.0,105138.0,6077.0,105138.0,50259.0,60000.0,,,,
SII-003,62,118,0.0,105150.0,105150.0,60000.0,105150.0,6077.0,105150.0,50079.0,60000.0,,,,
SII-003,63,119,0.0,105161.0,105161.0,60000.0,105161.0,6078.0,105161.0,49899.0,60000.0,,,,
SII-003,64,120,0.0,105172.0,105172.0,60000.0,105172.0,6078.0,105172.0,49719.0,60000.0,,,,
SII-003,65,121,0.0,105184.0,105184.0,60000.0,105184.0,6079.0,105184.0,49541.0,60000.0,,,,
SII-003,66,122,0.0,105195.0,105195.0,60000.0,105195.0,6080.0,105195.0,49363.0,60000.0,,,,
SII-003,67,123,0.0,105206.0,105206.0,60000.0,105206.0,6081.0,105206.0,49185.0,60000.0,,,,
SII-003,68,124,0.0,105218.0,105218.0,60000.0,105218.0,6081.0,105218.0,49008.0,60000.0,,,,
SII-003,69,125,0.0,105229.0,105229.0,60000.0,105229.0,6082.0,105229.0,48832.0,60000.0,,,,
SII-004,1,47,100000.0,94902.0,78902.0,80000.0,80000.0,0.0,105000.0,89144.0,80000.0,0.0,26350.0,106350.0,80000.0
SII-004,2,48,0.0,99438.0,81978.0,80000.0,81978.0,0.0,105000.0,87757.0,80000.0,0.0,31125.0,113103.0,81978.0
SII-004,3,49,0.0,104245.0,85325.0,80000.0,85325.0,0.0,105000.0,86376.0,80000.0,0.0,34960.0,120285.0,85325.0
SII-004,4,50,0.0,109340.0,88960.0,80000.0,88960.0,0.0,109340.0,85000.0,80000.0,0.0,38963.0,127923.0,88960.0
SII-004,5,51,0.0,109502.0,87662.0,80000.0,87662.0,5071.0,109502.0,83629.0,80000.0,0.0,43258.0,136047.0,92788.0
SII-004,6,52,0.0,109521.0,86221.0,80000.0,86221.0,5220.0,109521.0,82262.0,80000.0,0.0,47960.0,144685.0,96725.0
SII-004,7,53,0.0,109535.0,84775.0,80000.0,84775.0,5225.0,109535.0,80901.0,80000.0,0.0,53102.0,153873.0,100771.0
SII-004,8,54,0.0,109550.0,87330.0,80000.0,87330.0,5226.0,109550.0,79544.0,80000.0,0.0,54716.0,163644.0,108928.0
SII-004,9,55,0.0,109564.0,89884.0,80000.0,89884.0,5226.0,109564.0,78193.0,80000.0,0.0,56838.0,174035.0,117197.0
SII-004,10,56,0.0,109579.0,92938.0,80000.0,92938.0,5227.0,109579.0,76846.0,80000.0,0.0,59006.0,185087.0,126080.0
SII-004,11,57,0.0,109593.0,95431.0,79000.0,95431.0,5228.0,109593.0,75504.0,79000.0,0.0,,,
SII-004,12,58,0.0,109607.0,95475.0,78000.0,95475.0,5229.0,109607.0,74167.0,78000.0,0.0,,,
SII-004,13,59,0.0,109622.0,95606.0,77000.0,95606.0,5230.0,109622.0,72834.0,77000.0,0.0,,,
SII-004,14,60,0.0,109636.0,95781.0,76000.0,95781.0,5231.0,109636.0,71507.0,76000.0,0.0,,,
SII-004,15,61,0.0,109651.0,95956.0,75000.0,95956.0,5232.0,109651.0,70184.0,75000.0,0.0,91746.0,251804.0,160058.0
SII-004,16,62,0.0,109665.0,96087.0,74000.0,96087.0,5232.0,109665.0,68866.0,74000.0,0.0,,,
SII-004,17,63,0.0,109679.0,96364.0,73000.0,96364.0,5233.0,109679.0,67553.0,73000.0,0.0,,,
SII-004,18,64,0.0,109694.0,96539.0,72000.0,96539.0,5234.0,109694.0,66244.0,72000.0,0.0,,,
SII-004,19,65,0.0,109708.0,96831.0,71000.0,96831.0,5235.0,109708.0,64940.0,71000.0,0.0,,,
SII-004,20,66,0.0,109723.0,96962.0,70000.0,96962.0,5236.0,109723.0,63641.0,70000.0,0.0,147303.0,342570.0,195268.0
SII-004,21,67,0.0,109737.0,97181.0,69000.0,97181.0,5236.0,109737.0,62347.0,69000.0,,,,
SII-004,22,68,0.0,109751.0,97487.0,68000.0,97487.0,5237.0,109751.0,61057.0,68000.0,,,,
SII-004,23,69,0.0,109766.0,97881.0,67000.0,97881.0,5238.0,109766.0,59771.0,67000.0,,,,
SII-004,24,70,0.0,109780.0,98363.0,66000.0,98363.0,5239.0,109780.0,58491.0,66000.0,,,,
SII-004,25,71,0.0,109795.0,98932.0,65000.0,98932.0,5240.0,109795.0,57215.0,65000.0,0.0,231032.0,466055.0,235023.0
SII-004,26,72,0.0,109843.0,100032.0,64000.0,100032.0,6311.0,109843.0,57009.0,64000.0,,,,
SII-004,27,73,0.0,109856.0,101096.0,63000.0,101096.0,6348.0,109856.0,56804.0,63000.0,,,,
SII-004,28,74,0.0,109868.0,102159.0,62000.0,102159.0,6350.0,109868.0,56600.0,62000.0,,,,
SII-004,29,75,0.0,109880.0,103222.0,61000.0,103222.0,6351.0,109880.0,56397.0,61000.0,,,,
SII-004,30,76,0.0,109892.0,109892.0,60000.0,109892.0,6351.0,109892.0,56194.0,60000.0,0.0,340545.0,634052.0,293507.0
SII-004,31,77,0.0,109904.0,109904.0,60000.0,109904.0,6352.0,109904.0,55992.0,60000.0,,,,
SII-004,32,78,0.0,109915.0,109915.0,60000.0,109915.0,6353.0,109915.0,55791.0,60000.0,,,,
SII-004,33,79,0.0,109927.0,109927.0,60000.0,109927.0,6353.0,109927.0,55590.0,60000.0,,,,
SII-004,34,80,0.0,109939.0,109939.0,60000.0,109939.0,6354.0,109939.0,55391.0,60000.0,,,,
SII-004,35,81,0.0,109951.0,109951.0,60000.0,109951.0,6355.0,109951.0,55191.0,60000.0,0.0,516509.0,862606.0,346097.0
SII-004,36,82,0.0,109963.0,109963.0,60000.0,109963.0,6355.0,109963.0,54993.0,60000.0,,,,
SII-004,37,83,0.0,109975.0,109975.0,60000.0,109975.0,6356.0,109975.0,54795.0,60000.0,,,,
SII-004,38,84,0.0,109987.0,109987.0,60000.0,109987.0,6357.0,109987.0,54599.0,60000.0,,,,
SII-004,39,85,0.0,109999.0,109999.0,60000.0,109999.0,6357.0,109999.0,54402.0,60000.0,,,,
SII-004,40,86,0.0,110010.0,110010.0,60000.0,110010.0,6358.0,110010.0,54207.0,60000.0,0.0,769372.0,1173545.0,404173.0
SII-004,41,87,0.0,110022.0,110022.0,60000.0,110022.0,6359.0,110022.0,54012.0,60000.0,,,,
SII-004,42,88,0.0,110034.0,110034.0,60000.0,110034.0,6360.0,110034.0,53818.0,60000.0,,,,
SII-004,43,89,0.0,110046.0,110046.0,60000.0,110046.0,6360.0,110046.0,53624.0,60000.0,,,,
SII-004,44,90,0.0,110058.0,110058.0,60000.0,110058.0,6361.0,110058.0,53432.0,60000.0,,,,
SII-004,45,91,0.0,110070.0,110070.0,60000.0,110070.0,6362.0,110070.0,53240.0,60000.0,,,,
SII-004,46,92,0.0,110081.0,110081.0,60000.0,110081.0,6362.0,110081.0,53048.0,60000.0,,,,
SII-004,47,93,0.0,110093.0,110093.0,60000.0,110093.0,6363.0,110093.0,52858.0,60000.0,,,,
SII-004,48,94,0.0,110105.0,110105.0,60000.0,110105.0,6364.0,110105.0,52668.0,60000.0,,,,
SII-004,49,95,0.0,110117.0,110117.0,60000.0,110117.0,6364.0,110117.0,52478.0,60000.0,,,,
SII-004,50,96,0.0,110129.0,110129.0,60000.0,110129.0,6365.0,110129.0,52290.0,60000.0,,,,
SII-004,51,97,0.0,110141.0,110141.0,60000.0,110141.0,6366.0,110141.0,52102.0,60000.0,,,,
SII-004,52,98,0.0,110153.0,110153.0,60000.0,110153.0,6366.0,110153.0,51915.0,60000.0,,,,
SII-004,53,99,0.0,110165.0,110165.0,60000.0,110165.0,6367.0,110165.0,51728.0,60000.0,,,,
SII-004,54,100,0.0,110177.0,110177.0,60000.0,110177.0,6368.0,110177.0,51542.0,60000.0,,,,
SII-004,55,101,0.0,110188.0,110188.0,60000.0,110188.0,6369.0,110188.0,51357.0,60000.0,,,,
SII-004,56,102,0.0,110200.0,110200.0,60000.0,110200.0,6369.0,110200.0,51172.0,60000.0,,,,
SII-004,57,103,0.0,110212.0,110212.0,60000.0,110212.0,6370.0,110212.0,50988.0,60000.0,,,,
SII-004,58,104,0.0,110224.0,110224.0,60000.0,110224.0,6371.0,110224.0,50805.0,60000.0,,,,
SII-004,59,105,0.0,110236.0,110236.0,60000.0,110236.0,6371.0,110236.0,50622.0,60000.0,,,,
SII-004,60,106,0.0,110248.0,110248.0,60000.0,110248.0,6372.0,110248.0,50441.0,60000.0,,,,
SII-004,61,107,0.0,110260.0,110260.0,60000.0,110260.0,6373.0,110260.0,50259.0,60000.0,,,,
SII-004,62,108,0.0,110271.0,110271.0,60000.0,110271.0,6373.0,110271.0,50079.0,60000.0,,,,
SII-004,63,109,0.0,110283.0,110283.0,60000.0,110283.0,6374.0,110283.0,49899.0,60000.0,,,,
SII-004,64,110,0.0,110295.0,110295.0,60000.0,110295.0,6375.0,110295.0,49719.0,60000.0,,,,
SII-004,65,111,0.0,110307.0,110307.0,60000.0,110307.0,6375.0,110307.0,49541.0,60000.0,,,,
SII-004,66,112,0.0,110319.0,110319.0,60000.0,110319.0,6376.0,110319.0,49363.0,60000.0,,,,
SII-004,67,113,0.0,110331.0,110331.0,60000.0,110331.0,6377.0,110331.0,49185.0,60000.0,,,,
SII-004,68,114,0.0,110343.0,110343.0,60000.0,110343.0,6377.0,110343.0,49008.0,60000.0,,,,
SII-004,69,115,0.0,110355.0,110355.0,60000.0,110355.0,6378.0,110355.0,48832.0,60000.0,,,,
SII-004,70,116,0.0,110367.0,110367.0,60000.0,110367.0,6379.0,110367.0,48657.0,60000.0,,,,
SII-004,71,117,0.0,110379.0,110379.0,60000.0,110379.0,6379.0,110379.0,48482.0,60000.0,,,,
SII-004,72,118,0.0,110390.0,110390.0,60000.0,110390.0,6380.0,110390.0,48308.0,60000.0,,,,
SII-004,73,119,0.0,110402.0,110402.0,60000.0,110402.0,6381.0,110402.0,48134.0,60000.0,,,,
SII-004,74,120,0.0,110414.0,110414.0,60000.0,110414.0,6381.0,110414.0,47961.0,60000.0,,,,
SII-004,75,121,0.0,110426.0,110426.0,60000.0,110426.0,6382.0,110426.0,47789.0,60000.0,,,,
SII-004,76,122,0.0,110438.0,110438.0,60000.0,110438.0,6383.0,110438.0,47617.0,60000.0,,,,
SII-004,77,123,0.0,110450.0,110450.0,60000.0,110450.0,6384.0,110450.0,47446.0,60000.0,,,,
SII-004,78,124,0.0,110462.0,110462.0,60000.0,110462.0,6384.0,110462.0,47275.0,60000.0,,,,
SII-004,79,125,0.0,110474.0,110474.0,60000.0,110474.0,6385.0,110474.0,47105.0,60000.0,,,,
SII-005,1,47,100000.0,94902.0,78902.0,80000.0,80000.0,0.0,105000.0,89144.0,80000.0,0.0,26350.0,106350.0,80000.0
SII-005,2,48,0.0,99438.0,81978.0,80000.0,81978.0,0.0,105000.0,87757.0,80000.0,0.0,31125.0,113103.0,81978.0
SII-005,3,49,0.0,104245.0,85325.0,80000.0,85325.0,0.0,105000.0,86376.0,80000.0,0.0,34960.0,120285.0,85325.0
SII-005,4,50,0.0,109340.0,88960.0,80000.0,88960.0,0.0,109340.0,85000.0,80000.0,0.0,38963.0,127923.0,88960.0
SII-005,5,51,0.0,114739.0,92899.0,80000.0,92899.0,0.0,114739.0,83629.0,80000.0,0.0,43147.0,136047.0,92899.0
SII-005,6,52,0.0,114911.0,91611.0,80000.0,91611.0,5375.0,114911.0,82262.0,80000.0,0.0,47642.0,144685.0,97044.0
SII-005,7,53,0.0,114930.0,90170.0,80000.0,90170.0,5532.0,114930.0,80901.0,80000.0,0.0,52569.0,153873.0,101304.0
SII-005,8,54,0.0,114945.0,92725.0,80000.0,92725.0,5537.0,114945.0,79544.0,80000.0,0.0,53965.0,163644.0,109679.0
SII-005,9,55,0.0,114960.0,95280.0,80000.0,95280.0,5538.0,114960.0,78193.0,80000.0,0.0,55864.0,174035.0,118171.0
SII-005,10,56,0.0,114975.0,98335.0,80000.0,98335.0,5539.0,114975.0,76846.0,80000.0,0.0,57805.0,185087.0,127282.0
SII-005,11,57,0.0,114990.0,100828.0,79000.0,100828.0,5540.0,114990.0,75504.0,79000.0,0.0,,,
SII-005,12,58,0.0,115005.0,100873.0,78000.0,100873.0,5541.0,115005.0,74167.0,78000.0,0.0,,,
SII-005,13,59,0.0,115020.0,101004.0,77000.0,101004.0,5542.0,115020.0,72834.0,77000.0,0.0,,,
SII-005,14,60,0.0,115035.0,101180.0,76000.0,101180.0,5543.0,115035.0,71507.0,76000.0,0.0,,,
SII-005,15,61,0.0,115050.0,101356.0,75000.0,101356.0,5544.0,115050.0,70184.0,75000.0,0.0,89337.0,251804.0,162467.0
SII-005,16,62,0.0,115065.0,101487.0,74000.0,101487.0,5544.0,115065.0,68866.0,74000.0,0.0,,,
SII-005,17,63,0.0,115080.0,101765.0,73000.0,101765.0,5545.0,115080.0,67553.0,73000.0,0.0,,,
SII-005,18,64,0.0,115095.0,101941.0,72000.0,101941.0,5546.0,115095.0,66244.0,72000.0,0.0,,,
SII-005,19,65,0.0,115110.0,102233.0,71000.0,102233.0,5547.0,115110.0,64940.0,71000.0,0.0,,,
SII-005,20,66,0.0,115125.0,102365.0,70000.0,102365.0,5548.0,115125.0,63641.0,70000.0,0.0,143560.0,342570.0,199011.0
SII-005,21,67,0.0,115140.0,102584.0,69000.0,102584.0,5549.0,115140.0,62347.0,69000.0,,,,
SII-005,22,68,0.0,115155.0,102891.0,68000.0,102891.0,5550.0,115155.0,61057.0,68000.0,,,,
SII-005,23,69,0.0,115170.0,103286.0,67000.0,103286.0,5550.0,115170.0,59771.0,67000.0,,,,
SII-005,24,70,0.0,115185.0,103768.0,66000.0,103768.0,5551.0,115185.0,58491.0,66000.0,,,,
SII-005,25,71,0.0,115200.0,104338.0,65000.0,104338.0,5552.0,115200.0,57215.0,65000.0,0.0,225816.0,466055.0,240239.0
SII-005,26,72,0.0,115250.0,105438.0,64000.0,105438.0,6623.0,115250.0,57009.0,64000.0,,,,
SII-005,27,73,0.0,115263.0,106503.0,63000.0,106503.0,6661.0,115263.0,56804.0,63000.0,,,,
SII-005,28,74,0.0,115275.0,107567.0,62000.0,107567.0,6662.0,115275.0,56600.0,62000.0,,,,
SII-005,29,75,0.0,115288.0,108630.0,61000.0,108630.0,6663.0,115288.0,56397.0,61000.0,,,,
SII-005,30,76,0.0,115300.0,115300.0,60000.0,115300.0,6664.0,115300.0,56194.0,60000.0,0.0,333702.0,634052.0,300350.0
SII-005,31,77,0.0,115313.0,115313.0,60000.0,115313.0,6665.0,115313.0,55992.0,60000.0,,,,
SII-005,32,78,0.0,115325.0,115325.0,60000.0,115325.0,6665.0,115325.0,55791.0,60000.0,,,,
SII-005,33,79,0.0,115338.0,115338.0,60000.0,115338.0,6666.0,115338.0,55590.0,60000.0,,,,
SII-005,34,80,0.0,115350.0,115350.0,60000.0,115350.0,6667.0,115350.0,55391.0,60000.0,,,,
SII-005,35,81,0.0,115362.0,115362.0,60000.0,115362.0,6668.0,115362.0,55191.0,60000.0,0.0,507869.0,862606.0,354737.0
SII-005,36,82,0.0,115375.0,115375.0,60000.0,115375.0,6668.0,115375.0,54993.0,60000.0,,,,
SII-005,37,83,0.0,115387.0,115387.0,60000.0,115387.0,6669.0,115387.0,54795.0,60000.0,,,,
SII-005,38,84,0.0,115400.0,115400.0,60000.0,115400.0,6670.0,115400.0,54599.0,60000.0,,,,
SII-005,39,85,0.0,115412.0,115412.0,60000.0,115412.0,6670.0,115412.0,54402.0,60000.0,,,,
SII-005,40,86,0.0,115425.0,115425.0,60000.0,115425.0,6671.0,115425.0,54207.0,60000.0,0.0,758748.0,1173545.0,414797.0
SII-005,41,87,0.0,115437.0,115437.0,60000.0,115437.0,6672.0,115437.0,54012.0,60000.0,,,,
SII-005,42,88,0.0,115450.0,115450.0,60000.0,115450.0,6672.0,115450.0,53818.0,60000.0,,,,
SII-005,43,89,0.0,115462.0,115462.0,60000.0,115462.0,6673.0,115462.0,53624.0,60000.0,,,,
SII-005,44,90,0.0,115474.0,115474.0,60000.0,115474.0,6674.0,115474.0,53432.0,60000.0,,,,
SII-005,45,91,0.0,115487.0,115487.0,60000.0,115487.0,6675.0,115487.0,53240.0,60000.0,,,,
SII-005,46,92,0.0,115499.0,115499.0,60000.0,115499.0,6675.0,115499.0,53048.0,60000.0,,,,
SII-005,47,93,0.0,115512.0,115512.0,60000.0,115512.0,6676.0,115512.0,52858.0,60000.0,,,,
SII-005,48,94,0.0,115524.0,115524.0,60000.0,115524.0,6677.0,115524.0,52668.0,60000.0,,,,
SII-005,49,95,0.0,115537.0,115537.0,60000.0,115537.0,6678.0,115537.0,52478.0,60000.0,,,,
SII-005,50,96,0.0,115549.0,115549.0,60000.0,115549.0,6678.0,115549.0,52290.0,60000.0,,,,
SII-005,51,97,0.0,115561.0,115561.0,60000.0,115561.0,6679.0,115561.0,52102.0,60000.0,,,,
SII-005,52,98,0.0,115574.0,115574.0,60000.0,115574.0,6680.0,115574.0,51915.0,60000.0,,,,
SII-005,53,99,0.0,115586.0,115586.0,60000.0,115586.0,6681.0,115586.0,51728.0,60000.0,,,,
SII-005,54,100,0.0,115599.0,115599.0,60000.0,115599.0,6681.0,115599.0,51542.0,60000.0,,,,
SII-005,55,101,0.0,115611.0,115611.0,60000.0,115611.0,6682.0,115611.0,51357.0,60000.0,,,,
SII-005,56,102,0.0,115624.0,115624.0,60000.0,115624.0,6683.0,115624.0,51172.0,60000.0,,,,
SII-005,57,103,0.0,115636.0,115636.0,60000.0,115636.0,6683.0,115636.0,50988.0,60000.0,,,,
SII-005,58,104,0.0,115649.0,115649.0,60000.0,115649.0,6684.0,115649.0,50805.0,60000.0,,,,
SII-005,59,105,0.0,115661.0,115661.0,60000.0,115661.0,6685.0,115661.0,50622.0,60000.0,,,,
SII-005,60,106,0.0,115674.0,115674.0,60000.0,115674.0,6685.0,115674.0,50441.0,60000.0,,,,
SII-005,61,107,0.0,115686.0,115686.0,60000.0,115686.0,6686.0,115686.0,50259.0,60000.0,,,,
SII-005,62,108,0.0,115699.0,115699.0,60000.0,115699.0,6687.0,115699.0,50079.0,60000.0,,,,
SII-005,63,109,0.0,115711.0,115711.0,60000.0,115711.0,6688.0,115711.0,49899.0,60000.0,,,,
SII-005,64,110,0.0,115723.0,115723.0,60000.0,115723.0,6688.0,115723.0,49719.0,60000.0,,,,
SII-005,65,111,0.0,115736.0,115736.0,60000.0,115736.0,6689.0,115736.0,49541.0,60000.0,,,,
SII-005,66,112,0.0,115748.0,115748.0,60000.0,115748.0,6690.0,115748.0,49363.0,60000.0,,,,
SII-005,67,113,0.0,115761.0,115761.0,60000.0,115761.0,6691.0,115761.0,49185.0,60000.0,,,,
SII-005,68,114,0.0,115773.0,115773.0,60000.0,115773.0,6691.0,115773.0,49008.0,60000.0,,,,
SII-005,69,115,0.0,115786.0,115786.0,60000.0,115786.0,6692.0,115786.0,48832.0,60000.0,,,,
SII-005,70,116,0.0,115798.0,115798.0,60000.0,115798.0,6693.0,115798.0,48657.0,60000.0,,,,
SII-005,71,117,0.0,115811.0,115811.0,60000.0,115811.0,6693.0,115811.0,48482.0,60000.0,,,,
SII-005,72,118,0.0,115823.0,115823.0,60000.0,115823.0,6694.0,115823.0,48308.0,60000.0,,,,
SII-005,73,119,0.0,115836.0,115836.0,60000.0,115836.0,6695.0,115836.0,48134.0,60000.0,,,,
SII-005,74,120,0.0,115848.0,115848.0,60000.0,115848.0,6696.0,115848.0,47961.0,60000.0,,,,
SII-005,75,121,0.0,115861.0,115861.0,60000.0,115861.0,6696.0,115861.0,47789.0,60000.0,,,,
SII-005,76,122,0.0,115873.0,115873.0,60000.0,115873.0,6697.0,115873.0,47617.0,60000.0,,,,
SII-005,77,123,0.0,115886.0,115886.0,60000.0,115886.0,6698.0,115886.0,47446.0,60000.0,,,,
SII-005,78,124,0.0,115898.0,115898.0,60000.0,115898.0,6698.0,115898.0,47275.0,60000.0,,,,
SII-005,79,125,0.0,115911.0,115911.0,60000.0,115911.0,6699.0,115911.0,47105.0,60000.0,,,,
SII-006,1,47,100000.0,94902.0,78902.0,80000.0,80000.0,0.0,105000.0,89144.0,80000.0,0.0,26350.0,106350.0,80000.0
SII-006,2,48,0.0,99438.0,81978.0,80000.0,81978.0,0.0,105000.0,87757.0,80000.0,0.0,31125.0,113103.0,81978.0
SII-006,3,49,0.0,104245.0,85325.0,80000.0,85325.0,0.0,105000.0,86376.0,80000.0,0.0,34960.0,120285.0,85325.0
SII-006,4,50,0.0,109340.0,88960.0,80000.0,88960.0,0.0,109340.0,85000.0,80000.0,0.0,38963.0,127923.0,88960.0
SII-006,5,51,0.0,114739.0,92899.0,80000.0,92899.0,0.0,114739.0,83629.0,80000.0,0.0,43147.0,136047.0,92899.0
SII-006,6,52,0.0,120462.0,97162.0,80000.0,97162.0,0.0,120462.0,82262.0,80000.0,0.0,47524.0,144685.0,97162.0
SII-006,7,53,0.0,120643.0,95883.0,80000.0,95883.0,5697.0,120643.0,80901.0,80000.0,0.0,52232.0,153873.0,101641.0
SII-006,8,54,0.0,120663.0,98443.0,80000.0,98443.0,5863.0,120663.0,79544.0,80000.0,0.0,53401.0,163644.0,110243.0
SII-006,9,55,0.0,120679.0,100999.0,80000.0,100999.0,5869.0,120679.0,78193.0,80000.0,0.0,55068.0,174035.0,118967.0
SII-006,10,56,0.0,120695.0,104054.0,80000.0,104054.0,5870.0,120695.0,76846.0,80000.0,0.0,56772.0,185087.0,128314.0
SII-006,11,57,0.0,120710.0,106548.0,79000.0,106548.0,5871.0,120710.0,75504.0,79000.0,0.0,,,
SII-006,12,58,0.0,120726.0,106593.0,78000.0,106593.0,5872.0,120726.0,74167.0,78000.0,0.0,,,
SII-006,13,59,0.0,120742.0,106726.0,77000.0,106726.0,5872.0,120742.0,72834.0,77000.0,0.0,,,
SII-006,14,60,0.0,120757.0,106902.0,76000.0,106902.0,5873.0,120757.0,71507.0,76000.0,0.0,,,
SII-006,15,61,0.0,120773.0,107078.0,75000.0,107078.0,5874.0,120773.0,70184.0,75000.0,0.0,87050.0,251804.0,164754.0
SII-006,16,62,0.0,120788.0,107210.0,74000.0,107210.0,5875.0,120788.0,68866.0,74000.0,0.0,,,
SII-006,17,63,0.0,120804.0,107489.0,73000.0,107489.0,5876.0,120804.0,67553.0,73000.0,0.0,,,
SII-006,18,64,0.0,120820.0,107665.0,72000.0,107665.0,5877.0,120820.0,66244.0,72000.0,0.0,,,
SII-006,19,65,0.0,120835.0,107958.0,71000.0,107958.0,5878.0,120835.0,64940.0,71000.0,0.0,,,
SII-006,20,66,0.0,120851.0,108091.0,70000.0,108091.0,5879.0,120851.0,63641.0,70000.0,0.0,139887.0,342570.0,202684.0
SII-006,21,67,0.0,120867.0,108311.0,69000.0,108311.0,5880.0,120867.0,62347.0,69000.0,,,,
SII-006,22,68,0.0,120882.0,108618.0,68000.0,108618.0,5881.0,120882.0,61057.0,68000.0,,,,
SII-006,23,69,0.0,120898.0,109013.0,67000.0,109013.0,5882.0,120898.0,59771.0,67000.0,,,,
SII-006,24,70,0.0,120914.0,109496.0,66000.0,109496.0,5882.0,120914.0,58491.0,66000.0,,,,
SII-006,25,71,0.0,120929.0,110067.0,65000.0,110067.0,5883.0,120929.0,57215.0,65000.0,0.0,220612.0,466055.0,245443.0
SII-006,26,72,0.0,120979.0,111168.0,64000.0,111168.0,6954.0,120979.0,57009.0,64000.0,,,,
SII-006,27,73,0.0,120993.0,112233.0,63000.0,112233.0,6992.0,120993.0,56804.0,63000.0,,,,
SII-006,28,74,0.0,121006.0,113297.0,62000.0,113297.0,6994.0,121006.0,56600.0,62000.0,,,,
SII-006,29,75,0.0,121019.0,114362.0,61000.0,114362.0,6994.0,121019.0,56397.0,61000.0,,,,
SII-006,30,76,0.0,121032.0,121032.0,60000.0,121032.0,6995.0,121032.0,56194.0,60000.0,0.0,326808.0,634052.0,307244.0
SII-006,31,77,0.0,121045.0,121045.0,60000.0,121045.0,6996.0,121045.0,55992.0,60000.0,,,,
SII-006,32,78,0.0,121058.0,121058.0,60000.0,121058.0,6997.0,121058.0,55791.0,60000.0,,,,
SII-006,33,79,0.0,121071.0,121071.0,60000.0,121071.0,6997.0,121071.0,55590.0,60000.0,,,,
SII-006,34,80,0.0,121084.0,121084.0,60000.0,121084.0,6998.0,121084.0,55391.0,60000.0,,,,
SII-006,35,81,0.0,121098.0,121098.0,60000.0,121098.0,6999.0,121098.0,55191.0,60000.0,0.0,499107.0,862606.0,363499.0
SII-006,36,82,0.0,121111.0,121111.0,60000.0,121111.0,7000.0,121111.0,54993.0,60000.0,,,,
SII-006,37,83,0.0,121124.0,121124.0,60000.0,121124.0,7001.0,121124.0,54795.0,60000.0,,,,
SII-006,38,84,0.0,121137.0,121137.0,60000.0,121137.0,7001.0,121137.0,54599.0,60000.0,,,,
SII-006,39,85,0.0,121150.0,121150.0,60000.0,121150.0,7002.0,121150.0,54402.0,60000.0,,,,
SII-006,40,86,0.0,121163.0,121163.0,60000.0,121163.0,7003.0,121163.0,54207.0,60000.0,0.0,747924.0,1173545.0,425621.0
SII-006,41,87,0.0,121176.0,121176.0,60000.0,121176.0,7003.0,121176.0,54012.0,60000.0,,,,
SII-006,42,88,0.0,121189.0,121189.0,60000.0,121189.0,7004.0,121189.0,53818.0,60000.0,,,,
SII-006,43,89,0.0,121202.0,121202.0,60000.0,121202.0,7005.0,121202.0,53624.0,60000.0,,,,
SII-006,44,90,0.0,121215.0,121215.0,60000.0,121215.0,7006.0,121215.0,53432.0,60000.0,,,,
SII-006,45,91,0.0,121228.0,121228.0,60000.0,121228.0,7007.0,121228.0,53240.0,60000.0,,,,
SII-006,46,92,0.0,121241.0,121241.0,60000.0,121241.0,7007.0,121241.0,53048.0,60000.0,,,,
SII-006,47,93,0.0,121254.0,121254.0,60000.0,121254.0,7008.0,121254.0,52858.0,60000.0,,,,
SII-006,48,94,0.0,121267.0,121267.0,60000.0,121267.0,7009.0,121267.0,52668.0,60000.0,,,,
SII-006,49,95,0.0,121280.0,121280.0,60000.0,121280.0,7010.0,121280.0,52478.0,60000.0,,,,
SII-006,50,96,0.0,121293.0,121293.0,60000.0,121293.0,7010.0,121293.0,52290.0,60000.0,,,,
SII-006,51,97,0.0,121306.0,121306.0,60000.0,121306.0,7011.0,121306.0,52102.0,60000.0,,,,
SII-006,52,98,0.0,121319.0,121319.0,60000.0,121319.0,7012.0,121319.0,51915.0,60000.0,,,,
SII-006,53,99,0.0,121333.0,121333.0,60000.0,121333.0,7012.0,121333.0,51728.0,60000.0,,,,
SII-006,54,100,0.0,121346.0,121346.0,60000.0,121346.0,7013.0,121346.0,51542.0,60000.0,,,,
SII-006,55,101,0.0,121359.0,121359.0,60000.0,121359.0,7014.0,121359.0,51357.0,60000.0,,,,
SII-006,56,102,0.0,121372.0,121372.0,60000.0,121372.0,7015.0,121372.0,51172.0,60000.0,,,,
SII-006,57,103,0.0,121385.0,121385.0,60000.0,121385.0,7016.0,121385.0,50988.0,60000.0,,,,
SII-006,58,104,0.0,121398.0,121398.0,60000.0,121398.0,7016.0,121398.0,50805.0,60000.0,,,,
SII-006,59,105,0.0,121411.0,121411.0,60000.0,121411.0,7017.0,121411.0,50622.0,60000.0,,,,
SII-006,60,106,0.0,121424.0,121424.0,60000.0,121424.0,7018.0,121424.0,50441.0,60000.0,,,,
SII-006,61,107,0.0,121437.0,121437.0,60000.0,121437.0,7019.0,121437.0,50259.0,60000.0,,,,
SII-006,62,108,0.0,121450.0,121450.0,60000.0,121450.0,7019.0,121450.0,50079.0,60000.0,,,,
SII-006,63,109,0.0,121463.0,121463.0,60000.0,121463.0,7020.0,121463.0,49899.0,60000.0,,,,
SII-006,64,110,0.0,121477.0,121477.0,60000.0,121477.0,7021.0,121477.0,49719.0,60000.0,,,,
SII-006,65,111,0.0,121490.0,121490.0,60000.0,121490.0,7022.0,121490.0,49541.0,60000.0,,,,
SII-006,66,112,0.0,121503.0,121503.0,60000.0,121503.0,7022.0,121503.0,49363.0,60000.0,,,,
SII-006,67,113,0.0,121516.0,121516.0,60000.0,121516.0,7023.0,121516.0,49185.0,60000.0,,,,
SII-006,68,114,0.0,121529.0,121529.0,60000.0,121529.0,7024.0,121529.0,49008.0,60000.0,,,,
SII-006,69,115,0.0,121542.0,121542.0,60000.0,121542.0,7025.0,121542.0,48832.0,60000.0,,,,
SII-006,70,116,0.0,121555.0,121555.0,60000.0,121555.0,7025.0,121555.0,48657.0,60000.0,,,,
SII-006,71,117,0.0,121568.0,121568.0,60000.0,121568.0,7026.0,121568.0,48482.0,60000.0,,,,
SII-006,72,118,0.0,121581.0,121581.0,60000.0,121581.0,7027.0,121581.0,48308.0,60000.0,,,,
SII-006,73,119,0.0,121594.0,121594.0,60000.0,121594.0,7028.0,121594.0,48134.0,60000.0,,,,
SII-006,74,120,0.0,121608.0,121608.0,60000.0,121608.0,7028.0,121608.0,47961.0,60000.0,,,,
SII-006,75,121,0.0,121621.0,121621.0,60000.0,121621.0,7029.0,121621.0,47789.0,60000.0,,,,
SII-006,76,122,0.0,121634.0,121634.0,60000.0,121634.0,7030.0,121634.0,47617.0,60000.0,,,,
SII-006,77,123,0.0,121647.0,121647.0,60000.0,121647.0,7031.0,121647.0,47446.0,60000.0,,,,
SII-006,78,124,0.0,121660.0,121660.0,60000.0,121660.0,7032.0,121660.0,47275.0,60000.0,,,,
SII-006,79,125,0.0,121673.0,121673.0,60000.0,121673.0,7032.0,121673.0,47105.0,60000.0,,,,
SII-007,1,47,100000.0,94902.0,78902.0,80000.0,80000.0,0.0,105000.0,89144.0,80000.0,0.0,26350.0,106350.0,80000.0
SII-007,2,48,0.0,99438.0,81978.0,80000.0,81978.0,0.0,105000.0,87757.0,80000.0,0.0,31125.0,113103.0,81978.0
SII-007,3,49,0.0,104245.0,85325.0,80000.0,85325.0,0.0,105000.0,86376.0,80000.0,0.0,34960.0,120285.0,85325.0
SII-007,4,50,0.0,109340.0,88960.0,80000.0,88960.0,0.0,109340.0,85000.0,80000.0,0.0,38963.0,127923.0,88960.0
SII-007,5,51,0.0,114739.0,92899.0,80000.0,92899.0,0.0,114739.0,83629.0,80000.0,0.0,43147.0,136047.0,92899.0
SII-007,6,52,0.0,120462.0,97162.0,80000.0,97162.0,0.0,120462.0,82262.0,80000.0,0.0,47524.0,144685.0,97162.0
SII-007,7,53,0.0,126526.0,101766.0,80000.0,101766.0,0.0,126526.0,80901.0,80000.0,0.0,52107.0,153873.0,101766.0
SII-007,8,54,0.0,126718.0,104498.0,80000.0,104498.0,6038.0,126718.0,79544.0,80000.0,0.0,53043.0,163644.0,110601.0
SII-007,9,55,0.0,126739.0,107059.0,80000.0,107059.0,6214.0,126739.0,78193.0,80000.0,0.0,54470.0,174035.0,119565.0
SII-007,10,56,0.0,126756.0,110115.0,80000.0,110115.0,6220.0,126756.0,76846.0,80000.0,0.0,55928.0,185087.0,129158.0
SII-007,11,57,0.0,126772.0,112610.0,79000.0,112610.0,6221.0,126772.0,75504.0,79000.0,0.0,,,
SII-007,12,58,0.0,126788.0,112656.0,78000.0,112656.0,6222.0,126788.0,74167.0,78000.0,0.0,,,
SII-007,13,59,0.0,126805.0,112789.0,77000.0,112789.0,6223.0,126805.0,72834.0,77000.0,0.0,,,
SII-007,14,60,0.0,126821.0,112966.0,76000.0,112966.0,6224.0,126821.0,71507.0,76000.0,0.0,,,
SII-007,15,61,0.0,126837.0,113142.0,75000.0,113142.0,6225.0,126837.0,70184.0,75000.0,0.0,84903.0,251804.0,166901.0
SII-007,16,62,0.0,126853.0,113275.0,74000.0,113275.0,6226.0,126853.0,68866.0,74000.0,0.0,,,
SII-007,17,63,0.0,126870.0,113555.0,73000.0,113555.0,6227.0,126870.0,67553.0,73000.0,0.0,,,
SII-007,18,64,0.0,126886.0,113731.0,72000.0,113731.0,6228.0,126886.0,66244.0,72000.0,0.0,,,
SII-007,19,65,0.0,126902.0,114025.0,71000.0,114025.0,6228.0,126902.0,64940.0,71000.0,0.0,,,
SII-007,20,66,0.0,126919.0,114158.0,70000.0,114158.0,6229.0,126919.0,63641.0,70000.0,0.0,136300.0,342570.0,206271.0
SII-007,21,67,0.0,126935.0,114379.0,69000.0,114379.0,6230.0,126935.0,62347.0,69000.0,,,,
SII-007,22,68,0.0,126951.0,114687.0,68000.0,114687.0,6231.0,126951.0,61057.0,68000.0,,,,
SII-007,23,69,0.0,126968.0,115083.0,67000.0,115083.0,6232.0,126968.0,59771.0,67000.0,,,,
SII-007,24,70,0.0,126984.0,115567.0,66000.0,115567.0,6233.0,126984.0,58491.0,66000.0,,,,
SII-007,25,71,0.0,127000.0,116138.0,65000.0,116138.0,6234.0,127000.0,57215.0,65000.0,0.0,215435.0,466055.0,250620.0
SII-007,26,72,0.0,127051.0,117240.0,64000.0,117240.0,7305.0,127051.0,57009.0,64000.0,,,,
SII-007,27,73,0.0,127066.0,118306.0,63000.0,118306.0,7343.0,127066.0,56804.0,63000.0,,,,
SII-007,28,74,0.0,127079.0,119371.0,62000.0,119371.0,7345.0,127079.0,56600.0,62000.0,,,,
SII-007,29,75,0.0,127093.0,120435.0,61000.0,120435.0,7346.0,127093.0,56397.0,61000.0,,,,
SII-007,30,76,0.0,127107.0,127107.0,60000.0,127107.0,7346.0,127107.0,56194.0,60000.0,0.0,319874.0,634052.0,314178.0
SII-007,31,77,0.0,127120.0,127120.0,60000.0,127120.0,7347.0,127120.0,55992.0,60000.0,,,,
SII-007,32,78,0.0,127134.0,127134.0,60000.0,127134.0,7348.0,127134.0,55791.0,60000.0,,,,
SII-007,33,79,0.0,127148.0,127148.0,60000.0,127148.0,7349.0,127148.0,55590.0,60000.0,,,,
SII-007,34,80,0.0,127161.0,127161.0,60000.0,127161.0,7350.0,127161.0,55391.0,60000.0,,,,
SII-007,35,81,0.0,127175.0,127175.0,60000.0,127175.0,7350.0,127175.0,55191.0,60000.0,0.0,490233.0,862606.0,372373.0
SII-007,36,82,0.0,127189.0,127189.0,60000.0,127189.0,7351.0,127189.0,54993.0,60000.0,,,,
SII-007,37,83,0.0,127202.0,127202.0,60000.0,127202.0,7352.0,127202.0,54795.0,60000.0,,,,
SII-007,38,84,0.0,127216.0,127216.0,60000.0,127216.0,7353.0,127216.0,54599.0,60000.0,,,,
SII-007,39,85,0.0,127230.0,127230.0,60000.0,127230.0,7353.0,127230.0,54402.0,60000.0,,,,
SII-007,40,86,0.0,127243.0,127243.0,60000.0,127243.0,7354.0,127243.0,54207.0,60000.0,0.0,736907.0,1173545.0,436638.0
SII-007,41,87,0.0,127257.0,127257.0,60000.0,127257.0,7355.0,127257.0,54012.0,60000.0,,,,
SII-007,42,88,0.0,127271.0,127271.0,60000.0,127271.0,7356.0,127271.0,53818.0,60000.0,,,,
SII-007,43,89,0.0,127284.0,127284.0,60000.0,127284.0,7357.0,127284.0,53624.0,60000.0,,,,
SII-007,44,90,0.0,127298.0,127298.0,60000.0,127298.0,7357.0,127298.0,53432.0,60000.0,,,,
SII-007,45,91,0.0,127312.0,127312.0,60000.0,127312.0,7358.0,127312.0,53240.0,60000.0,,,,
SII-007,46,92,0.0,127325.0,127325.0,60000.0,127325.0,7359.0,127325.0,53048.0,60000.0,,,,
SII-007,47,93,0.0,127339.0,127339.0,60000.0,127339.0,7360.0,127339.0,52858.0,60000.0,,,,
SII-007,48,94,0.0,127353.0,127353.0,60000.0,127353.0,7360.0,127353.0,52668.0,60000.0,,,,
SII-007,49,95,0.0,127366.0,127366.0,60000.0,127366.0,7361.0,127366.0,52478.0,60000.0,,,,
SII-007,50,96,0.0,127380.0,127380.0,60000.0,127380.0,7362.0,127380.0,52290.0,60000.0,,,,
SII-007,51,97,0.0,127394.0,127394.0,60000.0,127394.0,7363.0,127394.0,52102.0,60000.0,,,,
SII-007,52,98,0.0,127407.0,127407.0,60000.0,127407.0,7364.0,127407.0,51915.0,60000.0,,,,
SII-007,53,99,0.0,127421.0,127421.0,60000.0,127421.0,7365.0,127421.0,51728.0,60000.0,,,,
SII-007,54,100,0.0,127435.0,127435.0,60000.0,127435.0,7365.0,127435.0,51542.0,60000.0,,,,
SII-007,55,101,0.0,127448.0,127448.0,60000.0,127448.0,7366.0,127448.0,51357.0,60000.0,,,,
SII-007,56,102,0.0,127462.0,127462.0,60000.0,127462.0,7367.0,127462.0,51172.0,60000.0,,,,
SII-007,57,103,0.0,127476.0,127476.0,60000.0,127476.0,7368.0,127476.0,50988.0,60000.0,,,,
SII-007,58,104,0.0,127489.0,127489.0,60000.0,127489.0,7368.0,127489.0,50805.0,60000.0,,,,
SII-007,59,105,0.0,127503.0,127503.0,60000.0,127503.0,7369.0,127503.0,50622.0,60000.0,,,,
SII-007,60,106,0.0,127517.0,127517.0,60000.0,127517.0,7370.0,127517.0,50441.0,60000.0,,,,
SII-007,61,107,0.0,127531.0,127531.0,60000.0,127531.0,7371.0,127531.0,50259.0,60000.0,,,,
SII-007,62,108,0.0,127544.0,127544.0,60000.0,127544.0,7372.0,127544.0,50079.0,60000.0,,,,
SII-007,63,109,0.0,127558.0,127558.0,60000.0,127558.0,7372.0,127558.0,49899.0,60000.0,,,,
SII-007,64,110,0.0,127572.0,127572.0,60000.0,127572.0,7373.0,127572.0,49719.0,60000.0,,,,
SII-007,65,111,0.0,127585.0,127585.0,60000.0,127585.0,7374.0,127585.0,49541.0,60000.0,,,,
SII-007,66,112,0.0,127599.0,127599.0,60000.0,127599.0,7375.0,127599.0,49363.0,60000.0,,,,
SII-007,67,113,0.0,127613.0,127613.0,60000.0,127613.0,7376.0,127613.0,49185.0,60000.0,,,,
SII-007,68,114,0.0,127626.0,127626.0,60000.0,127626.0,7376.0,127626.0,49008.0,60000.0,,,,
SII-007,69,115,0.0,127640.0,127640.0,60000.0,127640.0,7377.0,127640.0,48832.0,60000.0,,,,
SII-007,70,116,0.0,127654.0,127654.0,60000.0,127654.0,7378.0,127654.0,48657.0,60000.0,,,,
SII-007,71,117,0.0,127668.0,127668.0,60000.0,127668.0,7379.0,127668.0,48482.0,60000.0,,,,
SII-007,72,118,0.0,127681.0,127681.0,60000.0,127681.0,7380.0,127681.0,48308.0,60000.0,,,,
SII-007,73,119,0.0,127695.0,127695.0,60000.0,127695.0,7380.0,127695.0,48134.0,60000.0,,,,
SII-007,74,120,0.0,127709.0,127709.0,60000.0,127709.0,7381.0,127709.0,47961.0,60000.0,,,,
SII-007,75,121,0.0,127722.0,127722.0,60000.0,127722.0,7382.0,127722.0,47789.0,60000.0,,,,
SII-007,76,122,0.0,127736.0,127736.0,60000.0,127736.0,7383.0,127736.0,47617.0,60000.0,,,,
SII-007,77,123,0.0,127750.0,127750.0,60000.0,127750.0,7383.0,127750.0,47446.0,60000.0,,,,
SII-007,78,124,0.0,127764.0,127764.0,60000.0,127764.0,7384.0,127764.0,47275.0,60000.0,,,,
SII-007,79,125,0.0,127778.0,127778.0,60000.0,127778.0,7385.0,127778.0,47105.0,60000.0,,,,
SII-008,1,47,100000.0,94902.0,78902.0,80000.0,80000.0,0.0,105000.0,89144.0,80000.0,0.0,26350.0,106350.0,80000.0
SII-008,2,48,0.0,99438.0,81978.0,80000.0,81978.0,0.0,105000.0,87757.0,80000.0,0.0,31125.0,113103.0,81978.0
SII-008,3,49,0.0,104245.0,85325.0,80000.0,85325.0,0.0,105000.0,86376.0,80000.0,0.0,34960.0,120285.0,85325.0
SII-008,4,50,0.0,109340.0,88960.0,80000.0,88960.0,0.0,109340.0,85000.0,80000.0,0.0,38963.0,127923.0,88960.0
SII-008,5,51,0.0,114739.0,92899.0,80000.0,92899.0,0.0,114739.0,83629.0,80000.0,0.0,43147.0,136047.0,92899.0
SII-008,6,52,0.0,120462.0,97162.0,80000.0,97162.0,0.0,120462.0,82262.0,80000.0,0.0,47524.0,144685.0,97162.0
SII-008,7,53,0.0,126526.0,101766.0,80000.0,101766.0,0.0,126526.0,80901.0,80000.0,0.0,52107.0,153873.0,101766.0
SII-008,8,54,0.0,132953.0,110733.0,80000.0,110733.0,0.0,132953.0,79544.0,80000.0,0.0,52911.0,163644.0,110733.0
SII-008,9,55,0.0,133156.0,113476.0,80000.0,113476.0,6399.0,133156.0,78193.0,80000.0,0.0,54091.0,174035.0,119944.0
SII-008,10,56,0.0,133179.0,116538.0,80000.0,116538.0,6586.0,133179.0,76846.0,80000.0,0.0,55294.0,185087.0,129792.0
SII-008,11,57,0.0,133196.0,119034.0,79000.0,119034.0,6592.0,133196.0,75504.0,79000.0,0.0,,,
SII-008,12,58,0.0,133213.0,119080.0,78000.0,119080.0,6593.0,133213.0,74167.0,78000.0,0.0,,,
SII-008,13,59,0.0,133230.0,119214.0,77000.0,119214.0,6594.0,133230.0,72834.0,77000.0,0.0,,,
SII-008,14,60,0.0,133247.0,119391.0,76000.0,119391.0,6595.0,133247.0,71507.0,76000.0,0.0,,,
SII-008,15,61,0.0,133264.0,119569.0,75000.0,119569.0,6596.0,133264.0,70184.0,75000.0,0.0,82914.0,251804.0,168890.0
SII-008,16,62,0.0,133281.0,119703.0,74000.0,119703.0,6597.0,133281.0,68866.0,74000.0,0.0,,,
SII-008,17,63,0.0,133297.0,119982.0,73000.0,119982.0,6598.0,133297.0,67553.0,73000.0,0.0,,,
SII-008,18,64,0.0,133314.0,120160.0,72000.0,120160.0,6599.0,133314.0,66244.0,72000.0,0.0,,,
SII-008,19,65,0.0,133331.0,120454.0,71000.0,120454.0,6600.0,133331.0,64940.0,71000.0,0.0,,,
SII-008,20,66,0.0,133348.0,120588.0,70000.0,120588.0,6601.0,133348.0,63641.0,70000.0,0.0,132815.0,342570.0,209755.0
SII-008,21,67,0.0,133365.0,120809.0,69000.0,120809.0,6602.0,133365.0,62347.0,69000.0,,,,
SII-008,22,68,0.0,133382.0,121118.0,68000.0,121118.0,6603.0,133382.0,61057.0,68000.0,,,,
SII-008,23,69,0.0,133399.0,121515.0,67000.0,121515.0,6604.0,133399.0,59771.0,67000.0,,,,
SII-008,24,70,0.0,133416.0,121999.0,66000.0,121999.0,6605.0,133416.0,58491.0,66000.0,,,,
SII-008,25,71,0.0,133433.0,122571.0,65000.0,122571.0,6606.0,133433.0,57215.0,65000.0,0.0,210298.0,466055.0,255757.0
SII-008,26,72,0.0,133484.0,123673.0,64000.0,123673.0,7677.0,133484.0,57009.0,64000.0,,,,
SII-008,27,73,0.0,133500.0,124740.0,63000.0,124740.0,7715.0,133500.0,56804.0,63000.0,,,,
SII-008,28,74,0.0,133514.0,125805.0,62000.0,125805.0,7717.0,133514.0,56600.0,62000.0,,,,
SII-008,29,75,0.0,133529.0,126871.0,61000.0,126871.0,7717.0,133529.0,56397.0,61000.0,,,,
SII-008,30,76,0.0,133543.0,133543.0,60000.0,133543.0,7718.0,133543.0,56194.0,60000.0,0.0,312912.0,634052.0,321140.0
SII-008,31,77,0.0,133557.0,133557.0,60000.0,133557.0,7719.0,133557.0,55992.0,60000.0,,,,
SII-008,32,78,0.0,133572.0,133572.0,60000.0,133572.0,7720.0,133572.0,55791.0,60000.0,,,,
SII-008,33,79,0.0,133586.0,133586.0,60000.0,133586.0,7721.0,133586.0,55590.0,60000.0,,,,
SII-008,34,80,0.0,133601.0,133601.0,60000.0,133601.0,7722.0,133601.0,55391.0,60000.0,,,,
SII-008,35,81,0.0,133615.0,133615.0,60000.0,133615.0,7722.0,133615.0,55191.0,60000.0,0.0,481255.0,862606.0,381350.0
SII-008,36,82,0.0,133629.0,133629.0,60000.0,133629.0,7723.0,133629.0,54993.0,60000.0,,,,
SII-008,37,83,0.0,133644.0,133644.0,60000.0,133644.0,7724.0,133644.0,54795.0,60000.0,,,,
SII-008,38,84,0.0,133658.0,133658.0,60000.0,133658.0,7725.0,133658.0,54599.0,60000.0,,,,
SII-008,39,85,0.0,133673.0,133673.0,60000.0,133673.0,7726.0,133673.0,54402.0,60000.0,,,,
SII-008,40,86,0.0,133687.0,133687.0,60000.0,133687.0,7727.0,133687.0,54207.0,60000.0,0.0,725704.0,1173545.0,447842.0
SII-008,41,87,0.0,133701.0,133701.0,60000.0,133701.0,7727.0,133701.0,54012.0,60000.0,,,,
SII-008,42,88,0.0,133716.0,133716.0,60000.0,133716.0,7728.0,133716.0,53818.0,60000.0,,,,
SII-008,43,89,0.0,133730.0,133730.0,60000.0,133730.0,7729.0,133730.0,53624.0,60000.0,,,,
SII-008,44,90,0.0,133745.0,133745.0,60000.0,133745.0,7730.0,133745.0,53432.0,60000.0,,,,
SII-008,45,91,0.0,133759.0,133759.0,60000.0,133759.0,7731.0,133759.0,53240.0,60000.0,,,,
SII-008,46,92,0.0,133774.0,133774.0,60000.0,133774.0,7732.0,133774.0,53048.0,60000.0,,,,
SII-008,47,93,0.0,133788.0,133788.0,60000.0,133788.0,7732.0,133788.0,52858.0,60000.0,,,,
SII-008,48,94,0.0,133802.0,133802.0,60000.0,133802.0,7733.0,133802.0,52668.0,60000.0,,,,
SII-008,49,95,0.0,133817.0,133817.0,60000.0,133817.0,7734.0,133817.0,52478.0,60000.0,,,,
SII-008,50,96,0.0,133831.0,133831.0,60000.0,133831.0,7735.0,133831.0,52290.0,60000.0,,,,
SII-008,51,97,0.0,133846.0,133846.0,60000.0,133846.0,7736.0,133846.0,52102.0,60000.0,,,,
SII-008,52,98,0.0,133860.0,133860.0,60000.0,133860.0,7737.0,133860.0,51915.0,60000.0,,,,
SII-008,53,99,0.0,133875.0,133875.0,60000.0,133875.0,7737.0,133875.0,51728.0,60000.0,,,,
SII-008,54,100,0.0,133889.0,133889.0,60000.0,133889.0,7738.0,133889.0,51542.0,60000.0,,,,
SII-008,55,101,0.0,133903.0,133903.0,60000.0,133903.0,7739.0,133903.0,51357.0,60000.0,,,,
SII-008,56,102,0.0,133918.0,133918.0,60000.0,133918.0,7740.0,133918.0,51172.0,60000.0,,,,
SII-008,57,103,0.0,133932.0,133932.0,60000.0,133932.0,7741.0,133932.0,50988.0,60000.0,,,,
SII-008,58,104,0.0,133947.0,133947.0,60000.0,133947.0,7742.0,133947.0,50805.0,60000.0,,,,
SII-008,59,105,0.0,133961.0,133961.0,60000.0,133961.0,7743.0,133961.0,50622.0,60000.0,,,,
SII-008,60,106,0.0,133976.0,133976.0,60000.0,133976.0,7743.0,133976.0,50441.0,60000.0,,,,
SII-008,61,107,0.0,133990.0,133990.0,60000.0,133990.0,7744.0,133990.0,50259.0,60000.0,,,,
SII-008,62,108,0.0,134005.0,134005.0,60000.0,134005.0,7745.0,134005.0,50079.0,60000.0,,,,
SII-008,63,109,0.0,134019.0,134019.0,60000.0,134019.0,7746.0,134019.0,49899.0,60000.0,,,,
SII-008,64,110,0.0,134033.0,134033.0,60000.0,134033.0,7747.0,134033.0,49719.0,60000.0,,,,
SII-008,65,111,0.0,134048.0,134048.0,60000.0,134048.0,7747.0,134048.0,49541.0,60000.0,,,,
SII-008,66,112,0.0,134062.0,134062.0,60000.0,134062.0,7748.0,134062.0,49363.0,60000.0,,,,
SII-008,67,113,0.0,134077.0,134077.0,60000.0,134077.0,7749.0,134077.0,49185.0,60000.0,,,,
SII-008,68,114,0.0,134091.0,134091.0,60000.0,134091.0,7750.0,134091.0,49008.0,60000.0,,,,
SII-008,69,115,0.0,134106.0,134106.0,60000.0,134106.0,7751.0,134106.0,48832.0,60000.0,,,,
SII-008,70,116,0.0,134120.0,134120.0,60000.0,134120.0,7752.0,134120.0,48657.0,60000.0,,,,
SII-008,71,117,0.0,134135.0,134135.0,60000.0,134135.0,7752.0,134135.0,48482.0,60000.0,,,,
SII-008,72,118,0.0,134149.0,134149.0,60000.0,134149.0,7753.0,134149.0,48308.0,60000.0,,,,
SII-008,73,119,0.0,134163.0,134163.0,60000.0,134163.0,7754.0,134163.0,48134.0,60000.0,,,,
SII-008,74,120,0.0,134178.0,134178.0,60000.0,134178.0,7755.0,134178.0,47961.0,60000.0,,,,
SII-008,75,121,0.0,134192.0,134192.0,60000.0,134192.0,7756.0,134192.0,47789.0,60000.0,,,,
SII-008,76,122,0.0,134207.0,134207.0,60000.0,134207.0,7757.0,134207.0,47617.0,60000.0,,,,
SII-008,77,123,0.0,134221.0,134221.0,60000.0,134221.0,7758.0,134221.0,47446.0,60000.0,,,,
SII-008,78,124,0.0,134236.0,134236.0,60000.0,134236.0,7758.0,134236.0,47275.0,60000.0,,,,
SII-008,79,125,0.0,134250.0,134250.0,60000.0,134250.0,7759.0,134250.0,47105.0,60000.0,,,,
SII-009,1,57,100000.0,94902.0,78902.0,80000.0,80000.0,0.0,105000.0,89144.0,80000.0,0.0,26350.0,106350.0,80000.0
SII-009,2,58,0.0,99438.0,81978.0,80000.0,81978.0,0.0,105000.0,87757.0,80000.0,0.0,31125.0,113103.0,81978.0
SII-009,3,59,0.0,104245.0,85325.0,80000.0,85325.0,0.0,105000.0,86376.0,80000.0,0.0,34960.0,120285.0,85325.0
SII-009,4,60,0.0,109340.0,88960.0,80000.0,88960.0,0.0,109340.0,85000.0,80000.0,0.0,38963.0,127923.0,88960.0
SII-009,5,61,0.0,114739.0,92899.0,80000.0,92899.0,0.0,114739.0,83629.0,80000.0,0.0,43147.0,136047.0,92899.0
SII-009,6,62,0.0,120462.0,97162.0,80000.0,97162.0,0.0,120462.0,82262.0,80000.0,0.0,47524.0,144685.0,97162.0
SII-009,7,63,0.0,126526.0,101766.0,80000.0,101766.0,0.0,126526.0,80901.0,80000.0,0.0,52107.0,153873.0,101766.0
SII-009,8,64,0.0,132953.0,110733.0,80000.0,110733.0,0.0,132953.0,79544.0,80000.0,0.0,52911.0,163644.0,110733.0
SII-009,9,65,0.0,133156.0,113476.0,80000.0,113476.0,6399.0,133156.0,78193.0,80000.0,0.0,54091.0,174035.0,119944.0
SII-009,10,66,0.0,133179.0,116538.0,80000.0,116538.0,6586.0,133179.0,76846.0,80000.0,0.0,55294.0,185087.0,129792.0
SII-009,11,67,0.0,133196.0,119034.0,79000.0,119034.0,6592.0,133196.0,75504.0,79000.0,0.0,,,
SII-009,12,68,0.0,133213.0,119080.0,78000.0,119080.0,6593.0,133213.0,74167.0,78000.0,0.0,,,
SII-009,13,69,0.0,133230.0,119214.0,77000.0,119214.0,6594.0,133230.0,72834.0,77000.0,0.0,,,
SII-009,14,70,0.0,133247.0,119391.0,76000.0,119391.0,6595.0,133247.0,71507.0,76000.0,0.0,,,
SII-009,15,71,0.0,133264.0,119569.0,75000.0,119569.0,6596.0,133264.0,70184.0,75000.0,0.0,82914.0,251804.0,168890.0
SII-009,16,72,0.0,133281.0,119703.0,74000.0,119703.0,6597.0,133281.0,68866.0,74000.0,0.0,,,
SII-009,17,73,0.0,133297.0,119982.0,73000.0,119982.0,6598.0,133297.0,67553.0,73000.0,0.0,,,
SII-009,18,74,0.0,133314.0,120160.0,72000.0,120160.0,6599.0,133314.0,66244.0,72000.0,0.0,,,
SII-009,19,75,0.0,133331.0,120454.0,71000.0,120454.0,6600.0,133331.0,64940.0,71000.0,0.0,,,
SII-009,20,76,0.0,133348.0,120588.0,70000.0,120588.0,6601.0,133348.0,63641.0,70000.0,0.0,132815.0,342570.0,209755.0
SII-009,21,77,0.0,133365.0,120809.0,69000.0,120809.0,6602.0,133365.0,62347.0,69000.0,,,,
SII-009,22,78,0.0,133382.0,121118.0,68000.0,121118.0,6603.0,133382.0,61057.0,68000.0,,,,
SII-009,23,79,0.0,133399.0,121515.0,67000.0,121515.0,6604.0,133399.0,59771.0,67000.0,,,,
SII-009,24,80,0.0,133416.0,121999.0,66000.0,121999.0,6605.0,133416.0,58491.0,66000.0,,,,
SII-009,25,81,0.0,133433.0,122571.0,65000.0,122571.0,6606.0,133433.0,57215.0,65000.0,0.0,210298.0,466055.0,255757.0
SII-009,26,82,0.0,133484.0,123673.0,64000.0,123673.0,7677.0,133484.0,57009.0,64000.0,,,,
SII-009,27,83,0.0,133500.0,124740.0,63000.0,124740.0,7715.0,133500.0,56804.0,63000.0,,,,
SII-009,28,84,0.0,133514.0,125805.0,62000.0,125805.0,7717.0,133514.0,56600.0,62000.0,,,,
SII-009,29,85,0.0,133529.0,126871.0,61000.0,126871.0,7717.0,133529.0,56397.0,61000.0,,,,
SII-009,30,86,0.0,133543.0,133543.0,60000.0,133543.0,7718.0,133543.0,56194.0,60000.0,0.0,312912.0,634052.0,321140.0
SII-009,31,87,0.0,133557.0,133557.0,60000.0,133557.0,7719.0,133557.0,55992.0,60000.0,,,,
SII-009,32,88,0.0,133572.0,133572.0,60000.0,133572.0,7720.0,133572.0,55791.0,60000.0,,,,
SII-009,33,89,0.0,133586.0,133586.0,60000.0,133586.0,7721.0,133586.0,55590.0,60000.0,,,,
SII-009,34,90,0.0,133601.0,133601.0,60000.0,133601.0,7722.0,133601.0,55391.0,60000.0,,,,
SII-009,35,91,0.0,133615.0,133615.0,60000.0,133615.0,7722.0,133615.0,55191.0,60000.0,0.0,481255.0,862606.0,381350.0
SII-009,36,92,0.0,133629.0,133629.0,60000.0,133629.0,7723.0,133629.0,54993.0,60000.0,,,,
SII-009,37,93,0.0,133644.0,133644.0,60000.0,133644.0,7724.0,133644.0,54795.0,60000.0,,,,
SII-009,38,94,0.0,133658.0,133658.0,60000.0,133658.0,7725.0,133658.0,54599.0,60000.0,,,,
SII-009,39,95,0.0,133673.0,133673.0,60000.0,133673.0,7726.0,133673.0,54402.0,60000.0,,,,
SII-009,40,96,0.0,133687.0,133687.0,60000.0,133687.0,7727.0,133687.0,54207.0,60000.0,0.0,725704.0,1173545.0,447842.0
SII-009,41,97,0.0,133701.0,133701.0,60000.0,133701.0,7727.0,133701.0,54012.0,60000.0,,,,
SII-009,42,98,0.0,133716.0,133716.0,60000.0,133716.0,7728.0,133716.0,53818.0,60000.0,,,,
SII-009,43,99,0.0,133730.0,133730.0,60000.0,133730.0,7729.0,133730.0,53624.0,60000.0,,,,
SII-009,44,100,0.0,133745.0,133745.0,60000.0,133745.0,7730.0,133745.0,53432.0,60000.0,,,,
SII-009,45,101,0.0,133759.0,133759.0,60000.0,133759.0,7731.0,133759.0,53240.0,60000.0,,,,
SII-009,46,102,0.0,133774.0,133774.0,60000.0,133774.0,7732.0,133774.0,53048.0,60000.0,,,,
SII-009,47,103,0.0,133788.0,133788.0,60000.0,133788.0,7732.0,133788.0,52858.0,60000.0,,,,
SII-009,48,104,0.0,133802.0,133802.0,60000.0,133802.0,7733.0,133802.0,52668.0,60000.0,,,,
SII-009,49,105,0.0,133817.0,133817.0,60000.0,133817.0,7734.0,133817.0,52478.0,60000.0,,,,
SII-009,50,106,0.0,133831.0,133831.0,60000.0,133831.0,7735.0,133831.0,52290.0,60000.0,,,,
SII-009,51,107,0.0,133846.0,133846.0,60000.0,133846.0,7736.0,133846.0,52102.0,60000.0,,,,
SII-009,52,108,0.0,133860.0,133860.0,60000.0,133860.0,7737.0,133860.0,51915.0,60000.0,,,,
SII-009,53,109,0.0,133875.0,133875.0,60000.0,133875.0,7737.0,133875.0,51728.0,60000.0,,,,
SII-009,54,110,0.0,133889.0,133889.0,60000.0,133889.0,7738.0,133889.0,51542.0,60000.0,,,,
SII-009,55,111,0.0,133903.0,133903.0,60000.0,133903.0,7739.0,133903.0,51357.0,60000.0,,,,
SII-009,56,112,0.0,133918.0,133918.0,60000.0,133918.0,7740.0,133918.0,51172.0,60000.0,,,,
SII-009,57,113,0.0,133932.0,133932.0,60000.0,133932.0,7741.0,133932.0,50988.0,60000.0,,,,
SII-009,58,114,0.0,133947.0,133947.0,60000.0,133947.0,7742.0,133947.0,50805.0,60000.0,,,,
SII-009,59,115,0.0,133961.0,133961.0,60000.0,133961.0,7743.0,133961.0,50622.0,60000.0,,,,
SII-009,60,116,0.0,133976.0,133976.0,60000.0,133976.0,7743.0,133976.0,50441.0,60000.0,,,,
SII-009,61,117,0.0,133990.0,133990.0,60000.0,133990.0,7744.0,133990.0,50259.0,60000.0,,,,
SII-009,62,118,0.0,134005.0,134005.0,60000.0,134005.0,7745.0,134005.0,50079.0,60000.0,,,,
SII-009,63,119,0.0,134019.0,134019.0,60000.0,134019.0,7746.0,134019.0,49899.0,60000.0,,,,
SII-009,64,120,0.0,134033.0,134033.0,60000.0,134033.0,7747.0,134033.0,49719.0,60000.0,,,,
SII-009,65,121,0.0,134048.0,134048.0,60000.0,134048.0,7747.0,134048.0,49541.0,60000.0,,,,
SII-009,66,122,0.0,134062.0,134062.0,60000.0,134062.0,7748.0,134062.0,49363.0,60000.0,,,,
SII-009,67,123,0.0,134077.0,134077.0,60000.0,134077.0,7749.0,134077.0,49185.0,60000.0,,,,
SII-009,68,124,0.0,134091.0,134091.0,60000.0,134091.0,7750.0,134091.0,49008.0,60000.0,,,,
SII-009,69,125,0.0,134106.0,134106.0,60000.0,134106.0,7751.0,134106.0,48832.0,60000.0,,,,
SII-010,1,57,100000.0,94902.0,78902.0,80000.0,80000.0,0.0,105000.0,89144.0,80000.0,0.0,26350.0,106350.0,80000.0
SII-010,2,58,0.0,99438.0,81978.0,80000.0,81978.0,0.0,105000.0,87757.0,80000.0,0.0,31125.0,113103.0,81978.0
SII-010,3,59,0.0,104245.0,85325.0,80000.0,85325.0,0.0,105000.0,86376.0,80000.0,0.0,34960.0,120285.0,85325.0
SII-010,4,60,0.0,109340.0,88960.0,80000.0,88960.0,0.0,109340.0,85000.0,80000.0,0.0,38963.0,127923.0,88960.0
SII-010,5,61,0.0,114739.0,92899.0,80000.0,92899.0,0.0,114739.0,83629.0,80000.0,0.0,43147.0,136047.0,92899.0
SII-010,6,62,0.0,120462.0,97162.0,80000.0,97162.0,0.0,120462.0,82262.0,80000.0,0.0,47524.0,144685.0,97162.0
SII-010,7,63,0.0,126526.0,101766.0,80000.0,101766.0,0.0,126526.0,80901.0,80000.0,0.0,52107.0,153873.0,101766.0
SII-010,8,64,0.0,132953.0,110733.0,80000.0,110733.0,0.0,132953.0,79544.0,80000.0,0.0,52911.0,163644.0,110733.0
SII-010,9,65,0.0,139765.0,120085.0,80000.0,120085.0,0.0,139765.0,78193.0,80000.0,0.0,53951.0,174035.0,120085.0
SII-010,10,66,0.0,146983.0,130343.0,80000.0,130343.0,0.0,146983.0,76846.0,80000.0,0.0,54744.0,185087.0,130343.0
SII-010,11,67,0.0,154634.0,140472.0,79000.0,140472.0,0.0,154634.0,75504.0,79000.0,0.0,,,
SII-010,12,68,0.0,162742.0,148609.0,78000.0,148609.0,0.0,162742.0,74167.0,78000.0,0.0,,,
SII-010,13,69,0.0,171335.0,157319.0,77000.0,157319.0,0.0,171335.0,72834.0,77000.0,0.0,,,
SII-010,14,70,0.0,171605.0,157749.0,76000.0,157749.0,8557.0,171605.0,71507.0,76000.0,0.0,,,
SII-010,15,71,0.0,171633.0,157938.0,75000.0,157938.0,8806.0,171633.0,70184.0,75000.0,0.0,76142.0,251804.0,175662.0
SII-010,16,72,0.0,171654.0,158076.0,74000.0,158076.0,8815.0,171654.0,68866.0,74000.0,0.0,,,
SII-010,17,73,0.0,171675.0,158360.0,73000.0,158360.0,8816.0,171675.0,67553.0,73000.0,0.0,,,
SII-010,18,74,0.0,171696.0,158542.0,72000.0,158542.0,8817.0,171696.0,66244.0,72000.0,0.0,,,
SII-010,19,75,0.0,171717.0,158840.0,71000.0,158840.0,8819.0,171717.0,64940.0,71000.0,0.0,,,
SII-010,20,76,0.0,171739.0,158978.0,70000.0,158978.0,8820.0,171739.0,63641.0,70000.0,0.0,117642.0,342570.0,224928.0
SII-010,21,77,0.0,171760.0,159204.0,69000.0,159204.0,8821.0,171760.0,62347.0,69000.0,,,,
SII-010,22,78,0.0,171781.0,159517.0,68000.0,159517.0,8822.0,171781.0,61057.0,68000.0,,,,
SII-010,23,79,0.0,171802.0,159918.0,67000.0,159918.0,8824.0,171802.0,59771.0,67000.0,,,,
SII-010,24,80,0.0,171823.0,160406.0,66000.0,160406.0,8825.0,171823.0,58491.0,66000.0,,,,
SII-010,25,81,0.0,171844.0,160982.0,65000.0,160982.0,8826.0,171844.0,57215.0,65000.0,0.0,185846.0,466055.0,280209.0
SII-010,26,82,0.0,171899.0,162088.0,64000.0,162088.0,9897.0,171899.0,57009.0,64000.0,,,,
SII-010,27,83,0.0,171919.0,163159.0,63000.0,163159.0,9935.0,171919.0,56804.0,63000.0,,,,
SII-010,28,84,0.0,171938.0,164229.0,62000.0,164229.0,9937.0,171938.0,56600.0,62000.0,,,,
SII-010,29,85,0.0,171956.0,165299.0,61000.0,165299.0,9938.0,171956.0,56397.0,61000.0,,,,
SII-010,30,86,0.0,171975.0,171975.0,60000.0,171975.0,9939.0,171975.0,56194.0,60000.0,0.0,278210.0,634052.0,355842.0
SII-010,31,87,0.0,171993.0,171993.0,60000.0,171993.0,9941.0,171993.0,55992.0,60000.0,,,,
SII-010,32,88,0.0,172012.0,172012.0,60000.0,172012.0,9942.0,172012.0,55791.0,60000.0,,,,
SII-010,33,89,0.0,172030.0,172030.0,60000.0,172030.0,9943.0,172030.0,55590.0,60000.0,,,,
SII-010,34,90,0.0,172049.0,172049.0,60000.0,172049.0,9944.0,172049.0,55391.0,60000.0,,,,
SII-010,35,91,0.0,172067.0,172067.0,60000.0,172067.0,9945.0,172067.0,55191.0,60000.0,0.0,435234.0,862606.0,427372.0
SII-010,36,92,0.0,172086.0,172086.0,60000.0,172086.0,9946.0,172086.0,54993.0,60000.0,,,,
SII-010,37,93,0.0,172105.0,172105.0,60000.0,172105.0,9947.0,172105.0,54795.0,60000.0,,,,
SII-010,38,94,0.0,172123.0,172123.0,60000.0,172123.0,9948.0,172123.0,54599.0,60000.0,,,,
SII-010,39,95,0.0,172142.0,172142.0,60000.0,172142.0,9949.0,172142.0,54402.0,60000.0,,,,
SII-010,40,96,0.0,172160.0,172160.0,60000.0,172160.0,9950.0,172160.0,54207.0,60000.0,0.0,667179.0,1173545.0,506366.0
SII-010,41,97,0.0,172179.0,172179.0,60000.0,172179.0,9951.0,172179.0,54012.0,60000.0,,,,
SII-010,42,98,0.0,172198.0,172198.0,60000.0,172198.0,9952.0,172198.0,53818.0,60000.0,,,,
SII-010,43,99,0.0,172216.0,172216.0,60000.0,172216.0,9953.0,172216.0,53624.0,60000.0,,,,
SII-010,44,100,0.0,172235.0,172235.0,60000.0,172235.0,9954.0,172235.0,53432.0,60000.0,,,,
SII-010,45,101,0.0,172253.0,172253.0,60000.0,172253.0,9956.0,172253.0,53240.0,60000.0,,,,
SII-010,46,102,0.0,172272.0,172272.0,60000.0,172272.0,9957.0,172272.0,53048.0,60000.0,,,,
SII-010,47,103,0.0,172290.0,172290.0,60000.0,172290.0,9958.0,172290.0,52858.0,60000.0,,,,
SII-010,48,104,0.0,172309.0,172309.0,60000.0,172309.0,9959.0,172309.0,52668.0,60000.0,,,,
SII-010,49,105,0.0,172328.0,172328.0,60000.0,172328.0,9960.0,172328.0,52478.0,60000.0,,,,
SII-010,50,106,0.0,172346.0,172346.0,60000.0,172346.0,9961.0,172346.0,52290.0,60000.0,,,,
SII-010,51,107,0.0,172365.0,172365.0,60000.0,172365.0,9962.0,172365.0,52102.0,60000.0,,,,
SII-010,52,108,0.0,172383.0,172383.0,60000.0,172383.0,9963.0,172383.0,51915.0,60000.0,,,,
SII-010,53,109,0.0,172402.0,172402.0,60000.0,172402.0,9964.0,172402.0,51728.0,60000.0,,,,
SII-010,54,110,0.0,172420.0,172420.0,60000.0,172420.0,9965.0,172420.0,51542.0,60000.0,,,,
SII-010,55,111,0.0,172439.0,172439.0,60000.0,172439.0,9966.0,172439.0,51357.0,60000.0,,,,
SII-010,56,112,0.0,172457.0,172457.0,60000.0,172457.0,9967.0,172457.0,51172.0,60000.0,,,,
SII-010,57,113,0.0,172476.0,172476.0,60000.0,172476.0,9968.0,172476.0,50988.0,60000.0,,,,
SII-010,58,114,0.0,172495.0,172495.0,60000.0,172495.0,9970.0,172495.0,50805.0,60000.0,,,,
SII-010,59,115,0.0,172513.0,172513.0,60000.0,172513.0,9971.0,172513.0,50622.0,60000.0,,,,
SII-010,60,116,0.0,172532.0,172532.0,60000.0,172532.0,9972.0,172532.0,50441.0,60000.0,,,,
SII-010,61,117,0.0,172550.0,172550.0,60000.0,172550.0,9973.0,172550.0,50259.0,60000.0,,,,
SII-010,62,118,0.0,172569.0,172569.0,60000.0,172569.0,9974.0,172569.0,50079.0,60000.0,,,,
SII-010,63,119,0.0,172588.0,172588.0,60000.0,172588.0,9975.0,172588.0,49899.0,60000.0,,,,
SII-010,64,120,0.0,172606.0,172606.0,60000.0,172606.0,9976.0,172606.0,49719.0,60000.0,,,,
SII-010,65,121,0.0,172625.0,172625.0,60000.0,172625.0,9977.0,172625.0,49541.0,60000.0,,,,
SII-010,66,122,0.0,172643.0,172643.0,60000.0,172643.0,9978.0,172643.0,49363.0,60000.0,,,,
SII-010,67,123,0.0,172662.0,172662.0,60000.0,172662.0,9979.0,172662.0,49185.0,60000.0,,,,
SII-010,68,124,0.0,172680.0,172680.0,60000.0,172680.0,9980.0,172680.0,49008.0,60000.0,,,,
SII-010,69,125,0.0,172699.0,172699.0,60000.0,172699.0,9981.0,172699.0,48832.0,60000.0,,,,
SII-011,1,47,100000.0,92303.0,60303.0,60000.0,60303.0,0.0,105000.0,86618.0,60000.0,0.0,46047.0,106350.0,60303.0
SII-011,2,48,100000.0,193576.0,158656.0,160000.0,160000.0,0.0,210000.0,176342.0,160000.0,0.0,59453.0,219453.0,160000.0
SII-011,3,49,0.0,202873.0,165033.0,160000.0,165033.0,0.0,210000.0,173577.0,160000.0,0.0,68356.0,233389.0,165033.0
SII-011,4,50,0.0,203169.0,162409.0,160000.0,162409.0,9254.0,203169.0,170821.0,160000.0,0.0,76446.0,248209.0,171763.0
SII-011,5,51,0.0,203203.0,159523.0,160000.0,160000.0,9525.0,203203.0,168076.0,160000.0,0.0,84801.0,263970.0,179169.0
SII-011,6,52,0.0,203231.0,156631.0,160000.0,160000.0,9534.0,203231.0,165340.0,160000.0,0.0,91543.0,280732.0,189189.0
SII-011,7,53,0.0,203257.0,153737.0,160000.0,160000.0,9536.0,203257.0,162614.0,160000.0,0.0,99147.0,298559.0,199412.0
SII-011,8,54,0.0,203284.0,158844.0,160000.0,160000.0,9537.0,203284.0,159898.0,160000.0,0.0,107676.0,317517.0,209841.0
SII-011,9,55,0.0,203311.0,163951.0,160000.0,163951.0,9539.0,203311.0,157191.0,160000.0,0.0,113249.0,337679.0,224430.0
SII-011,10,56,0.0,203338.0,170056.0,160000.0,170056.0,9540.0,203338.0,154495.0,160000.0,0.0,117733.0,359122.0,241389.0
SII-011,11,57,0.0,203365.0,175041.0,158000.0,175041.0,9542.0,203365.0,151808.0,158000.0,0.0,,,
SII-011,12,58,0.0,203392.0,175126.0,156000.0,175126.0,9544.0,203392.0,149130.0,156000.0,0.0,,,
SII-011,13,59,0.0,203418.0,175386.0,154000.0,175386.0,9545.0,203418.0,146463.0,154000.0,0.0,,,
SII-011,14,60,0.0,203445.0,175735.0,152000.0,175735.0,9547.0,203445.0,143805.0,152000.0,0.0,,,
SII-011,15,61,0.0,203472.0,176083.0,150000.0,176083.0,9548.0,203472.0,141156.0,150000.0,0.0,183525.0,488573.0,305048.0
SII-011,16,62,0.0,203499.0,176343.0,148000.0,176343.0,9550.0,203499.0,138517.0,148000.0,0.0,,,
SII-011,17,63,0.0,203526.0,176895.0,146000.0,176895.0,9551.0,203526.0,135887.0,146000.0,0.0,,,
SII-011,18,64,0.0,203553.0,177243.0,144000.0,177243.0,9553.0,203553.0,133267.0,144000.0,0.0,,,
SII-011,19,65,0.0,203580.0,177825.0,142000.0,177825.0,9554.0,203580.0,130657.0,142000.0,0.0,,,
SII-011,20,66,0.0,203606.0,178086.0,140000.0,178086.0,9556.0,203606.0,128055.0,140000.0,0.0,293962.0,664687.0,370725.0
SII-011,21,67,0.0,203633.0,178521.0,138000.0,178521.0,9558.0,203633.0,125463.0,138000.0,,,,
SII-011,22,68,0.0,203660.0,179132.0,136000.0,179132.0,9559.0,203660.0,122881.0,136000.0,,,,
SII-011,23,69,0.0,203687.0,179918.0,134000.0,179918.0,9561.0,203687.0,120308.0,134000.0,,,,
SII-011,24,70,0.0,203714.0,180880.0,132000.0,180880.0,9562.0,203714.0,117743.0,132000.0,,,,
SII-011,25,71,0.0,203741.0,182016.0,130000.0,182016.0,9564.0,203741.0,115189.0,130000.0,0.0,459287.0,904283.0,444996.0
SII-011,26,72,0.0,203836.0,184214.0,128000.0,184214.0,11705.0,203836.0,114775.0,128000.0,,,,
SII-011,27,73,0.0,203861.0,186341.0,126000.0,186341.0,11780.0,203861.0,114362.0,126000.0,,,,
SII-011,28,74,0.0,203883.0,188465.0,124000.0,188465.0,11784.0,203883.0,113951.0,124000.0,,,,
SII-011,29,75,0.0,203905.0,190589.0,122000.0,190589.0,11785.0,203905.0,113542.0,122000.0,,,,
SII-011,30,76,0.0,203927.0,203927.0,120000.0,203927.0,11786.0,203927.0,113133.0,120000.0,0.0,674069.0,1230246.0,556177.0
SII-011,31,77,0.0,203949.0,203949.0,120000.0,203949.0,11787.0,203949.0,112727.0,120000.0,,,,
SII-011,32,78,0.0,203971.0,203971.0,120000.0,203971.0,11789.0,203971.0,112322.0,120000.0,,,,
SII-011,33,79,0.0,203992.0,203992.0,120000.0,203992.0,11790.0,203992.0,111918.0,120000.0,,,,
SII-011,34,80,0.0,204014.0,204014.0,120000.0,204014.0,11791.0,204014.0,111516.0,120000.0,,,,
SII-011,35,81,0.0,204036.0,204036.0,120000.0,204036.0,11793.0,204036.0,111115.0,120000.0,0.0,1018740.0,1673706.0,654967.0
SII-011,36,82,0.0,204058.0,204058.0,120000.0,204058.0,11794.0,204058.0,110716.0,120000.0,,,,
SII-011,37,83,0.0,204080.0,204080.0,120000.0,204080.0,11795.0,204080.0,110318.0,120000.0,,,,
SII-011,38,84,0.0,204102.0,204102.0,120000.0,204102.0,11796.0,204102.0,109921.0,120000.0,,,,
SII-011,39,85,0.0,204124.0,204124.0,120000.0,204124.0,11798.0,204124.0,109526.0,120000.0,,,,
SII-011,40,86,0.0,204146.0,204146.0,120000.0,204146.0,11799.0,204146.0,109132.0,120000.0,0.0,1512958.0,2277019.0,764061.0
SII-011,41,87,0.0,204168.0,204168.0,120000.0,204168.0,11800.0,204168.0,108740.0,120000.0,,,,
SII-011,42,88,0.0,204190.0,204190.0,120000.0,204190.0,11801.0,204190.0,108349.0,120000.0,,,,
SII-011,43,89,0.0,204212.0,204212.0,120000.0,204212.0,11803.0,204212.0,107960.0,120000.0,,,,
SII-011,44,90,0.0,204234.0,204234.0,120000.0,204234.0,11804.0,204234.0,107572.0,120000.0,,,,
SII-011,45,91,0.0,204256.0,204256.0,120000.0,204256.0,11805.0,204256.0,107185.0,120000.0,,,,
SII-011,46,92,0.0,204278.0,204278.0,120000.0,204278.0,11806.0,204278.0,106800.0,120000.0,,,,
SII-011,47,93,0.0,204300.0,204300.0,120000.0,204300.0,11808.0,204300.0,106416.0,120000.0,,,,
SII-011,48,94,0.0,204322.0,204322.0,120000.0,204322.0,11809.0,204322.0,106034.0,120000.0,,,,
SII-011,49,95,0.0,204345.0,204345.0,120000.0,204345.0,11810.0,204345.0,105653.0,120000.0,,,,
SII-011,50,96,0.0,204367.0,204367.0,120000.0,204367.0,11812.0,204367.0,105273.0,120000.0,,,,
SII-011,51,97,0.0,204389.0,204389.0,120000.0,204389.0,11813.0,204389.0,104895.0,120000.0,,,,
SII-011,52,98,0.0,204411.0,204411.0,120000.0,204411.0,11814.0,204411.0,104518.0,120000.0,,,,
SII-011,53,99,0.0,204433.0,204433.0,120000.0,204433.0,11815.0,204433.0,104142.0,120000.0,,,,
SII-011,54,100,0.0,204455.0,204455.0,120000.0,204455.0,11817.0,204455.0,103768.0,120000.0,,,,
SII-011,55,101,0.0,204477.0,204477.0,120000.0,204477.0,11818.0,204477.0,103395.0,120000.0,,,,
SII-011,56,102,0.0,204499.0,204499.0,120000.0,204499.0,11819.0,204499.0,103023.0,120000.0,,,,
SII-011,57,103,0.0,204521.0,204521.0,120000.0,204521.0,11820.0,204521.0,102653.0,120000.0,,,,
SII-011,58,104,0.0,204543.0,204543.0,120000.0,204543.0,11822.0,204543.0,102284.0,120000.0,,,,
SII-011,59,105,0.0,204565.0,204565.0,120000.0,204565.0,11823.0,204565.0,101916.0,120000.0,,,,
SII-011,60,106,0.0,204587.0,204587.0,120000.0,204587.0,11824.0,204587.0,101550.0,120000.0,,,,
SII-011,61,107,0.0,204609.0,204609.0,120000.0,204609.0,11826.0,204609.0,101185.0,120000.0,,,,
SII-011,62,108,0.0,204631.0,204631.0,120000.0,204631.0,11827.0,204631.0,100821.0,120000.0,,,,
SII-011,63,109,0.0,204653.0,204653.0,120000.0,204653.0,11828.0,204653.0,100459.0,120000.0,,,,
SII-011,64,110,0.0,204675.0,204675.0,120000.0,204675.0,11829.0,204675.0,100098.0,120000.0,,,,
SII-011,65,111,0.0,204697.0,204697.0,120000.0,204697.0,11831.0,204697.0,99738.0,120000.0,,,,
SII-011,66,112,0.0,204719.0,204719.0,120000.0,204719.0,11832.0,204719.0,99380.0,120000.0,,,,
SII-011,67,113,0.0,204741.0,204741.0,120000.0,204741.0,11833.0,204741.0,99023.0,120000.0,,,,
SII-011,68,114,0.0,204764.0,204764.0,120000.0,204764.0,11835.0,204764.0,98667.0,120000.0,,,,
SII-011,69,115,0.0,204786.0,204786.0,120000.0,204786.0,11836.0,204786.0,98312.0,120000.0,,,,
SII-011,70,116,0.0,204808.0,204808.0,120000.0,204808.0,11837.0,204808.0,97959.0,120000.0,,,,
SII-011,71,117,0.0,204830.0,204830.0,120000.0,204830.0,11838.0,204830.0,97607.0,120000.0,,,,
SII-011,72,118,0.0,204852.0,204852.0,120000.0,204852.0,11840.0,204852.0,97256.0,120000.0,,,,
SII-011,73,119,0.0,204874.0,204874.0,120000.0,204874.0,11841.0,204874.0,96906.0,120000.0,,,,
SII-011,74,120,0.0,204896.0,204896.0,120000.0,204896.0,11842.0,204896.0,96558.0,120000.0,,,,
SII-011,75,121,0.0,204918.0,204918.0,120000.0,204918.0,11843.0,204918.0,96211.0,120000.0,,,,
SII-011,76,122,0.0,204940.0,204940.0,120000.0,204940.0,11845.0,204940.0,95865.0,120000.0,,,,
SII-011,77,123,0.0,204962.0,204962.0,120000.0,204962.0,11846.0,204962.0,95521.0,120000.0,,,,
SII-011,78,124,0.0,204985.0,204985.0,120000.0,204985.0,11847.0,204985.0,95177.0,120000.0,,,,
SII-011,79,125,0.0,205007.0,205007.0,120000.0,205007.0,11849.0,205007.0,94835.0,120000.0,,,,
SII-012,1,47,100000.0,92303.0,60303.0,60000.0,60303.0,0.0,105000.0,86618.0,60000.0,0.0,46047.0,106350.0,60303.0
SII-012,2,48,100000.0,193576.0,158656.0,160000.0,160000.0,0.0,210000.0,176342.0,160000.0,0.0,59453.0,219453.0,160000.0
SII-012,3,49,0.0,202873.0,165033.0,160000.0,165033.0,0.0,210000.0,173577.0,160000.0,0.0,68356.0,233389.0,165033.0
SII-012,4,50,0.0,212726.0,171966.0,160000.0,171966.0,0.0,212726.0,170821.0,160000.0,0.0,76243.0,248209.0,171966.0
SII-012,5,51,0.0,213039.0,169359.0,160000.0,169359.0,9808.0,213039.0,168076.0,160000.0,0.0,84696.0,263970.0,179273.0
SII-012,6,52,0.0,213075.0,166475.0,160000.0,166475.0,10095.0,213075.0,165340.0,160000.0,0.0,93940.0,280732.0,186792.0
SII-012,7,53,0.0,213104.0,163584.0,160000.0,163584.0,10105.0,213104.0,162614.0,160000.0,0.0,104039.0,298559.0,194520.0
SII-012,8,54,0.0,213131.0,168691.0,160000.0,168691.0,10107.0,213131.0,159898.0,160000.0,0.0,107055.0,317517.0,210462.0
SII-012,9,55,0.0,213159.0,173799.0,160000.0,173799.0,10108.0,213159.0,157191.0,160000.0,0.0,111057.0,337679.0,226623.0
SII-012,10,56,0.0,213187.0,179906.0,160000.0,179906.0,10110.0,213187.0,154495.0,160000.0,0.0,115118.0,359122.0,244004.0
SII-012,11,57,0.0,213215.0,184891.0,158000.0,184891.0,10111.0,213215.0,151808.0,158000.0,0.0,,,
SII-012,12,58,0.0,213243.0,184977.0,156000.0,184977.0,10113.0,213243.0,149130.0,156000.0,0.0,,,
SII-012,13,59,0.0,213271.0,185239.0,154000.0,185239.0,10115.0,213271.0,146463.0,154000.0,0.0,,,
SII-012,14,60,0.0,213299.0,185588.0,152000.0,185588.0,10116.0,213299.0,143805.0,152000.0,0.0,,,
SII-012,15,61,0.0,213327.0,185937.0,150000.0,185937.0,10118.0,213327.0,141156.0,150000.0,0.0,178661.0,488573.0,309912.0
SII-012,16,62,0.0,213355.0,186199.0,148000.0,186199.0,10119.0,213355.0,138517.0,148000.0,0.0,,,
SII-012,17,63,0.0,213383.0,186752.0,146000.0,186752.0,10121.0,213383.0,135887.0,146000.0,0.0,,,
SII-012,18,64,0.0,213410.0,187101.0,144000.0,187101.0,10123.0,213410.0,133267.0,144000.0,0.0,,,
SII-012,19,65,0.0,213438.0,187684.0,142000.0,187684.0,10124.0,213438.0,130657.0,142000.0,0.0,,,
SII-012,20,66,0.0,213466.0,187945.0,140000.0,187945.0,10126.0,213466.0,128055.0,140000.0,0.0,286616.0,664687.0,378071.0
SII-012,21,67,0.0,213494.0,188382.0,138000.0,188382.0,10127.0,213494.0,125463.0,138000.0,,,,
SII-012,22,68,0.0,213522.0,188994.0,136000.0,188994.0,10129.0,213522.0,122881.0,136000.0,,,,
SII-012,23,69,0.0,213550.0,189781.0,134000.0,189781.0,10131.0,213550.0,120308.0,134000.0,,,,
SII-012,24,70,0.0,213578.0,190744.0,132000.0,190744.0,10132.0,213578.0,117743.0,132000.0,,,,
SII-012,25,71,0.0,213606.0,191881.0,130000.0,191881.0,10134.0,213606.0,115189.0,130000.0,0.0,449198.0,904283.0,455085.0
SII-012,26,72,0.0,213703.0,194080.0,128000.0,194080.0,12276.0,213703.0,114775.0,128000.0,,,,
SII-012,27,73,0.0,213728.0,196208.0,126000.0,196208.0,12350.0,213728.0,114362.0,126000.0,,,,
SII-012,28,74,0.0,213751.0,198333.0,124000.0,198333.0,12354.0,213751.0,113951.0,124000.0,,,,
SII-012,29,75,0.0,213774.0,200459.0,122000.0,200459.0,12355.0,213774.0,113542.0,122000.0,,,,
SII-012,30,76,0.0,213797.0,213797.0,120000.0,213797.0,12357.0,213797.0,113133.0,120000.0,0.0,660951.0,1230246.0,569294.0
SII-012,31,77,0.0,213820.0,213820.0,120000.0,213820.0,12358.0,213820.0,112727.0,120000.0,,,,
SII-012,32,78,0.0,213843.0,213843.0,120000.0,213843.0,12359.0,213843.0,112322.0,120000.0,,,,
SII-012,33,79,0.0,213866.0,213866.0,120000.0,213866.0,12361.0,213866.0,111918.0,120000.0,,,,
SII-012,34,80,0.0,213889.0,213889.0,120000.0,213889.0,12362.0,213889.0,111516.0,120000.0,,,,
SII-012,35,81,0.0,213913.0,213913.0,120000.0,213913.0,12363.0,213913.0,111115.0,120000.0,0.0,1002277.0,1673706.0,671430.0
SII-012,36,82,0.0,213936.0,213936.0,120000.0,213936.0,12365.0,213936.0,110716.0,120000.0,,,,
SII-012,37,83,0.0,213959.0,213959.0,120000.0,213959.0,12366.0,213959.0,110318.0,120000.0,,,,
SII-012,38,84,0.0,213982.0,213982.0,120000.0,213982.0,12367.0,213982.0,109921.0,120000.0,,,,
SII-012,39,85,0.0,214005.0,214005.0,120000.0,214005.0,12369.0,214005.0,109526.0,120000.0,,,,
SII-012,40,86,0.0,214028.0,214028.0,120000.0,214028.0,12370.0,214028.0,109132.0,120000.0,0.0,1492801.0,2277019.0,784218.0
SII-012,41,87,0.0,214051.0,214051.0,120000.0,214051.0,12371.0,214051.0,108740.0,120000.0,,,,
SII-012,42,88,0.0,214074.0,214074.0,120000.0,214074.0,12373.0,214074.0,108349.0,120000.0,,,,
SII-012,43,89,0.0,214097.0,214097.0,120000.0,214097.0,12374.0,214097.0,107960.0,120000.0,,,,
SII-012,44,90,0.0,214120.0,214120.0,120000.0,214120.0,12375.0,214120.0,107572.0,120000.0,,,,
SII-012,45,91,0.0,214143.0,214143.0,120000.0,214143.0,12377.0,214143.0,107185.0,120000.0,,,,
SII-012,46,92,0.0,214166.0,214166.0,120000.0,214166.0,12378.0,214166.0,106800.0,120000.0,,,,
SII-012,47,93,0.0,214189.0,214189.0,120000.0,214189.0,12379.0,214189.0,106416.0,120000.0,,,,
SII-012,48,94,0.0,214212.0,214212.0,120000.0,214212.0,12381.0,214212.0,106034.0,120000.0,,,,
SII-012,49,95,0.0,214235.0,214235.0,120000.0,214235.0,12382.0,214235.0,105653.0,120000.0,,,,
SII-012,50,96,0.0,214259.0,214259.0,120000.0,214259.0,12383.0,214259.0,105273.0,120000.0,,,,
SII-012,51,97,0.0,214282.0,214282.0,120000.0,214282.0,12385.0,214282.0,104895.0,120000.0,,,,
SII-012,52,98,0.0,214305.0,214305.0,120000.0,214305.0,12386.0,214305.0,104518.0,120000.0,,,,
SII-012,53,99,0.0,214328.0,214328.0,120000.0,214328.0,12387.0,214328.0,104142.0,120000.0,,,,
SII-012,54,100,0.0,214351.0,214351.0,120000.0,214351.0,12389.0,214351.0,103768.0,120000.0,,,,
SII-012,55,101,0.0,214374.0,214374.0,120000.0,214374.0,12390.0,214374.0,103395.0,120000.0,,,,
SII-012,56,102,0.0,214397.0,214397.0,120000.0,214397.0,12391.0,214397.0,103023.0,120000.0,,,,
SII-012,57,103,0.0,214420.0,214420.0,120000.0,214420.0,12393.0,214420.0,102653.0,120000.0,,,,
SII-012,58,104,0.0,214443.0,214443.0,120000.0,214443.0,12394.0,214443.0,102284.0,120000.0,,,,
SII-012,59,105,0.0,214466.0,214466.0,120000.0,214466.0,12395.0,214466.0,101916.0,120000.0,,,,
SII-012,60,106,0.0,214490.0,214490.0,120000.0,214490.0,12397.0,214490.0,101550.0,120000.0,,,,
SII-012,61,107,0.0,214513.0,214513.0,120000.0,214513.0,12398.0,214513.0,101185.0,120000.0,,,,
SII-012,62,108,0.0,214536.0,214536.0,120000.0,214536.0,12399.0,214536.0,100821.0,120000.0,,,,
SII-012,63,109,0.0,214559.0,214559.0,120000.0,214559.0,12401.0,214559.0,100459.0,120000.0,,,,
SII-012,64,110,0.0,214582.0,214582.0,120000.0,214582.0,12402.0,214582.0,100098.0,120000.0,,,,
SII-012,65,111,0.0,214605.0,214605.0,120000.0,214605.0,12403.0,214605.0,99738.0,120000.0,,,,
SII-012,66,112,0.0,214628.0,214628.0,120000.0,214628.0,12405.0,214628.0,99380.0,120000.0,,,,
SII-012,67,113,0.0,214651.0,214651.0,120000.0,214651.0,12406.0,214651.0,99023.0,120000.0,,,,
SII-012,68,114,0.0,214675.0,214675.0,120000.0,214675.0,12407.0,214675.0,98667.0,120000.0,,,,
SII-012,69,115,0.0,214698.0,214698.0,120000.0,214698.0,12409.0,214698.0,98312.0,120000.0,,,,
SII-012,70,116,0.0,214721.0,214721.0,120000.0,214721.0,12410.0,214721.0,97959.0,120000.0,,,,
SII-012,71,117,0.0,214744.0,214744.0,120000.0,214744.0,12411.0,214744.0,97607.0,120000.0,,,,
SII-012,72,118,0.0,214767.0,214767.0,120000.0,214767.0,12413.0,214767.0,97256.0,120000.0,,,,
SII-012,73,119,0.0,214790.0,214790.0,120000.0,214790.0,12414.0,214790.0,96906.0,120000.0,,,,
SII-012,74,120,0.0,214814.0,214814.0,120000.0,214814.0,12415.0,214814.0,96558.0,120000.0,,,,
SII-012,75,121,0.0,214837.0,214837.0,120000.0,214837.0,12417.0,214837.0,96211.0,120000.0,,,,
SII-012,76,122,0.0,214860.0,214860.0,120000.0,214860.0,12418.0,214860.0,95865.0,120000.0,,,,
SII-012,77,123,0.0,214883.0,214883.0,120000.0,214883.0,12419.0,214883.0,95521.0,120000.0,,,,
SII-012,78,124,0.0,214906.0,214906.0,120000.0,214906.0,12421.0,214906.0,95177.0,120000.0,,,,
SII-012,79,125,0.0,214929.0,214929.0,120000.0,214929.0,12422.0,214929.0,94835.0,120000.0,,,,
SII-013,1,47,100000.0,92303.0,60303.0,60000.0,60303.0,0.0,105000.0,86618.0,60000.0,0.0,46047.0,106350.0,60303.0
SII-013,2,48,100000.0,193576.0,158656.0,160000.0,160000.0,0.0,210000.0,176342.0,160000.0,0.0,59453.0,219453.0,160000.0
SII-013,3,49,0.0,202873.0,165033.0,160000.0,165033.0,0.0,210000.0,173577.0,160000.0,0.0,68356.0,233389.0,165033.0
SII-013,4,50,0.0,212726.0,171966.0,160000.0,171966.0,0.0,212726.0,170821.0,160000.0,0.0,76243.0,248209.0,171966.0
SII-013,5,51,0.0,223168.0,179488.0,160000.0,179488.0,0.0,223168.0,168076.0,160000.0,0.0,84481.0,263970.0,179488.0
SII-013,6,52,0.0,223500.0,176900.0,160000.0,176900.0,10395.0,223500.0,165340.0,160000.0,0.0,93324.0,280732.0,187408.0
SII-013,7,53,0.0,223538.0,174018.0,160000.0,174018.0,10699.0,223538.0,162614.0,160000.0,0.0,103009.0,298559.0,195550.0
SII-013,8,54,0.0,223567.0,179127.0,160000.0,179127.0,10709.0,223567.0,159898.0,160000.0,0.0,105602.0,317517.0,211915.0
SII-013,9,55,0.0,223596.0,184236.0,160000.0,184236.0,10711.0,223596.0,157191.0,160000.0,0.0,109173.0,337679.0,228507.0
SII-013,10,56,0.0,223625.0,190343.0,160000.0,190343.0,10713.0,223625.0,154495.0,160000.0,0.0,112794.0,359122.0,246328.0
SII-013,11,57,0.0,223654.0,195330.0,158000.0,195330.0,10715.0,223654.0,151808.0,158000.0,0.0,,,
SII-013,12,58,0.0,223683.0,195417.0,156000.0,195417.0,10716.0,223683.0,149130.0,156000.0,0.0,,,
SII-013,13,59,0.0,223712.0,195680.0,154000.0,195680.0,10718.0,223712.0,146463.0,154000.0,0.0,,,
SII-013,14,60,0.0,223741.0,196030.0,152000.0,196030.0,10720.0,223741.0,143805.0,152000.0,0.0,,,
SII-013,15,61,0.0,223770.0,196380.0,150000.0,196380.0,10721.0,223770.0,141156.0,150000.0,0.0,174002.0,488573.0,314571.0
SII-013,16,62,0.0,223799.0,196643.0,148000.0,196643.0,10723.0,223799.0,138517.0,148000.0,0.0,,,
SII-013,17,63,0.0,223828.0,197198.0,146000.0,197198.0,10725.0,223828.0,135887.0,146000.0,0.0,,,
SII-013,18,64,0.0,223857.0,197548.0,144000.0,197548.0,10726.0,223857.0,133267.0,144000.0,0.0,,,
SII-013,19,65,0.0,223886.0,198132.0,142000.0,198132.0,10728.0,223886.0,130657.0,142000.0,0.0,,,
SII-013,20,66,0.0,223915.0,198395.0,140000.0,198395.0,10730.0,223915.0,128055.0,140000.0,0.0,279377.0,664687.0,385310.0
SII-013,21,67,0.0,223944.0,198832.0,138000.0,198832.0,10731.0,223944.0,125463.0,138000.0,,,,
SII-013,22,68,0.0,223973.0,199445.0,136000.0,199445.0,10733.0,223973.0,122881.0,136000.0,,,,
SII-013,23,69,0.0,224002.0,200234.0,134000.0,200234.0,10735.0,224002.0,120308.0,134000.0,,,,
SII-013,24,70,0.0,224031.0,201197.0,132000.0,201197.0,10737.0,224031.0,117743.0,132000.0,,,,
SII-013,25,71,0.0,224061.0,202336.0,130000.0,202336.0,10738.0,224061.0,115189.0,130000.0,0.0,439110.0,904283.0,465173.0
SII-013,26,72,0.0,224159.0,204536.0,128000.0,204536.0,12880.0,224159.0,114775.0,128000.0,,,,
SII-013,27,73,0.0,224185.0,206665.0,126000.0,206665.0,12955.0,224185.0,114362.0,126000.0,,,,
SII-013,28,74,0.0,224209.0,208792.0,124000.0,208792.0,12958.0,224209.0,113951.0,124000.0,,,,
SII-013,29,75,0.0,224233.0,210918.0,122000.0,210918.0,12960.0,224233.0,113542.0,122000.0,,,,
SII-013,30,76,0.0,224257.0,224257.0,120000.0,224257.0,12961.0,224257.0,113133.0,120000.0,0.0,647716.0,1230246.0,582529.0
SII-013,31,77,0.0,224282.0,224282.0,120000.0,224282.0,12963.0,224282.0,112727.0,120000.0,,,,
SII-013,32,78,0.0,224306.0,224306.0,120000.0,224306.0,12964.0,224306.0,112322.0,120000.0,,,,
SII-013,33,79,0.0,224330.0,224330.0,120000.0,224330.0,12965.0,224330.0,111918.0,120000.0,,,,
SII-013,34,80,0.0,224354.0,224354.0,120000.0,224354.0,12967.0,224354.0,111516.0,120000.0,,,,
SII-013,35,81,0.0,224378.0,224378.0,120000.0,224378.0,12968.0,224378.0,111115.0,120000.0,0.0,985566.0,1673706.0,688140.0
SII-013,36,82,0.0,224403.0,224403.0,120000.0,224403.0,12970.0,224403.0,110716.0,120000.0,,,,
SII-013,37,83,0.0,224427.0,224427.0,120000.0,224427.0,12971.0,224427.0,110318.0,120000.0,,,,
SII-013,38,84,0.0,224451.0,224451.0,120000.0,224451.0,12972.0,224451.0,109921.0,120000.0,,,,
SII-013,39,85,0.0,224475.0,224475.0,120000.0,224475.0,12974.0,224475.0,109526.0,120000.0,,,,
SII-013,40,86,0.0,224499.0,224499.0,120000.0,224499.0,12975.0,224499.0,109132.0,120000.0,0.0,1472252.0,2277019.0,804768.0
SII-013,41,87,0.0,224523.0,224523.0,120000.0,224523.0,12977.0,224523.0,108740.0,120000.0,,,,
SII-013,42,88,0.0,224548.0,224548.0,120000.0,224548.0,12978.0,224548.0,108349.0,120000.0,,,,
SII-013,43,89,0.0,224572.0,224572.0,120000.0,224572.0,12979.0,224572.0,107960.0,120000.0,,,,
SII-013,44,90,0.0,224596.0,224596.0,120000.0,224596.0,12981.0,224596.0,107572.0,120000.0,,,,
SII-013,45,91,0.0,224620.0,224620.0,120000.0,224620.0,12982.0,224620.0,107185.0,120000.0,,,,
SII-013,46,92,0.0,224645.0,224645.0,120000.0,224645.0,12984.0,224645.0,106800.0,120000.0,,,,
SII-013,47,93,0.0,224669.0,224669.0,120000.0,224669.0,12985.0,224669.0,106416.0,120000.0,,,,
SII-013,48,94,0.0,224693.0,224693.0,120000.0,224693.0,12986.0,224693.0,106034.0,120000.0,,,,
SII-013,49,95,0.0,224717.0,224717.0,120000.0,224717.0,12988.0,224717.0,105653.0,120000.0,,,,
SII-013,50,96,0.0,224741.0,224741.0,120000.0,224741.0,12989.0,224741.0,105273.0,120000.0,,,,
SII-013,51,97,0.0,224766.0,224766.0,120000.0,224766.0,12991.0,224766.0,104895.0,120000.0,,,,
SII-013,52,98,0.0,224790.0,224790.0,120000.0,224790.0,12992.0,224790.0,104518.0,120000.0,,,,
SII-013,53,99,0.0,224814.0,224814.0,120000.0,224814.0,12993.0,224814.0,104142.0,120000.0,,,,
SII-013,54,100,0.0,224838.0,224838.0,120000.0,224838.0,12995.0,224838.0,103768.0,120000.0,,,,
SII-013,55,101,0.0,224863.0,224863.0,120000.0,224863.0,12996.0,224863.0,103395.0,120000.0,,,,
SII-013,56,102,0.0,224887.0,224887.0,120000.0,224887.0,12998.0,224887.0,103023.0,120000.0,,,,
SII-013,57,103,0.0,224911.0,224911.0,120000.0,224911.0,12999.0,224911.0,102653.0,120000.0,,,,
SII-013,58,104,0.0,224935.0,224935.0,120000.0,224935.0,13000.0,224935.0,102284.0,120000.0,,,,
SII-013,59,105,0.0,224960.0,224960.0,120000.0,224960.0,13002.0,224960.0,101916.0,120000.0,,,,
SII-013,60,106,0.0,224984.0,224984.0,120000.0,224984.0,13003.0,224984.0,101550.0,120000.0,,,,
SII-013,61,107,0.0,225008.0,225008.0,120000.0,225008.0,13005.0,225008.0,101185.0,120000.0,,,,
SII-013,62,108,0.0,225032.0,225032.0,120000.0,225032.0,13006.0,225032.0,100821.0,120000.0,,,,
SII-013,63,109,0.0,225057.0,225057.0,120000.0,225057.0,13007.0,225057.0,100459.0,120000.0,,,,
SII-013,64,110,0.0,225081.0,225081.0,120000.0,225081.0,13009.0,225081.0,100098.0,120000.0,,,,
SII-013,65,111,0.0,225105.0,225105.0,120000.0,225105.0,13010.0,225105.0,99738.0,120000.0,,,,
SII-013,66,112,0.0,225129.0,225129.0,120000.0,225129.0,13012.0,225129.0,99380.0,120000.0,,,,
SII-013,67,113,0.0,225154.0,225154.0,120000.0,225154.0,13013.0,225154.0,99023.0,120000.0,,,,
SII-013,68,114,0.0,225178.0,225178.0,120000.0,225178.0,13014.0,225178.0,98667.0,120000.0,,,,
SII-013,69,115,0.0,225202.0,225202.0,120000.0,225202.0,13016.0,225202.0,98312.0,120000.0,,,,
SII-013,70,116,0.0,225226.0,225226.0,120000.0,225226.0,13017.0,225226.0,97959.0,120000.0,,,,
SII-013,71,117,0.0,225251.0,225251.0,120000.0,225251.0,13019.0,225251.0,97607.0,120000.0,,,,
SII-013,72,118,0.0,225275.0,225275.0,120000.0,225275.0,13020.0,225275.0,97256.0,120000.0,,,,
SII-013,73,119,0.0,225299.0,225299.0,120000.0,225299.0,13021.0,225299.0,96906.0,120000.0,,,,
SII-013,74,120,0.0,225324.0,225324.0,120000.0,225324.0,13023.0,225324.0,96558.0,120000.0,,,,
SII-013,75,121,0.0,225348.0,225348.0,120000.0,225348.0,13024.0,225348.0,96211.0,120000.0,,,,
SII-013,76,122,0.0,225372.0,225372.0,120000.0,225372.0,13026.0,225372.0,95865.0,120000.0,,,,
SII-013,77,123,0.0,225396.0,225396.0,120000.0,225396.0,13027.0,225396.0,95521.0,120000.0,,,,
SII-013,78,124,0.0,225421.0,225421.0,120000.0,225421.0,13028.0,225421.0,95177.0,120000.0,,,,
SII-013,79,125,0.0,225445.0,225445.0,120000.0,225445.0,13030.0,225445.0,94835.0,120000.0,,,,
SII-014,1,47,100000.0,92303.0,60303.0,60000.0,60303.0,0.0,105000.0,86618.0,60000.0,0.0,46047.0,106350.0,60303.0
SII-014,2,48,100000.0,193576.0,158656.0,160000.0,160000.0,0.0,210000.0,176342.0,160000.0,0.0,59453.0,219453.0,160000.0
SII-014,3,49,0.0,202873.0,165033.0,160000.0,165033.0,0.0,210000.0,173577.0,160000.0,0.0,68356.0,233389.0,165033.0
SII-014,4,50,0.0,212726.0,171966.0,160000.0,171966.0,0.0,212726.0,170821.0,160000.0,0.0,76243.0,248209.0,171966.0
SII-014,5,51,0.0,223168.0,179488.0,160000.0,179488.0,0.0,223168.0,168076.0,160000.0,0.0,84481.0,263970.0,179488.0
SII-014,6,52,0.0,234235.0,187635.0,160000.0,187635.0,0.0,234235.0,165340.0,160000.0,0.0,93097.0,280732.0,187635.0
SII-014,7,53,0.0,234586.0,185066.0,160000.0,185066.0,11018.0,234586.0,162614.0,160000.0,0.0,102356.0,298559.0,196203.0
SII-014,8,54,0.0,234626.0,190186.0,160000.0,190186.0,11339.0,234626.0,159898.0,160000.0,0.0,104510.0,317517.0,213007.0
SII-014,9,55,0.0,234656.0,195296.0,160000.0,195296.0,11350.0,234656.0,157191.0,160000.0,0.0,107633.0,337679.0,230046.0
SII-014,10,56,0.0,234686.0,201405.0,160000.0,201405.0,11352.0,234686.0,154495.0,160000.0,0.0,110797.0,359122.0,248325.0
SII-014,11,57,0.0,234717.0,206393.0,158000.0,206393.0,11354.0,234717.0,151808.0,158000.0,0.0,,,
SII-014,12,58,0.0,234747.0,206481.0,156000.0,206481.0,11356.0,234747.0,149130.0,156000.0,0.0,,,
SII-014,13,59,0.0,234777.0,206745.0,154000.0,206745.0,11358.0,234777.0,146463.0,154000.0,0.0,,,
SII-014,14,60,0.0,234807.0,207097.0,152000.0,207097.0,11359.0,234807.0,143805.0,152000.0,0.0,,,
SII-014,15,61,0.0,234838.0,207448.0,150000.0,207448.0,11361.0,234838.0,141156.0,150000.0,0.0,169578.0,488573.0,318994.0
SII-014,16,62,0.0,234868.0,207712.0,148000.0,207712.0,11363.0,234868.0,138517.0,148000.0,0.0,,,
SII-014,17,63,0.0,234898.0,208268.0,146000.0,208268.0,11364.0,234898.0,135887.0,146000.0,0.0,,,
SII-014,18,64,0.0,234928.0,208619.0,144000.0,208619.0,11366.0,234928.0,133267.0,144000.0,0.0,,,
SII-014,19,65,0.0,234959.0,209204.0,142000.0,209204.0,11368.0,234959.0,130657.0,142000.0,0.0,,,
SII-014,20,66,0.0,234989.0,209468.0,140000.0,209468.0,11370.0,234989.0,128055.0,140000.0,0.0,272273.0,664687.0,392413.0
SII-014,21,67,0.0,235019.0,209907.0,138000.0,209907.0,11371.0,235019.0,125463.0,138000.0,,,,
SII-014,22,68,0.0,235050.0,210522.0,136000.0,210522.0,11373.0,235050.0,122881.0,136000.0,,,,
SII-014,23,69,0.0,235080.0,211311.0,134000.0,211311.0,11375.0,235080.0,120308.0,134000.0,,,,
SII-014,24,70,0.0,235110.0,212276.0,132000.0,212276.0,11377.0,235110.0,117743.0,132000.0,,,,
SII-014,25,71,0.0,235140.0,213415.0,130000.0,213415.0,11379.0,235140.0,115189.0,130000.0,0.0,429046.0,904283.0,475237.0
SII-014,26,72,0.0,235239.0,215617.0,128000.0,215617.0,13520.0,235239.0,114775.0,128000.0,,,,
SII-014,27,73,0.0,235267.0,217747.0,126000.0,217747.0,13595.0,235267.0,114362.0,126000.0,,,,
SII-014,28,74,0.0,235292.0,219875.0,124000.0,219875.0,13599.0,235292.0,113951.0,124000.0,,,,
SII-014,29,75,0.0,235318.0,222002.0,122000.0,222002.0,13600.0,235318.0,113542.0,122000.0,,,,
SII-014,30,76,0.0,235343.0,235343.0,120000.0,235343.0,13602.0,235343.0,113133.0,120000.0,0.0,634383.0,1230246.0,595863.0
SII-014,31,77,0.0,235368.0,235368.0,120000.0,235368.0,13603.0,235368.0,112727.0,120000.0,,,,
SII-014,32,78,0.0,235394.0,235394.0,120000.0,235394.0,13605.0,235394.0,112322.0,120000.0,,,,
SII-014,33,79,0.0,235419.0,235419.0,120000.0,235419.0,13606.0,235419.0,111918.0,120000.0,,,,
SII-014,34,80,0.0,235445.0,235445.0,120000.0,235445.0,13608.0,235445.0,111516.0,120000.0,,,,
SII-014,35,81,0.0,235470.0,235470.0,120000.0,235470.0,13609.0,235470.0,111115.0,120000.0,0.0,968621.0,1673706.0,705085.0
SII-014,36,82,0.0,235495.0,235495.0,120000.0,235495.0,13611.0,235495.0,110716.0,120000.0,,,,
SII-014,37,83,0.0,235521.0,235521.0,120000.0,235521.0,13612.0,235521.0,110318.0,120000.0,,,,
SII-014,38,84,0.0,235546.0,235546.0,120000.0,235546.0,13614.0,235546.0,109921.0,120000.0,,,,
SII-014,39,85,0.0,235571.0,235571.0,120000.0,235571.0,13615.0,235571.0,109526.0,120000.0,,,,
SII-014,40,86,0.0,235597.0,235597.0,120000.0,235597.0,13617.0,235597.0,109132.0,120000.0,0.0,1451319.0,2277019.0,825701.0
SII-014,41,87,0.0,235622.0,235622.0,120000.0,235622.0,13618.0,235622.0,108740.0,120000.0,,,,
SII-014,42,88,0.0,235648.0,235648.0,120000.0,235648.0,13619.0,235648.0,108349.0,120000.0,,,,
SII-014,43,89,0.0,235673.0,235673.0,120000.0,235673.0,13621.0,235673.0,107960.0,120000.0,,,,
SII-014,44,90,0.0,235698.0,235698.0,120000.0,235698.0,13623.0,235698.0,107572.0,120000.0,,,,
SII-014,45,91,0.0,235724.0,235724.0,120000.0,235724.0,13624.0,235724.0,107185.0,120000.0,,,,
SII-014,46,92,0.0,235749.0,235749.0,120000.0,235749.0,13625.0,235749.0,106800.0,120000.0,,,,
SII-014,47,93,0.0,235775.0,235775.0,120000.0,235775.0,13627.0,235775.0,106416.0,120000.0,,,,
SII-014,48,94,0.0,235800.0,235800.0,120000.0,235800.0,13628.0,235800.0,106034.0,120000.0,,,,
SII-014,49,95,0.0,235826.0,235826.0,120000.0,235826.0,13630.0,235826.0,105653.0,120000.0,,,,
SII-014,50,96,0.0,235851.0,235851.0,120000.0,235851.0,13631.0,235851.0,105273.0,120000.0,,,,
SII-014,51,97,0.0,235876.0,235876.0,120000.0,235876.0,13633.0,235876.0,104895.0,120000.0,,,,
SII-014,52,98,0.0,235902.0,235902.0,120000.0,235902.0,13634.0,235902.0,104518.0,120000.0,,,,
SII-014,53,99,0.0,235927.0,235927.0,120000.0,235927.0,13636.0,235927.0,104142.0,120000.0,,,,
SII-014,54,100,0.0,235953.0,235953.0,120000.0,235953.0,13637.0,235953.0,103768.0,120000.0,,,,
SII-014,55,101,0.0,235978.0,235978.0,120000.0,235978.0,13639.0,235978.0,103395.0,120000.0,,,,
SII-014,56,102,0.0,236003.0,236003.0,120000.0,236003.0,13640.0,236003.0,103023.0,120000.0,,,,
SII-014,57,103,0.0,236029.0,236029.0,120000.0,236029.0,13642.0,236029.0,102653.0,120000.0,,,,
SII-014,58,104,0.0,236054.0,236054.0,120000.0,236054.0,13643.0,236054.0,102284.0,120000.0,,,,
SII-014,59,105,0.0,236080.0,236080.0,120000.0,236080.0,13644.0,236080.0,101916.0,120000.0,,,,
SII-014,60,106,0.0,236105.0,236105.0,120000.0,236105.0,13646.0,236105.0,101550.0,120000.0,,,,
SII-014,61,107,0.0,236130.0,236130.0,120000.0,236130.0,13647.0,236130.0,101185.0,120000.0,,,,
SII-014,62,108,0.0,236156.0,236156.0,120000.0,236156.0,13649.0,236156.0,100821.0,120000.0,,,,
SII-014,63,109,0.0,236181.0,236181.0,120000.0,236181.0,13650.0,236181.0,100459.0,120000.0,,,,
SII-014,64,110,0.0,236207.0,236207.0,120000.0,236207.0,13652.0,236207.0,100098.0,120000.0,,,,
SII-014,65,111,0.0,236232.0,236232.0,120000.0,236232.0,13653.0,236232.0,99738.0,120000.0,,,,
SII-014,66,112,0.0,236257.0,236257.0,120000.0,236257.0,13655.0,236257.0,99380.0,120000.0,,,,
SII-014,67,113,0.0,236283.0,236283.0,120000.0,236283.0,13656.0,236283.0,99023.0,120000.0,,,,
SII-014,68,114,0.0,236308.0,236308.0,120000.0,236308.0,13658.0,236308.0,98667.0,120000.0,,,,
SII-014,69,115,0.0,236334.0,236334.0,120000.0,236334.0,13659.0,236334.0,98312.0,120000.0,,,,
SII-014,70,116,0.0,236359.0,236359.0,120000.0,236359.0,13661.0,236359.0,97959.0,120000.0,,,,
SII-014,71,117,0.0,236385.0,236385.0,120000.0,236385.0,13662.0,236385.0,97607.0,120000.0,,,,
SII-014,72,118,0.0,236410.0,236410.0,120000.0,236410.0,13664.0,236410.0,97256.0,120000.0,,,,
SII-014,73,119,0.0,236435.0,236435.0,120000.0,236435.0,13665.0,236435.0,96906.0,120000.0,,,,
SII-014,74,120,0.0,236461.0,236461.0,120000.0,236461.0,13667.0,236461.0,96558.0,120000.0,,,,
SII-014,75,121,0.0,236486.0,236486.0,120000.0,236486.0,13668.0,236486.0,96211.0,120000.0,,,,
SII-014,76,122,0.0,236512.0,236512.0,120000.0,236512.0,13669.0,236512.0,95865.0,120000.0,,,,
SII-014,77,123,0.0,236537.0,236537.0,120000.0,236537.0,13671.0,236537.0,95521.0,120000.0,,,,
SII-014,78,124,0.0,236563.0,236563.0,120000.0,236563.0,13672.0,236563.0,95177.0,120000.0,,,,
SII-014,79,125,0.0,236588.0,236588.0,120000.0,236588.0,13674.0,236588.0,94835.0,120000.0,,,,
SII-015,1,47,100000.0,92303.0,60303.0,60000.0,60303.0,0.0,105000.0,86618.0,60000.0,0.0,46047.0,106350.0,60303.0
SII-015,2,48,100000.0,193576.0,158656.0,160000.0,160000.0,0.0,210000.0,176342.0,160000.0,0.0,59453.0,219453.0,160000.0
SII-015,3,49,0.0,202873.0,165033.0,160000.0,165033.0,0.0,210000.0,173577.0,160000.0,0.0,68356.0,233389.0,165033.0
SII-015,4,50,0.0,212726.0,171966.0,160000.0,171966.0,0.0,212726.0,170821.0,160000.0,0.0,76243.0,248209.0,171966.0
SII-015,5,51,0.0,223168.0,179488.0,160000.0,179488.0,0.0,223168.0,168076.0,160000.0,0.0,84481.0,263970.0,179488.0
SII-015,6,52,0.0,234235.0,187635.0,160000.0,187635.0,0.0,234235.0,165340.0,160000.0,0.0,93097.0,280732.0,187635.0
SII-015,7,53,0.0,245964.0,196444.0,160000.0,196444.0,0.0,245964.0,162614.0,160000.0,0.0,102114.0,298559.0,196444.0
SII-015,8,54,0.0,246335.0,201895.0,160000.0,201895.0,11677.0,246335.0,159898.0,160000.0,0.0,103819.0,317517.0,213698.0
SII-015,9,55,0.0,246377.0,207017.0,160000.0,207017.0,12018.0,246377.0,157191.0,160000.0,0.0,106476.0,337679.0,231203.0
SII-015,10,56,0.0,246409.0,213127.0,160000.0,213127.0,12030.0,246409.0,154495.0,160000.0,0.0,109165.0,359122.0,249957.0
SII-015,11,57,0.0,246440.0,218116.0,158000.0,218116.0,12032.0,246440.0,151808.0,158000.0,0.0,,,
SII-015,12,58,0.0,246471.0,218206.0,156000.0,218206.0,12033.0,246471.0,149130.0,156000.0,0.0,,,
SII-015,13,59,0.0,246503.0,218471.0,154000.0,218471.0,12035.0,246503.0,146463.0,154000.0,0.0,,,
SII-015,14,60,0.0,246534.0,218824.0,152000.0,218824.0,12037.0,246534.0,143805.0,152000.0,0.0,,,
SII-015,15,61,0.0,246566.0,219176.0,150000.0,219176.0,12039.0,246566.0,141156.0,150000.0,0.0,165426.0,488573.0,323147.0
SII-015,16,62,0.0,246597.0,219441.0,148000.0,219441.0,12041.0,246597.0,138517.0,148000.0,0.0,,,
SII-015,17,63,0.0,246629.0,219998.0,146000.0,219998.0,12042.0,246629.0,135887.0,146000.0,0.0,,,
SII-015,18,64,0.0,246660.0,220351.0,144000.0,220351.0,12044.0,246660.0,133267.0,144000.0,0.0,,,
SII-015,19,65,0.0,246692.0,220938.0,142000.0,220938.0,12046.0,246692.0,130657.0,142000.0,0.0,,,
SII-015,20,66,0.0,246724.0,221203.0,140000.0,221203.0,12048.0,246724.0,128055.0,140000.0,0.0,265336.0,664687.0,399351.0
SII-015,21,67,0.0,246755.0,221643.0,138000.0,221643.0,12050.0,246755.0,125463.0,138000.0,,,,
SII-015,22,68,0.0,246787.0,222259.0,136000.0,222259.0,12052.0,246787.0,122881.0,136000.0,,,,
SII-015,23,69,0.0,246818.0,223049.0,134000.0,223049.0,12053.0,246818.0,120308.0,134000.0,,,,
SII-015,24,70,0.0,246850.0,224015.0,132000.0,224015.0,12055.0,246850.0,117743.0,132000.0,,,,
SII-015,25,71,0.0,246881.0,225156.0,130000.0,225156.0,12057.0,246881.0,115189.0,130000.0,0.0,419033.0,904283.0,485250.0
SII-015,26,72,0.0,246982.0,227359.0,128000.0,227359.0,14199.0,246982.0,114775.0,128000.0,,,,
SII-015,27,73,0.0,247010.0,229490.0,126000.0,229490.0,14274.0,247010.0,114362.0,126000.0,,,,
SII-015,28,74,0.0,247037.0,231619.0,124000.0,231619.0,14278.0,247037.0,113951.0,124000.0,,,,
SII-015,29,75,0.0,247063.0,233748.0,122000.0,233748.0,14279.0,247063.0,113542.0,122000.0,,,,
SII-015,30,76,0.0,247090.0,247090.0,120000.0,247090.0,14281.0,247090.0,113133.0,120000.0,0.0,620972.0,1230246.0,609273.0
SII-015,31,77,0.0,247117.0,247117.0,120000.0,247117.0,14282.0,247117.0,112727.0,120000.0,,,,
SII-015,32,78,0.0,247144.0,247144.0,120000.0,247144.0,14284.0,247144.0,112322.0,120000.0,,,,
SII-015,33,79,0.0,247170.0,247170.0,120000.0,247170.0,14286.0,247170.0,111918.0,120000.0,,,,
SII-015,34,80,0.0,247197.0,247197.0,120000.0,247197.0,14287.0,247197.0,111516.0,120000.0,,,,
SII-015,35,81,0.0,247223.0,247223.0,120000.0,247223.0,14289.0,247223.0,111115.0,120000.0,0.0,951459.0,1673706.0,722247.0
SII-015,36,82,0.0,247250.0,247250.0,120000.0,247250.0,14290.0,247250.0,110716.0,120000.0,,,,
SII-015,37,83,0.0,247277.0,247277.0,120000.0,247277.0,14292.0,247277.0,110318.0,120000.0,,,,
SII-015,38,84,0.0,247303.0,247303.0,120000.0,247303.0,14293.0,247303.0,109921.0,120000.0,,,,
SII-015,39,85,0.0,247330.0,247330.0,120000.0,247330.0,14295.0,247330.0,109526.0,120000.0,,,,
SII-015,40,86,0.0,247357.0,247357.0,120000.0,247357.0,14296.0,247357.0,109132.0,120000.0,0.0,1430013.0,2277019.0,847007.0
SII-015,41,87,0.0,247383.0,247383.0,120000.0,247383.0,14298.0,247383.0,108740.0,120000.0,,,,
SII-015,42,88,0.0,247410.0,247410.0,120000.0,247410.0,14299.0,247410.0,108349.0,120000.0,,,,
SII-015,43,89,0.0,247437.0,247437.0,120000.0,247437.0,14301.0,247437.0,107960.0,120000.0,,,,
SII-015,44,90,0.0,247463.0,247463.0,120000.0,247463.0,14302.0,247463.0,107572.0,120000.0,,,,
SII-015,45,91,0.0,247490.0,247490.0,120000.0,247490.0,14304.0,247490.0,107185.0,120000.0,,,,
SII-015,46,92,0.0,247517.0,247517.0,120000.0,247517.0,14305.0,247517.0,106800.0,120000.0,,,,
SII-015,47,93,0.0,247544.0,247544.0,120000.0,247544.0,14307.0,247544.0,106416.0,120000.0,,,,
SII-015,48,94,0.0,247570.0,247570.0,120000.0,247570.0,14309.0,247570.0,106034.0,120000.0,,,,
SII-015,49,95,0.0,247597.0,247597.0,120000.0,247597.0,14310.0,247597.0,105653.0,120000.0,,,,
SII-015,50,96,0.0,247624.0,247624.0,120000.0,247624.0,14312.0,247624.0,105273.0,120000.0,,,,
SII-015,51,97,0.0,247650.0,247650.0,120000.0,247650.0,14313.0,247650.0,104895.0,120000.0,,,,
SII-015,52,98,0.0,247677.0,247677.0,120000.0,247677.0,14315.0,247677.0,104518.0,120000.0,,,,
SII-015,53,99,0.0,247704.0,247704.0,120000.0,247704.0,14316.0,247704.0,104142.0,120000.0,,,,
SII-015,54,100,0.0,247731.0,247731.0,120000.0,247731.0,14318.0,247731.0,103768.0,120000.0,,,,
SII-015,55,101,0.0,247757.0,247757.0,120000.0,247757.0,14319.0,247757.0,103395.0,120000.0,,,,
SII-015,56,102,0.0,247784.0,247784.0,120000.0,247784.0,14321.0,247784.0,103023.0,120000.0,,,,
SII-015,57,103,0.0,247811.0,247811.0,120000.0,247811.0,14322.0,247811.0,102653.0,120000.0,,,,
SII-015,58,104,0.0,247838.0,247838.0,120000.0,247838.0,14324.0,247838.0,102284.0,120000.0,,,,
SII-015,59,105,0.0,247864.0,247864.0,120000.0,247864.0,14326.0,247864.0,101916.0,120000.0,,,,
SII-015,60,106,0.0,247891.0,247891.0,120000.0,247891.0,14327.0,247891.0,101550.0,120000.0,,,,
SII-015,61,107,0.0,247918.0,247918.0,120000.0,247918.0,14329.0,247918.0,101185.0,120000.0,,,,
SII-015,62,108,0.0,247945.0,247945.0,120000.0,247945.0,14330.0,247945.0,100821.0,120000.0,,,,
SII-015,63,109,0.0,247971.0,247971.0,120000.0,247971.0,14332.0,247971.0,100459.0,120000.0,,,,
SII-015,64,110,0.0,247998.0,247998.0,120000.0,247998.0,14333.0,247998.0,100098.0,120000.0,,,,
SII-015,65,111,0.0,248025.0,248025.0,120000.0,248025.0,14335.0,248025.0,99738.0,120000.0,,,,
SII-015,66,112,0.0,248051.0,248051.0,120000.0,248051.0,14336.0,248051.0,99380.0,120000.0,,,,
SII-015,67,113,0.0,248078.0,248078.0,120000.0,248078.0,14338.0,248078.0,99023.0,120000.0,,,,
SII-015,68,114,0.0,248105.0,248105.0,120000.0,248105.0,14340.0,248105.0,98667.0,120000.0,,,,
SII-015,69,115,0.0,248132.0,248132.0,120000.0,248132.0,14341.0,248132.0,98312.0,120000.0,,,,
SII-015,70,116,0.0,248158.0,248158.0,120000.0,248158.0,14343.0,248158.0,97959.0,120000.0,,,,
SII-015,71,117,0.0,248185.0,248185.0,120000.0,248185.0,14344.0,248185.0,97607.0,120000.0,,,,
SII-015,72,118,0.0,248212.0,248212.0,120000.0,248212.0,14346.0,248212.0,97256.0,120000.0,,,,
SII-015,73,119,0.0,248239.0,248239.0,120000.0,248239.0,14347.0,248239.0,96906.0,120000.0,,,,
SII-015,74,120,0.0,248266.0,248266.0,120000.0,248266.0,14349.0,248266.0,96558.0,120000.0,,,,
SII-015,75,121,0.0,248292.0,248292.0,120000.0,248292.0,14350.0,248292.0,96211.0,120000.0,,,,
SII-015,76,122,0.0,248319.0,248319.0,120000.0,248319.0,14352.0,248319.0,95865.0,120000.0,,,,
SII-015,77,123,0.0,248346.0,248346.0,120000.0,248346.0,14353.0,248346.0,95521.0,120000.0,,,,
SII-015,78,124,0.0,248373.0,248373.0,120000.0,248373.0,14355.0,248373.0,95177.0,120000.0,,,,
SII-015,79,125,0.0,248399.0,248399.0,120000.0,248399.0,14357.0,248399.0,94835.0,120000.0,,,,
SII-016,1,47,100000.0,92303.0,60303.0,60000.0,60303.0,0.0,105000.0,86618.0,60000.0,0.0,46047.0,106350.0,60303.0
SII-016,2,48,100000.0,193576.0,158656.0,160000.0,160000.0,0.0,210000.0,176342.0,160000.0,0.0,59453.0,219453.0,160000.0
SII-016,3,49,0.0,202873.0,165033.0,160000.0,165033.0,0.0,210000.0,173577.0,160000.0,0.0,68356.0,233389.0,165033.0
SII-016,4,50,0.0,212726.0,171966.0,160000.0,171966.0,0.0,212726.0,170821.0,160000.0,0.0,76243.0,248209.0,171966.0
SII-016,5,51,0.0,223168.0,179488.0,160000.0,179488.0,0.0,223168.0,168076.0,160000.0,0.0,84481.0,263970.0,179488.0
SII-016,6,52,0.0,234235.0,187635.0,160000.0,187635.0,0.0,234235.0,165340.0,160000.0,0.0,93097.0,280732.0,187635.0
SII-016,7,53,0.0,245964.0,196444.0,160000.0,196444.0,0.0,245964.0,162614.0,160000.0,0.0,102114.0,298559.0,196444.0
SII-016,8,54,0.0,258394.0,213954.0,160000.0,213954.0,0.0,258394.0,159898.0,160000.0,0.0,103563.0,317517.0,213954.0
SII-016,9,55,0.0,258787.0,219427.0,160000.0,219427.0,12376.0,258787.0,157191.0,160000.0,0.0,105743.0,337679.0,231937.0
SII-016,10,56,0.0,258830.0,225549.0,160000.0,225549.0,12737.0,258830.0,154495.0,160000.0,0.0,107939.0,359122.0,251183.0
SII-016,11,57,0.0,258864.0,230540.0,158000.0,230540.0,12749.0,258864.0,151808.0,158000.0,0.0,,,
SII-016,12,58,0.0,258897.0,230631.0,156000.0,230631.0,12751.0,258897.0,149130.0,156000.0,0.0,,,
SII-016,13,59,0.0,258929.0,230897.0,154000.0,230897.0,12753.0,258929.0,146463.0,154000.0,0.0,,,
SII-016,14,60,0.0,258962.0,231252.0,152000.0,231252.0,12755.0,258962.0,143805.0,152000.0,0.0,,,
SII-016,15,61,0.0,258995.0,231606.0,150000.0,231606.0,12757.0,258995.0,141156.0,150000.0,0.0,161580.0,488573.0,326993.0
SII-016,16,62,0.0,259028.0,231872.0,148000.0,231872.0,12759.0,259028.0,138517.0,148000.0,0.0,,,
SII-016,17,63,0.0,259061.0,232430.0,146000.0,232430.0,12761.0,259061.0,135887.0,146000.0,0.0,,,
SII-016,18,64,0.0,259094.0,232785.0,144000.0,232785.0,12763.0,259094.0,133267.0,144000.0,0.0,,,
SII-016,19,65,0.0,259127.0,233372.0,142000.0,233372.0,12765.0,259127.0,130657.0,142000.0,0.0,,,
SII-016,20,66,0.0,259160.0,233639.0,140000.0,233639.0,12767.0,259160.0,128055.0,140000.0,0.0,258597.0,664687.0,406090.0
SII-016,21,67,0.0,259192.0,234080.0,138000.0,234080.0,12769.0,259192.0,125463.0,138000.0,,,,
SII-016,22,68,0.0,259225.0,234697.0,136000.0,234697.0,12771.0,259225.0,122881.0,136000.0,,,,
SII-016,23,69,0.0,259258.0,235489.0,134000.0,235489.0,12772.0,259258.0,120308.0,134000.0,,,,
SII-016,24,70,0.0,259291.0,236457.0,132000.0,236457.0,12774.0,259291.0,117743.0,132000.0,,,,
SII-016,25,71,0.0,259324.0,237599.0,130000.0,237599.0,12776.0,259324.0,115189.0,130000.0,0.0,409099.0,904283.0,495184.0
SII-016,26,72,0.0,259426.0,239803.0,128000.0,239803.0,14918.0,259426.0,114775.0,128000.0,,,,
SII-016,27,73,0.0,259456.0,241936.0,126000.0,241936.0,14993.0,259456.0,114362.0,126000.0,,,,
SII-016,28,74,0.0,259484.0,244067.0,124000.0,244067.0,14997.0,259484.0,113951.0,124000.0,,,,
SII-016,29,75,0.0,259512.0,246197.0,122000.0,246197.0,14999.0,259512.0,113542.0,122000.0,,,,
SII-016,30,76,0.0,259540.0,259540.0,120000.0,259540.0,15000.0,259540.0,113133.0,120000.0,0.0,607508.0,1230246.0,622738.0
SII-016,31,77,0.0,259568.0,259568.0,120000.0,259568.0,15002.0,259568.0,112727.0,120000.0,,,,
SII-016,32,78,0.0,259596.0,259596.0,120000.0,259596.0,15004.0,259596.0,112322.0,120000.0,,,,
SII-016,33,79,0.0,259624.0,259624.0,120000.0,259624.0,15005.0,259624.0,111918.0,120000.0,,,,
SII-016,34,80,0.0,259652.0,259652.0,120000.0,259652.0,15007.0,259652.0,111516.0,120000.0,,,,
SII-016,35,81,0.0,259680.0,259680.0,120000.0,259680.0,15008.0,259680.0,111115.0,120000.0,0.0,934096.0,1673706.0,739610.0
SII-016,36,82,0.0,259708.0,259708.0,120000.0,259708.0,15010.0,259708.0,110716.0,120000.0,,,,
SII-016,37,83,0.0,259736.0,259736.0,120000.0,259736.0,15012.0,259736.0,110318.0,120000.0,,,,
SII-016,38,84,0.0,259764.0,259764.0,120000.0,259764.0,15013.0,259764.0,109921.0,120000.0,,,,
SII-016,39,85,0.0,259792.0,259792.0,120000.0,259792.0,15015.0,259792.0,109526.0,120000.0,,,,
SII-016,40,86,0.0,259820.0,259820.0,120000.0,259820.0,15017.0,259820.0,109132.0,120000.0,0.0,1408344.0,2277019.0,868675.0
SII-016,41,87,0.0,259848.0,259848.0,120000.0,259848.0,15018.0,259848.0,108740.0,120000.0,,,,
SII-016,42,88,0.0,259876.0,259876.0,120000.0,259876.0,15020.0,259876.0,108349.0,120000.0,,,,
SII-016,43,89,0.0,259904.0,259904.0,120000.0,259904.0,15021.0,259904.0,107960.0,120000.0,,,,
SII-016,44,90,0.0,259932.0,259932.0,120000.0,259932.0,15023.0,259932.0,107572.0,120000.0,,,,
SII-016,45,91,0.0,259960.0,259960.0,120000.0,259960.0,15025.0,259960.0,107185.0,120000.0,,,,
SII-016,46,92,0.0,259988.0,259988.0,120000.0,259988.0,15026.0,259988.0,106800.0,120000.0,,,,
SII-016,47,93,0.0,260016.0,260016.0,120000.0,260016.0,15028.0,260016.0,106416.0,120000.0,,,,
SII-016,48,94,0.0,260044.0,260044.0,120000.0,260044.0,15030.0,260044.0,106034.0,120000.0,,,,
SII-016,49,95,0.0,260072.0,260072.0,120000.0,260072.0,15031.0,260072.0,105653.0,120000.0,,,,
SII-016,50,96,0.0,260100.0,260100.0,120000.0,260100.0,15033.0,260100.0,105273.0,120000.0,,,,
SII-016,51,97,0.0,260128.0,260128.0,120000.0,260128.0,15034.0,260128.0,104895.0,120000.0,,,,
SII-016,52,98,0.0,260156.0,260156.0,120000.0,260156.0,15036.0,260156.0,104518.0,120000.0,,,,
SII-016,53,99,0.0,260184.0,260184.0,120000.0,260184.0,15038.0,260184.0,104142.0,120000.0,,,,
SII-016,54,100,0.0,260213.0,260213.0,120000.0,260213.0,15039.0,260213.0,103768.0,120000.0,,,,
SII-016,55,101,0.0,260241.0,260241.0,120000.0,260241.0,15041.0,260241.0,103395.0,120000.0,,,,
SII-016,56,102,0.0,260269.0,260269.0,120000.0,260269.0,15042.0,260269.0,103023.0,120000.0,,,,
SII-016,57,103,0.0,260297.0,260297.0,120000.0,260297.0,15044.0,260297.0,102653.0,120000.0,,,,
SII-016,58,104,0.0,260325.0,260325.0,120000.0,260325.0,15046.0,260325.0,102284.0,120000.0,,,,
SII-016,59,105,0.0,260353.0,260353.0,120000.0,260353.0,15047.0,260353.0,101916.0,120000.0,,,,
SII-016,60,106,0.0,260381.0,260381.0,120000.0,260381.0,15049.0,260381.0,101550.0,120000.0,,,,
SII-016,61,107,0.0,260409.0,260409.0,120000.0,260409.0,15051.0,260409.0,101185.0,120000.0,,,,
SII-016,62,108,0.0,260437.0,260437.0,120000.0,260437.0,15052.0,260437.0,100821.0,120000.0,,,,
SII-016,63,109,0.0,260465.0,260465.0,120000.0,260465.0,15054.0,260465.0,100459.0,120000.0,,,,
SII-016,64,110,0.0,260493.0,260493.0,120000.0,260493.0,15055.0,260493.0,100098.0,120000.0,,,,
SII-016,65,111,0.0,260521.0,260521.0,120000.0,260521.0,15057.0,260521.0,99738.0,120000.0,,,,
SII-016,66,112,0.0,260549.0,260549.0,120000.0,260549.0,15059.0,260549.0,99380.0,120000.0,,,,
SII-016,67,113,0.0,260577.0,260577.0,120000.0,260577.0,15060.0,260577.0,99023.0,120000.0,,,,
SII-016,68,114,0.0,260606.0,260606.0,120000.0,260606.0,15062.0,260606.0,98667.0,120000.0,,,,
SII-016,69,115,0.0,260634.0,260634.0,120000.0,260634.0,15064.0,260634.0,98312.0,120000.0,,,,
SII-016,70,116,0.0,260662.0,260662.0,120000.0,260662.0,15065.0,260662.0,97959.0,120000.0,,,,
SII-016,71,117,0.0,260690.0,260690.0,120000.0,260690.0,15067.0,260690.0,97607.0,120000.0,,,,
SII-016,72,118,0.0,260718.0,260718.0,120000.0,260718.0,15068.0,260718.0,97256.0,120000.0,,,,
SII-016,73,119,0.0,260746.0,260746.0,120000.0,260746.0,15070.0,260746.0,96906.0,120000.0,,,,
SII-016,74,120,0.0,260774.0,260774.0,120000.0,260774.0,15072.0,260774.0,96558.0,120000.0,,,,
SII-016,75,121,0.0,260802.0,260802.0,120000.0,260802.0,15073.0,260802.0,96211.0,120000.0,,,,
SII-016,76,122,0.0,260830.0,260830.0,120000.0,260830.0,15075.0,260830.0,95865.0,120000.0,,,,
SII-016,77,123,0.0,260859.0,260859.0,120000.0,260859.0,15077.0,260859.0,95521.0,120000.0,,,,
SII-016,78,124,0.0,260887.0,260887.0,120000.0,260887.0,15078.0,260887.0,95177.0,120000.0,,,,
SII-016,79,125,0.0,260915.0,260915.0,120000.0,260915.0,15080.0,260915.0,94835.0,120000.0,,,,
SII-017,1,47,100000.0,92303.0,60303.0,60000.0,60303.0,0.0,105000.0,86618.0,60000.0,0.0,46047.0,106350.0,60303.0
SII-017,2,48,100000.0,193576.0,158656.0,160000.0,160000.0,0.0,210000.0,176342.0,160000.0,0.0,59453.0,219453.0,160000.0
SII-017,3,49,0.0,202873.0,165033.0,160000.0,165033.0,0.0,210000.0,173577.0,160000.0,0.0,68356.0,233389.0,165033.0
SII-017,4,50,0.0,212726.0,171966.0,160000.0,171966.0,0.0,212726.0,170821.0,160000.0,0.0,76243.0,248209.0,171966.0
SII-017,5,51,0.0,223168.0,179488.0,160000.0,179488.0,0.0,223168.0,168076.0,160000.0,0.0,84481.0,263970.0,179488.0
SII-017,6,52,0.0,234235.0,187635.0,160000.0,187635.0,0.0,234235.0,165340.0,160000.0,0.0,93097.0,280732.0,187635.0
SII-017,7,53,0.0,245964.0,196444.0,160000.0,196444.0,0.0,245964.0,162614.0,160000.0,0.0,102114.0,298559.0,196444.0
SII-017,8,54,0.0,258394.0,213954.0,160000.0,213954.0,0.0,258394.0,159898.0,160000.0,0.0,103563.0,317517.0,213954.0
SII-017,9,55,0.0,271568.0,232208.0,160000.0,232208.0,0.0,271568.0,157191.0,160000.0,0.0,105471.0,337679.0,232208.0
SII-017,10,56,0.0,271984.0,238702.0,160000.0,238702.0,13116.0,271984.0,154495.0,160000.0,0.0,107162.0,359122.0,251960.0
SII-017,11,57,0.0,272029.0,243705.0,158000.0,243705.0,13499.0,272029.0,151808.0,158000.0,0.0,,,
SII-017,12,58,0.0,272064.0,243798.0,156000.0,243798.0,13512.0,272064.0,149130.0,156000.0,0.0,,,
SII-017,13,59,0.0,272098.0,244066.0,154000.0,244066.0,13515.0,272098.0,146463.0,154000.0,0.0,,,
SII-017,14,60,0.0,272132.0,244421.0,152000.0,244421.0,13516.0,272132.0,143805.0,152000.0,0.0,,,
SII-017,15,61,0.0,272167.0,244777.0,150000.0,244777.0,13518.0,272167.0,141156.0,150000.0,0.0,158082.0,488573.0,330491.0
SII-017,16,62,0.0,272201.0,245045.0,148000.0,245045.0,13520.0,272201.0,138517.0,148000.0,0.0,,,
SII-017,17,63,0.0,272235.0,245605.0,146000.0,245605.0,13522.0,272235.0,135887.0,146000.0,0.0,,,
SII-017,18,64,0.0,272269.0,245960.0,144000.0,245960.0,13524.0,272269.0,133267.0,144000.0,0.0,,,
SII-017,19,65,0.0,272304.0,246549.0,142000.0,246549.0,13526.0,272304.0,130657.0,142000.0,0.0,,,
SII-017,20,66,0.0,272338.0,246817.0,140000.0,246817.0,13528.0,272338.0,128055.0,140000.0,0.0,252093.0,664687.0,412594.0
SII-017,21,67,0.0,272372.0,247260.0,138000.0,247260.0,13530.0,272372.0,125463.0,138000.0,,,,
SII-017,22,68,0.0,272406.0,247878.0,136000.0,247878.0,13532.0,272406.0,122881.0,136000.0,,,,
SII-017,23,69,0.0,272441.0,248672.0,134000.0,248672.0,13534.0,272441.0,120308.0,134000.0,,,,
SII-017,24,70,0.0,272475.0,249640.0,132000.0,249640.0,13536.0,272475.0,117743.0,132000.0,,,,
SII-017,25,71,0.0,272509.0,250784.0,130000.0,250784.0,13538.0,272509.0,115189.0,130000.0,0.0,399274.0,904283.0,505009.0
SII-017,26,72,0.0,272612.0,252990.0,128000.0,252990.0,15680.0,272612.0,114775.0,128000.0,,,,
SII-017,27,73,0.0,272644.0,255124.0,126000.0,255124.0,15756.0,272644.0,114362.0,126000.0,,,,
SII-017,28,74,0.0,272673.0,257256.0,124000.0,257256.0,15759.0,272673.0,113951.0,124000.0,,,,
SII-017,29,75,0.0,272703.0,259387.0,122000.0,259387.0,15761.0,272703.0,113542.0,122000.0,,,,
SII-017,30,76,0.0,272732.0,272732.0,120000.0,272732.0,15763.0,272732.0,113133.0,120000.0,0.0,594016.0,1230246.0,636229.0
SII-017,31,77,0.0,272761.0,272761.0,120000.0,272761.0,15765.0,272761.0,112727.0,120000.0,,,,
SII-017,32,78,0.0,272791.0,272791.0,120000.0,272791.0,15766.0,272791.0,112322.0,120000.0,,,,
SII-017,33,79,0.0,272820.0,272820.0,120000.0,272820.0,15768.0,272820.0,111918.0,120000.0,,,,
SII-017,34,80,0.0,272850.0,272850.0,120000.0,272850.0,15770.0,272850.0,111516.0,120000.0,,,,
SII-017,35,81,0.0,272879.0,272879.0,120000.0,272879.0,15771.0,272879.0,111115.0,120000.0,0.0,916554.0,1673706.0,757152.0
SII-017,36,82,0.0,272908.0,272908.0,120000.0,272908.0,15773.0,272908.0,110716.0,120000.0,,,,
SII-017,37,83,0.0,272938.0,272938.0,120000.0,272938.0,15775.0,272938.0,110318.0,120000.0,,,,
SII-017,38,84,0.0,272967.0,272967.0,120000.0,272967.0,15776.0,272967.0,109921.0,120000.0,,,,
SII-017,39,85,0.0,272997.0,272997.0,120000.0,272997.0,15778.0,272997.0,109526.0,120000.0,,,,
SII-017,40,86,0.0,273026.0,273026.0,120000.0,273026.0,15780.0,273026.0,109132.0,120000.0,0.0,1386329.0,2277019.0,890690.0
SII-017,41,87,0.0,273056.0,273056.0,120000.0,273056.0,15782.0,273056.0,108740.0,120000.0,,,,
SII-017,42,88,0.0,273085.0,273085.0,120000.0,273085.0,15783.0,273085.0,108349.0,120000.0,,,,
SII-017,43,89,0.0,273115.0,273115.0,120000.0,273115.0,15785.0,273115.0,107960.0,120000.0,,,,
SII-017,44,90,0.0,273144.0,273144.0,120000.0,273144.0,15787.0,273144.0,107572.0,120000.0,,,,
SII-017,45,91,0.0,273173.0,273173.0,120000.0,273173.0,15788.0,273173.0,107185.0,120000.0,,,,
SII-017,46,92,0.0,273203.0,273203.0,120000.0,273203.0,15790.0,273203.0,106800.0,120000.0,,,,
SII-017,47,93,0.0,273232.0,273232.0,120000.0,273232.0,15792.0,273232.0,106416.0,120000.0,,,,
SII-017,48,94,0.0,273262.0,273262.0,120000.0,273262.0,15793.0,273262.0,106034.0,120000.0,,,,
SII-017,49,95,0.0,273291.0,273291.0,120000.0,273291.0,15795.0,273291.0,105653.0,120000.0,,,,
SII-017,50,96,0.0,273321.0,273321.0,120000.0,273321.0,15797.0,273321.0,105273.0,120000.0,,,,
SII-017,51,97,0.0,273350.0,273350.0,120000.0,273350.0,15798.0,273350.0,104895.0,120000.0,,,,
SII-017,52,98,0.0,273380.0,273380.0,120000.0,273380.0,15800.0,273380.0,104518.0,120000.0,,,,
SII-017,53,99,0.0,273409.0,273409.0,120000.0,273409.0,15802.0,273409.0,104142.0,120000.0,,,,
SII-017,54,100,0.0,273439.0,273439.0,120000.0,273439.0,15804.0,273439.0,103768.0,120000.0,,,,
SII-017,55,101,0.0,273468.0,273468.0,120000.0,273468.0,15805.0,273468.0,103395.0,120000.0,,,,
SII-017,56,102,0.0,273498.0,273498.0,120000.0,273498.0,15807.0,273498.0,103023.0,120000.0,,,,
SII-017,57,103,0.0,273527.0,273527.0,120000.0,273527.0,15809.0,273527.0,102653.0,120000.0,,,,
SII-017,58,104,0.0,273557.0,273557.0,120000.0,273557.0,15810.0,273557.0,102284.0,120000.0,,,,
SII-017,59,105,0.0,273586.0,273586.0,120000.0,273586.0,15812.0,273586.0,101916.0,120000.0,,,,
SII-017,60,106,0.0,273616.0,273616.0,120000.0,273616.0,15814.0,273616.0,101550.0,120000.0,,,,
SII-017,61,107,0.0,273645.0,273645.0,120000.0,273645.0,15816.0,273645.0,101185.0,120000.0,,,,
SII-017,62,108,0.0,273674.0,273674.0,120000.0,273674.0,15817.0,273674.0,100821.0,120000.0,,,,
SII-017,63,109,0.0,273704.0,273704.0,120000.0,273704.0,15819.0,273704.0,100459.0,120000.0,,,,
SII-017,64,110,0.0,273734.0,273734.0,120000.0,273734.0,15821.0,273734.0,100098.0,120000.0,,,,
SII-017,65,111,0.0,273763.0,273763.0,120000.0,273763.0,15822.0,273763.0,99738.0,120000.0,,,,
SII-017,66,112,0.0,273793.0,273793.0,120000.0,273793.0,15824.0,273793.0,99380.0,120000.0,,,,
SII-017,67,113,0.0,273822.0,273822.0,120000.0,273822.0,15826.0,273822.0,99023.0,120000.0,,,,
SII-017,68,114,0.0,273852.0,273852.0,120000.0,273852.0,15828.0,273852.0,98667.0,120000.0,,,,
SII-017,69,115,0.0,273881.0,273881.0,120000.0,273881.0,15829.0,273881.0,98312.0,120000.0,,,,
SII-017,70,116,0.0,273911.0,273911.0,120000.0,273911.0,15831.0,273911.0,97959.0,120000.0,,,,
SII-017,71,117,0.0,273940.0,273940.0,120000.0,273940.0,15833.0,273940.0,97607.0,120000.0,,,,
SII-017,72,118,0.0,273970.0,273970.0,120000.0,273970.0,15834.0,273970.0,97256.0,120000.0,,,,
SII-017,73,119,0.0,273999.0,273999.0,120000.0,273999.0,15836.0,273999.0,96906.0,120000.0,,,,
SII-017,74,120,0.0,274029.0,274029.0,120000.0,274029.0,15838.0,274029.0,96558.0,120000.0,,,,
SII-017,75,121,0.0,274058.0,274058.0,120000.0,274058.0,15840.0,274058.0,96211.0,120000.0,,,,
SII-017,76,122,0.0,274088.0,274088.0,120000.0,274088.0,15841.0,274088.0,95865.0,120000.0,,,,
SII-017,77,123,0.0,274117.0,274117.0,120000.0,274117.0,15843.0,274117.0,95521.0,120000.0,,,,
SII-017,78,124,0.0,274147.0,274147.0,120000.0,274147.0,15845.0,274147.0,95177.0,120000.0,,,,
SII-017,79,125,0.0,274177.0,274177.0,120000.0,274177.0,15846.0,274177.0,94835.0,120000.0,,,,
SII-018,1,57,100000.0,87104.0,23104.0,20000.0,23104.0,0.0,105000.0,81566.0,20000.0,0.0,83246.0,106350.0,23104.0
SII-018,2,58,100000.0,185787.0,115947.0,120000.0,120000.0,0.0,210000.0,169177.0,120000.0,0.0,99453.0,219453.0,120000.0
SII-018,3,59,100000.0,289633.0,213953.0,220000.0,220000.0,1229.0,313771.0,256972.0,220000.0,0.0,118497.0,339739.0,221242.0
SII-018,4,60,100000.0,389079.0,307559.0,320000.0,320000.0,12015.0,406757.0,344949.0,320000.0,0.0,134251.0,467662.0,333411.0
SII-018,5,61,0.0,389303.0,301943.0,320000.0,320000.0,17901.0,389303.0,339446.0,320000.0,0.0,145585.0,497358.0,351774.0
SII-018,6,62,0.0,389360.0,296160.0,320000.0,320000.0,18075.0,389360.0,333962.0,320000.0,0.0,158262.0,528941.0,370679.0
SII-018,7,63,0.0,389412.0,290372.0,320000.0,320000.0,18083.0,389412.0,328499.0,320000.0,0.0,172558.0,562528.0,389971.0
SII-018,8,64,0.0,389464.0,300584.0,320000.0,320000.0,18086.0,389464.0,323055.0,320000.0,0.0,188597.0,598249.0,409652.0
SII-018,9,65,0.0,389516.0,310796.0,320000.0,320000.0,18089.0,389516.0,317631.0,320000.0,0.0,206509.0,636238.0,429729.0
SII-018,10,66,0.0,389568.0,323005.0,320000.0,323005.0,18092.0,389568.0,312226.0,320000.0,0.0,223423.0,676639.0,453216.0
SII-018,11,67,0.0,389620.0,332972.0,316000.0,332972.0,18095.0,389620.0,306840.0,316000.0,0.0,,,
SII-018,12,68,0.0,389672.0,333141.0,312000.0,333141.0,18098.0,389672.0,301474.0,312000.0,0.0,,,
SII-018,13,69,0.0,389724.0,333660.0,308000.0,333660.0,18101.0,389724.0,296127.0,308000.0,0.0,,,
SII-018,14,70,0.0,389776.0,334355.0,304000.0,334355.0,18104.0,389776.0,290800.0,304000.0,0.0,,,
SII-018,15,71,0.0,389829.0,335049.0,300000.0,335049.0,18107.0,389829.0,285491.0,300000.0,0.0,346516.0,920544.0,574028.0
SII-018,16,72,0.0,389881.0,335569.0,296000.0,335569.0,18110.0,389881.0,280202.0,296000.0,0.0,,,
SII-018,17,73,0.0,389933.0,336672.0,292000.0,336672.0,18113.0,389933.0,274932.0,292000.0,0.0,,,
SII-018,18,74,0.0,389985.0,337367.0,288000.0,337367.0,18116.0,389985.0,269680.0,288000.0,0.0,,,
SII-018,19,75,0.0,390037.0,338528.0,284000.0,338528.0,18119.0,390037.0,264448.0,284000.0,0.0,,,
SII-018,20,76,0.0,390089.0,339048.0,280000.0,339048.0,18122.0,390089.0,259234.0,280000.0,0.0,554174.0,1252368.0,698194.0
SII-018,21,77,0.0,390141.0,339917.0,276000.0,339917.0,18125.0,390141.0,254039.0,276000.0,,,,
SII-018,22,78,0.0,390194.0,341138.0,272000.0,341138.0,18128.0,390194.0,248863.0,272000.0,,,,
SII-018,23,79,0.0,390246.0,342708.0,268000.0,342708.0,18131.0,390246.0,243705.0,268000.0,,,,
SII-018,24,80,0.0,390298.0,344629.0,264000.0,344629.0,18134.0,390298.0,238566.0,264000.0,,,,
SII-018,25,81,0.0,390350.0,346901.0,260000.0,346901.0,18137.0,390350.0,233445.0,260000.0,0.0,865002.0,1703803.0,838801.0
SII-018,26,82,0.0,390540.0,351295.0,256000.0,351295.0,22420.0,390540.0,232606.0,256000.0,,,,
SII-018,27,83,0.0,390586.0,355546.0,252000.0,355546.0,22570.0,390586.0,231770.0,252000.0,,,,
SII-018,28,84,0.0,390628.0,359793.0,248000.0,359793.0,22577.0,390628.0,230937.0,248000.0,,,,
SII-018,29,85,0.0,390671.0,364040.0,244000.0,364040.0,22579.0,390671.0,230107.0,244000.0,,,,
SII-018,30,86,0.0,390713.0,390713.0,240000.0,390713.0,22582.0,390713.0,229280.0,240000.0,0.0,1265566.0,2317965.0,1052398.0
SII-018,31,87,0.0,390755.0,390755.0,240000.0,390755.0,22584.0,390755.0,228456.0,240000.0,,,,
SII-018,32,88,0.0,390797.0,390797.0,240000.0,390797.0,22587.0,390797.0,227635.0,240000.0,,,,
SII-018,33,89,0.0,390839.0,390839.0,240000.0,390839.0,22589.0,390839.0,226817.0,240000.0,,,,
SII-018,34,90,0.0,390881.0,390881.0,240000.0,390881.0,22591.0,390881.0,226002.0,240000.0,,,,
SII-018,35,91,0.0,390923.0,390923.0,240000.0,390923.0,22594.0,390923.0,225189.0,240000.0,0.0,1913210.0,3153511.0,1240301.0
SII-018,36,92,0.0,390965.0,390965.0,240000.0,390965.0,22596.0,390965.0,224380.0,240000.0,,,,
SII-018,37,93,0.0,391008.0,391008.0,240000.0,391008.0,22599.0,391008.0,223574.0,240000.0,,,,
SII-018,38,94,0.0,391050.0,391050.0,240000.0,391050.0,22601.0,391050.0,222770.0,240000.0,,,,
SII-018,39,95,0.0,391092.0,391092.0,240000.0,391092.0,22604.0,391092.0,221970.0,240000.0,,,,
SII-018,40,96,0.0,391134.0,391134.0,240000.0,391134.0,22606.0,391134.0,221172.0,240000.0,0.0,2842439.0,4290242.0,1447802.0
SII-018,41,97,0.0,391176.0,391176.0,240000.0,391176.0,22608.0,391176.0,220377.0,240000.0,,,,
SII-018,42,98,0.0,391218.0,391218.0,240000.0,391218.0,22611.0,391218.0,219585.0,240000.0,,,,
SII-018,43,99,0.0,391261.0,391261.0,240000.0,391261.0,22613.0,391261.0,218796.0,240000.0,,,,
SII-018,44,100,0.0,391303.0,391303.0,240000.0,391303.0,22616.0,391303.0,218009.0,240000.0,,,,
SII-018,45,101,0.0,391345.0,391345.0,240000.0,391345.0,22618.0,391345.0,217226.0,240000.0,,,,
SII-018,46,102,0.0,391387.0,391387.0,240000.0,391387.0,22621.0,391387.0,216445.0,240000.0,,,,
SII-018,47,103,0.0,391429.0,391429.0,240000.0,391429.0,22623.0,391429.0,215667.0,240000.0,,,,
SII-018,48,104,0.0,391472.0,391472.0,240000.0,391472.0,22626.0,391472.0,214892.0,240000.0,,,,
SII-018,49,105,0.0,391514.0,391514.0,240000.0,391514.0,22628.0,391514.0,214120.0,240000.0,,,,
SII-018,50,106,0.0,391556.0,391556.0,240000.0,391556.0,22630.0,391556.0,213350.0,240000.0,,,,
SII-018,51,107,0.0,391598.0,391598.0,240000.0,391598.0,22633.0,391598.0,212583.0,240000.0,,,,
SII-018,52,108,0.0,391641.0,391641.0,240000.0,391641.0,22635.0,391641.0,211819.0,240000.0,,,,
SII-018,53,109,0.0,391683.0,391683.0,240000.0,391683.0,22638.0,391683.0,211058.0,240000.0,,,,
SII-018,54,110,0.0,391725.0,391725.0,240000.0,391725.0,22640.0,391725.0,210299.0,240000.0,,,,
SII-018,55,111,0.0,391767.0,391767.0,240000.0,391767.0,22643.0,391767.0,209544.0,240000.0,,,,
SII-018,56,112,0.0,391809.0,391809.0,240000.0,391809.0,22645.0,391809.0,208790.0,240000.0,,,,
SII-018,57,113,0.0,391852.0,391852.0,240000.0,391852.0,22647.0,391852.0,208040.0,240000.0,,,,
SII-018,58,114,0.0,391894.0,391894.0,240000.0,391894.0,22650.0,391894.0,207292.0,240000.0,,,,
SII-018,59,115,0.0,391936.0,391936.0,240000.0,391936.0,22652.0,391936.0,206547.0,240000.0,,,,
SII-018,60,116,0.0,391978.0,391978.0,240000.0,391978.0,22655.0,391978.0,205805.0,240000.0,,,,
SII-018,61,117,0.0,392021.0,392021.0,240000.0,392021.0,22657.0,392021.0,205065.0,240000.0,,,,
SII-018,62,118,0.0,392063.0,392063.0,240000.0,392063.0,22660.0,392063.0,204328.0,240000.0,,,,
SII-018,63,119,0.0,392105.0,392105.0,240000.0,392105.0,22662.0,392105.0,203594.0,240000.0,,,,
SII-018,64,120,0.0,392147.0,392147.0,240000.0,392147.0,22665.0,392147.0,202862.0,240000.0,,,,
SII-018,65,121,0.0,392190.0,392190.0,240000.0,392190.0,22667.0,392190.0,202133.0,240000.0,,,,
SII-018,66,122,0.0,392232.0,392232.0,240000.0,392232.0,22669.0,392232.0,201407.0,240000.0,,,,
SII-018,67,123,0.0,392274.0,392274.0,240000.0,392274.0,22672.0,392274.0,200683.0,240000.0,,,,
SII-018,68,124,0.0,392317.0,392317.0,240000.0,392317.0,22674.0,392317.0,199961.0,240000.0,,,,
SII-018,69,125,0.0,392359.0,392359.0,240000.0,392359.0,22677.0,392359.0,199243.0,240000.0,,,,
SII-019,1,57,100000.0,87104.0,23104.0,20000.0,23104.0,0.0,105000.0,81566.0,20000.0,0.0,83246.0,106350.0,23104.0
SII-019,2,58,100000.0,185787.0,115947.0,120000.0,120000.0,0.0,210000.0,169177.0,120000.0,0.0,99453.0,219453.0,120000.0
SII-019,3,59,100000.0,290902.0,215222.0,220000.0,220000.0,0.0,315000.0,256972.0,220000.0,0.0,119739.0,339739.0,220000.0
SII-019,4,60,100000.0,402832.0,321312.0,320000.0,321312.0,0.0,420000.0,344949.0,320000.0,0.0,146350.0,467662.0,321312.0
SII-019,5,61,0.0,422364.0,335004.0,320000.0,335004.0,0.0,422364.0,339446.0,320000.0,0.0,162354.0,497358.0,335004.0
SII-019,6,62,0.0,443064.0,349864.0,320000.0,349864.0,0.0,443064.0,333962.0,320000.0,0.0,179076.0,528941.0,349864.0
SII-019,7,63,0.0,465003.0,365963.0,320000.0,365963.0,0.0,465003.0,328499.0,320000.0,0.0,196566.0,562528.0,365963.0
SII-019,8,64,0.0,488253.0,399373.0,320000.0,399373.0,0.0,488253.0,323055.0,320000.0,0.0,198876.0,598249.0,399373.0
SII-019,9,65,0.0,488989.0,410269.0,320000.0,410269.0,23147.0,488989.0,317631.0,320000.0,0.0,202572.0,636238.0,433666.0
SII-019,10,66,0.0,489072.0,422509.0,320000.0,422509.0,23823.0,489072.0,312226.0,320000.0,0.0,206185.0,676639.0,470454.0
SII-019,11,67,0.0,489135.0,432487.0,316000.0,432487.0,23846.0,489135.0,306840.0,316000.0,0.0,,,
SII-019,12,68,0.0,489198.0,432667.0,312000.0,432667.0,23850.0,489198.0,301474.0,312000.0,0.0,,,
SII-019,13,69,0.0,489261.0,433197.0,308000.0,433197.0,23854.0,489261.0,296127.0,308000.0,0.0,,,
SII-019,14,70,0.0,489324.0,433902.0,304000.0,433902.0,23857.0,489324.0,290800.0,304000.0,0.0,,,
SII-019,15,71,0.0,489387.0,434607.0,300000.0,434607.0,23861.0,489387.0,285491.0,300000.0,0.0,307526.0,920544.0,613018.0
SII-019,16,72,0.0,489450.0,435138.0,296000.0,435138.0,23865.0,489450.0,280202.0,296000.0,0.0,,,
SII-019,17,73,0.0,489512.0,436252.0,292000.0,436252.0,23868.0,489512.0,274932.0,292000.0,0.0,,,
SII-019,18,74,0.0,489575.0,436957.0,288000.0,436957.0,23872.0,489575.0,269680.0,288000.0,0.0,,,
SII-019,19,75,0.0,489638.0,438129.0,284000.0,438129.0,23876.0,489638.0,264448.0,284000.0,0.0,,,
SII-019,20,76,0.0,489701.0,438659.0,280000.0,438659.0,23879.0,489701.0,259234.0,280000.0,0.0,491157.0,1252368.0,761211.0
SII-019,21,77,0.0,489764.0,439540.0,276000.0,439540.0,23883.0,489764.0,254039.0,276000.0,,,,
SII-019,22,78,0.0,489827.0,440771.0,272000.0,440771.0,23887.0,489827.0,248863.0,272000.0,,,,
SII-019,23,79,0.0,489890.0,442352.0,268000.0,442352.0,23890.0,489890.0,243705.0,268000.0,,,,
SII-019,24,80,0.0,489953.0,444284.0,264000.0,444284.0,23894.0,489953.0,238566.0,264000.0,,,,
SII-019,25,81,0.0,490016.0,446566.0,260000.0,446566.0,23897.0,490016.0,233445.0,260000.0,0.0,775446.0,1703803.0,928357.0
SII-019,26,82,0.0,490216.0,450971.0,256000.0,450971.0,28181.0,490216.0,232606.0,256000.0,,,,
SII-019,27,83,0.0,490273.0,455233.0,252000.0,455233.0,28332.0,490273.0,231770.0,252000.0,,,,
SII-019,28,84,0.0,490326.0,459491.0,248000.0,459491.0,28339.0,490326.0,230937.0,248000.0,,,,
SII-019,29,85,0.0,490379.0,463748.0,244000.0,463748.0,28342.0,490379.0,230107.0,244000.0,,,,
SII-019,30,86,0.0,490432.0,490432.0,240000.0,490432.0,28345.0,490432.0,229280.0,240000.0,0.0,1146699.0,2317965.0,1171266.0
SII-019,31,87,0.0,490484.0,490484.0,240000.0,490484.0,28348.0,490484.0,228456.0,240000.0,,,,
SII-019,32,88,0.0,490537.0,490537.0,240000.0,490537.0,28351.0,490537.0,227635.0,240000.0,,,,
SII-019,33,89,0.0,490590.0,490590.0,240000.0,490590.0,28354.0,490590.0,226817.0,240000.0,,,,
SII-019,34,90,0.0,490643.0,490643.0,240000.0,490643.0,28357.0,490643.0,226002.0,240000.0,,,,
SII-019,35,91,0.0,490696.0,490696.0,240000.0,490696.0,28360.0,490696.0,225189.0,240000.0,0.0,1761969.0,3153511.0,1391541.0
SII-019,36,92,0.0,490749.0,490749.0,240000.0,490749.0,28363.0,490749.0,224380.0,240000.0,,,,
SII-019,37,93,0.0,490802.0,490802.0,240000.0,490802.0,28366.0,490802.0,223574.0,240000.0,,,,
SII-019,38,94,0.0,490855.0,490855.0,240000.0,490855.0,28369.0,490855.0,222770.0,240000.0,,,,
SII-019,39,95,0.0,490908.0,490908.0,240000.0,490908.0,28372.0,490908.0,221970.0,240000.0,,,,
SII-019,40,96,0.0,490960.0,490960.0,240000.0,490960.0,28376.0,490960.0,221172.0,240000.0,0.0,2655446.0,4290242.0,1634796.0
SII-019,41,97,0.0,491013.0,491013.0,240000.0,491013.0,28379.0,491013.0,220377.0,240000.0,,,,
SII-019,42,98,0.0,491066.0,491066.0,240000.0,491066.0,28382.0,491066.0,219585.0,240000.0,,,,
SII-019,43,99,0.0,491119.0,491119.0,240000.0,491119.0,28385.0,491119.0,218796.0,240000.0,,,,
SII-019,44,100,0.0,491172.0,491172.0,240000.0,491172.0,28388.0,491172.0,218009.0,240000.0,,,,
SII-019,45,101,0.0,491225.0,491225.0,240000.0,491225.0,28391.0,491225.0,217226.0,240000.0,,,,
SII-019,46,102,0.0,491278.0,491278.0,240000.0,491278.0,28394.0,491278.0,216445.0,240000.0,,,,
SII-019,47,103,0.0,491331.0,491331.0,240000.0,491331.0,28397.0,491331.0,215667.0,240000.0,,,,
SII-019,48,104,0.0,491384.0,491384.0,240000.0,491384.0,28400.0,491384.0,214892.0,240000.0,,,,
SII-019,49,105,0.0,491437.0,491437.0,240000.0,491437.0,28403.0,491437.0,214120.0,240000.0,,,,
SII-019,50,106,0.0,491490.0,491490.0,240000.0,491490.0,28406.0,491490.0,213350.0,240000.0,,,,
SII-019,51,107,0.0,491543.0,491543.0,240000.0,491543.0,28409.0,491543.0,212583.0,240000.0,,,,
SII-019,52,108,0.0,491596.0,491596.0,240000.0,491596.0,28412.0,491596.0,211819.0,240000.0,,,,
SII-019,53,109,0.0,491649.0,491649.0,240000.0,491649.0,28415.0,491649.0,211058.0,240000.0,,,,
SII-019,54,110,0.0,491702.0,491702.0,240000.0,491702.0,28419.0,491702.0,210299.0,240000.0,,,,
SII-019,55,111,0.0,491755.0,491755.0,240000.0,491755.0,28422.0,491755.0,209544.0,240000.0,,,,
SII-019,56,112,0.0,491808.0,491808.0,240000.0,491808.0,28425.0,491808.0,208790.0,240000.0,,,,
SII-019,57,113,0.0,491861.0,491861.0,240000.0,491861.0,28428.0,491861.0,208040.0,240000.0,,,,
SII-019,58,114,0.0,491914.0,491914.0,240000.0,491914.0,28431.0,491914.0,207292.0,240000.0,,,,
SII-019,59,115,0.0,491967.0,491967.0,240000.0,491967.0,28434.0,491967.0,206547.0,240000.0,,,,
SII-019,60,116,0.0,492020.0,492020.0,240000.0,492020.0,28437.0,492020.0,205805.0,240000.0,,,,
SII-019,61,117,0.0,492073.0,492073.0,240000.0,492073.0,28440.0,492073.0,205065.0,240000.0,,,,
SII-019,62,118,0.0,492126.0,492126.0,240000.0,492126.0,28443.0,492126.0,204328.0,240000.0,,,,
SII-019,63,119,0.0,492179.0,492179.0,240000.0,492179.0,28446.0,492179.0,203594.0,240000.0,,,,
SII-019,64,120,0.0,492232.0,492232.0,240000.0,492232.0,28449.0,492232.0,202862.0,240000.0,,,,
SII-019,65,121,0.0,492285.0,492285.0,240000.0,492285.0,28452.0,492285.0,202133.0,240000.0,,,,
SII-019,66,122,0.0,492339.0,492339.0,240000.0,492339.0,28455.0,492339.0,201407.0,240000.0,,,,
SII-019,67,123,0.0,492392.0,492392.0,240000.0,492392.0,28458.0,492392.0,200683.0,240000.0,,,,
SII-019,68,124,0.0,492445.0,492445.0,240000.0,492445.0,28461.0,492445.0,199961.0,240000.0,,,,
SII-019,69,125,0.0,492498.0,492498.0,240000.0,492498.0,28464.0,492498.0,199243.0,240000.0,,,,
SII-020,1,57,100000.0,87104.0,23104.0,20000.0,23104.0,0.0,105000.0,81566.0,20000.0,0.0,83246.0,106350.0,23104.0
SII-020,2,58,100000.0,185787.0,115947.0,120000.0,120000.0,0.0,210000.0,169177.0,120000.0,0.0,99453.0,219453.0,120000.0
SII-020,3,59,100000.0,290902.0,215222.0,220000.0,220000.0,0.0,315000.0,256972.0,220000.0,0.0,119739.0,339739.0,220000.0
SII-020,4,60,100000.0,402832.0,321312.0,320000.0,321312.0,0.0,420000.0,344949.0,320000.0,0.0,146350.0,467662.0,321312.0
SII-020,5,61,0.0,422364.0,335004.0,320000.0,335004.0,0.0,422364.0,339446.0,320000.0,0.0,162354.0,497358.0,335004.0
SII-020,6,62,0.0,443064.0,349864.0,320000.0,349864.0,0.0,443064.0,333962.0,320000.0,0.0,179076.0,528941.0,349864.0
SII-020,7,63,0.0,465003.0,365963.0,320000.0,365963.0,0.0,465003.0,328499.0,320000.0,0.0,196566.0,562528.0,365963.0
SII-020,8,64,0.0,488253.0,399373.0,320000.0,399373.0,0.0,488253.0,323055.0,320000.0,0.0,198876.0,598249.0,399373.0
SII-020,9,65,0.0,512894.0,434174.0,320000.0,434174.0,0.0,512894.0,317631.0,320000.0,0.0,202064.0,636238.0,434174.0
SII-020,10,66,0.0,539008.0,472445.0,320000.0,472445.0,0.0,539008.0,312226.0,320000.0,0.0,204194.0,676639.0,472445.0
SII-020,11,67,0.0,566684.0,510036.0,316000.0,510036.0,0.0,566684.0,306840.0,316000.0,0.0,,,
SII-020,12,68,0.0,596015.0,539483.0,312000.0,539483.0,0.0,596015.0,301474.0,312000.0,0.0,,,
SII-020,13,69,0.0,627099.0,571035.0,308000.0,571035.0,0.0,627099.0,296127.0,308000.0,0.0,,,
SII-020,14,70,0.0,628078.0,572656.0,304000.0,572656.0,30953.0,628078.0,290800.0,304000.0,0.0,,,
SII-020,15,71,0.0,628182.0,573403.0,300000.0,573403.0,31856.0,628182.0,285491.0,300000.0,0.0,283028.0,920544.0,637515.0
SII-020,16,72,0.0,628260.0,573948.0,296000.0,573948.0,31887.0,628260.0,280202.0,296000.0,0.0,,,
SII-020,17,73,0.0,628338.0,575077.0,292000.0,575077.0,31892.0,628338.0,274932.0,292000.0,0.0,,,
SII-020,18,74,0.0,628416.0,575797.0,288000.0,575797.0,31896.0,628416.0,269680.0,288000.0,0.0,,,
SII-020,19,75,0.0,628494.0,576985.0,284000.0,576985.0,31901.0,628494.0,264448.0,284000.0,0.0,,,
SII-020,20,76,0.0,628571.0,577530.0,280000.0,577530.0,31905.0,628571.0,259234.0,280000.0,0.0,436270.0,1252368.0,816097.0
SII-020,21,77,0.0,628649.0,578425.0,276000.0,578425.0,31910.0,628649.0,254039.0,276000.0,,,,
SII-020,22,78,0.0,628727.0,579671.0,272000.0,579671.0,31914.0,628727.0,248863.0,272000.0,,,,
SII-020,23,79,0.0,628805.0,581268.0,268000.0,581268.0,31919.0,628805.0,243705.0,268000.0,,,,
SII-020,24,80,0.0,628883.0,583214.0,264000.0,583214.0,31923.0,628883.0,238566.0,264000.0,,,,
SII-020,25,81,0.0,628961.0,585511.0,260000.0,585511.0,31928.0,628961.0,233445.0,260000.0,0.0,686993.0,1703803.0,1016810.0
SII-020,26,82,0.0,629176.0,589931.0,256000.0,589931.0,36213.0,629176.0,232606.0,256000.0,,,,
SII-020,27,83,0.0,629248.0,594208.0,252000.0,594208.0,36364.0,629248.0,231770.0,252000.0,,,,
SII-020,28,84,0.0,629316.0,598481.0,248000.0,598481.0,36372.0,629316.0,230937.0,248000.0,,,,
SII-020,29,85,0.0,629384.0,602753.0,244000.0,602753.0,36376.0,629384.0,230107.0,244000.0,,,,
SII-020,30,86,0.0,629452.0,629452.0,240000.0,629452.0,36380.0,629452.0,229280.0,240000.0,0.0,1021171.0,2317965.0,1296794.0
SII-020,31,87,0.0,629520.0,629520.0,240000.0,629520.0,36384.0,629520.0,228456.0,240000.0,,,,
SII-020,32,88,0.0,629588.0,629588.0,240000.0,629588.0,36388.0,629588.0,227635.0,240000.0,,,,
SII-020,33,89,0.0,629655.0,629655.0,240000.0,629655.0,36392.0,629655.0,226817.0,240000.0,,,,
SII-020,34,90,0.0,629723.0,629723.0,240000.0,629723.0,36395.0,629723.0,226002.0,240000.0,,,,
SII-020,35,91,0.0,629791.0,629791.0,240000.0,629791.0,36399.0,629791.0,225189.0,240000.0,0.0,1595492.0,3153511.0,1558019.0
SII-020,36,92,0.0,629859.0,629859.0,240000.0,629859.0,36403.0,629859.0,224380.0,240000.0,,,,
SII-020,37,93,0.0,629927.0,629927.0,240000.0,629927.0,36407.0,629927.0,223574.0,240000.0,,,,
SII-020,38,94,0.0,629995.0,629995.0,240000.0,629995.0,36411.0,629995.0,222770.0,240000.0,,,,
SII-020,39,95,0.0,630063.0,630063.0,240000.0,630063.0,36415.0,630063.0,221970.0,240000.0,,,,
SII-020,40,96,0.0,630131.0,630131.0,240000.0,630131.0,36419.0,630131.0,221172.0,240000.0,0.0,2443741.0,4290242.0,1846500.0
SII-020,41,97,0.0,630199.0,630199.0,240000.0,630199.0,36423.0,630199.0,220377.0,240000.0,,,,
SII-020,42,98,0.0,630267.0,630267.0,240000.0,630267.0,36427.0,630267.0,219585.0,240000.0,,,,
SII-020,43,99,0.0,630335.0,630335.0,240000.0,630335.0,36431.0,630335.0,218796.0,240000.0,,,,
SII-020,44,100,0.0,630403.0,630403.0,240000.0,630403.0,36435.0,630403.0,218009.0,240000.0,,,,
SII-020,45,101,0.0,630471.0,630471.0,240000.0,630471.0,36439.0,630471.0,217226.0,240000.0,,,,
SII-020,46,102,0.0,630539.0,630539.0,240000.0,630539.0,36443.0,630539.0,216445.0,240000.0,,,,
SII-020,47,103,0.0,630607.0,630607.0,240000.0,630607.0,36447.0,630607.0,215667.0,240000.0,,,,
SII-020,48,104,0.0,630675.0,630675.0,240000.0,630675.0,36450.0,630675.0,214892.0,240000.0,,,,
SII-020,49,105,0.0,630743.0,630743.0,240000.0,630743.0,36454.0,630743.0,214120.0,240000.0,,,,
SII-020,50,106,0.0,630811.0,630811.0,240000.0,630811.0,36458.0,630811.0,213350.0,240000.0,,,,
SII-020,51,107,0.0,630879.0,630879.0,240000.0,630879.0,36462.0,630879.0,212583.0,240000.0,,,,
SII-020,52,108,0.0,630947.0,630947.0,240000.0,630947.0,36466.0,630947.0,211819.0,240000.0,,,,
SII-020,53,109,0.0,631015.0,631015.0,240000.0,631015.0,36470.0,631015.0,211058.0,240000.0,,,,
SII-020,54,110,0.0,631083.0,631083.0,240000.0,631083.0,36474.0,631083.0,210299.0,240000.0,,,,
SII-020,55,111,0.0,631151.0,631151.0,240000.0,631151.0,36478.0,631151.0,209544.0,240000.0,,,,
SII-020,56,112,0.0,631219.0,631219.0,240000.0,631219.0,36482.0,631219.0,208790.0,240000.0,,,,
SII-020,57,113,0.0,631287.0,631287.0,240000.0,631287.0,36486.0,631287.0,208040.0,240000.0,,,,
SII-020,58,114,0.0,631355.0,631355.0,240000.0,631355.0,36490.0,631355.0,207292.0,240000.0,,,,
SII-020,59,115,0.0,631423.0,631423.0,240000.0,631423.0,36494.0,631423.0,206547.0,240000.0,,,,
SII-020,60,116,0.0,631491.0,631491.0,240000.0,631491.0,36498.0,631491.0,205805.0,240000.0,,,,
SII-020,61,117,0.0,631559.0,631559.0,240000.0,631559.0,36502.0,631559.0,205065.0,240000.0,,,,
SII-020,62,118,0.0,631628.0,631628.0,240000.0,631628.0,36506.0,631628.0,204328.0,240000.0,,,,
SII-020,63,119,0.0,631696.0,631696.0,240000.0,631696.0,36510.0,631696.0,203594.0,240000.0,,,,
SII-020,64,120,0.0,631764.0,631764.0,240000.0,631764.0,36513.0,631764.0,202862.0,240000.0,,,,
SII-020,65,121,0.0,631832.0,631832.0,240000.0,631832.0,36517.0,631832.0,202133.0,240000.0,,,,
SII-020,66,122,0.0,631900.0,631900.0,240000.0,631900.0,36521.0,631900.0,201407.0,240000.0,,,,
SII-020,67,123,0.0,631968.0,631968.0,240000.0,631968.0,36525.0,631968.0,200683.0,240000.0,,,,
SII-020,68,124,0.0,632036.0,632036.0,240000.0,632036.0,36529.0,632036.0,199961.0,240000.0,,,,
SII-020,69,125,0.0,632104.0,632104.0,240000.0,632104.0,36533.0,632104.0,199243.0,240000.0,,,,
SII-021,1,47,100000.0,84505.0,4505.0,0.0,4505.0,0.0,105000.0,79040.0,0.0,0.0,101845.0,106350.0,4505.0
SII-021,2,48,100000.0,181893.0,94593.0,100000.0,100000.0,0.0,210000.0,165594.0,100000.0,0.0,119453.0,219453.0,100000.0
SII-021,3,49,100000.0,284633.0,190033.0,200000.0,200000.0,970.0,314030.0,252336.0,200000.0,0.0,138758.0,339739.0,200980.0
SII-021,4,50,100000.0,384050.0,282150.0,300000.0,300000.0,10651.0,408379.0,339264.0,300000.0,0.0,155896.0,467662.0,311766.0
SII-021,5,51,100000.0,483895.0,374695.0,400000.0,400000.0,16506.0,496874.0,426377.0,400000.0,0.0,175023.0,603708.0,428685.0
SII-021,6,52,0.0,484127.0,367627.0,400000.0,400000.0,22279.0,484127.0,419516.0,400000.0,0.0,190265.0,642044.0,451779.0
SII-021,7,53,0.0,484197.0,360397.0,400000.0,400000.0,22450.0,484197.0,412679.0,400000.0,0.0,207307.0,682814.0,475507.0
SII-021,8,54,0.0,484262.0,373162.0,400000.0,400000.0,22459.0,484262.0,405866.0,400000.0,0.0,226454.0,726172.0,499719.0
SII-021,9,55,0.0,484326.0,385926.0,400000.0,400000.0,22463.0,484326.0,399079.0,400000.0,0.0,247866.0,772284.0,524419.0
SII-021,10,56,0.0,484391.0,401187.0,400000.0,401187.0,22467.0,484391.0,392315.0,400000.0,0.0,270521.0,821324.0,550803.0
SII-021,11,57,0.0,484456.0,413646.0,395000.0,413646.0,22470.0,484456.0,385576.0,395000.0,0.0,,,
SII-021,12,58,0.0,484520.0,413856.0,390000.0,413856.0,22474.0,484520.0,378861.0,390000.0,0.0,,,
SII-021,13,59,0.0,484585.0,414505.0,385000.0,414505.0,22478.0,484585.0,372170.0,385000.0,0.0,,,
SII-021,14,60,0.0,484650.0,415373.0,380000.0,415373.0,22482.0,484650.0,365503.0,380000.0,0.0,,,
SII-021,15,61,0.0,484714.0,416240.0,375000.0,416240.0,22485.0,484714.0,358860.0,375000.0,0.0,417716.0,1117383.0,699667.0
SII-021,16,62,0.0,484779.0,416889.0,370000.0,416889.0,22489.0,484779.0,352241.0,370000.0,0.0,,,
SII-021,17,63,0.0,484844.0,418268.0,365000.0,418268.0,22493.0,484844.0,345646.0,365000.0,0.0,,,
SII-021,18,64,0.0,484908.0,419135.0,360000.0,419135.0,22497.0,484908.0,339075.0,360000.0,0.0,,,
SII-021,19,65,0.0,484973.0,420587.0,355000.0,420587.0,22500.0,484973.0,332527.0,355000.0,0.0,,,
SII-021,20,66,0.0,485038.0,421236.0,350000.0,421236.0,22504.0,485038.0,326003.0,350000.0,0.0,667663.0,1520161.0,852498.0
SII-021,21,67,0.0,485102.0,422322.0,345000.0,422322.0,22508.0,485102.0,319502.0,345000.0,,,,
SII-021,22,68,0.0,485167.0,423847.0,340000.0,423847.0,22512.0,485167.0,313024.0,340000.0,,,,
SII-021,23,69,0.0,485232.0,425810.0,335000.0,425810.0,22515.0,485232.0,306570.0,335000.0,,,,
SII-021,24,70,0.0,485296.0,428210.0,330000.0,428210.0,22519.0,485296.0,300139.0,330000.0,,,,
SII-021,25,71,0.0,485361.0,431049.0,325000.0,431049.0,22523.0,485361.0,293731.0,325000.0,0.0,1042494.0,2068127.0,1025633.0
SII-021,26,72,0.0,485598.0,436542.0,320000.0,436542.0,27876.0,485598.0,292675.0,320000.0,,,,
SII-021,27,73,0.0,485656.0,441856.0,315000.0,441856.0,28063.0,485656.0,291624.0,315000.0,,,,
SII-021,28,74,0.0,485708.0,447164.0,310000.0,447164.0,28072.0,485708.0,290575.0,310000.0,,,,
SII-021,29,75,0.0,485761.0,452473.0,305000.0,452473.0,28075.0,485761.0,289531.0,305000.0,,,,
SII-021,30,76,0.0,485813.0,485813.0,300000.0,485813.0,28078.0,485813.0,288490.0,300000.0,0.0,1523882.0,2813615.0,1289733.0
SII-021,31,77,0.0,485865.0,485865.0,300000.0,485865.0,28081.0,485865.0,287454.0,300000.0,,,,
SII-021,32,78,0.0,485918.0,485918.0,300000.0,485918.0,28084.0,485918.0,286420.0,300000.0,,,,
SII-021,33,79,0.0,485970.0,485970.0,300000.0,485970.0,28087.0,485970.0,285391.0,300000.0,,,,
SII-021,34,80,0.0,486022.0,486022.0,300000.0,486022.0,28090.0,486022.0,284365.0,300000.0,,,,
SII-021,35,81,0.0,486075.0,486075.0,300000.0,486075.0,28093.0,486075.0,283343.0,300000.0,0.0,2306413.0,3827825.0,1521412.0
SII-021,36,82,0.0,486127.0,486127.0,300000.0,486127.0,28096.0,486127.0,282325.0,300000.0,,,,
SII-021,37,83,0.0,486180.0,486180.0,300000.0,486180.0,28099.0,486180.0,281310.0,300000.0,,,,
SII-021,38,84,0.0,486232.0,486232.0,300000.0,486232.0,28102.0,486232.0,280299.0,300000.0,,,,
SII-021,39,85,0.0,486285.0,486285.0,300000.0,486285.0,28105.0,486285.0,279292.0,300000.0,,,,
SII-021,40,86,0.0,486337.0,486337.0,300000.0,486337.0,28108.0,486337.0,278288.0,300000.0,0.0,3430366.0,5207623.0,1777257.0
SII-021,41,87,0.0,486389.0,486389.0,300000.0,486389.0,28111.0,486389.0,277288.0,300000.0,,,,
SII-021,42,88,0.0,486442.0,486442.0,300000.0,486442.0,28114.0,486442.0,276291.0,300000.0,,,,
SII-021,43,89,0.0,486494.0,486494.0,300000.0,486494.0,28117.0,486494.0,275298.0,300000.0,,,,
SII-021,44,90,0.0,486547.0,486547.0,300000.0,486547.0,28120.0,486547.0,274309.0,300000.0,,,,
SII-021,45,91,0.0,486599.0,486599.0,300000.0,486599.0,28124.0,486599.0,273323.0,300000.0,,,,
SII-021,46,92,0.0,486652.0,486652.0,300000.0,486652.0,28127.0,486652.0,272341.0,300000.0,,,,
SII-021,47,93,0.0,486704.0,486704.0,300000.0,486704.0,28130.0,486704.0,271362.0,300000.0,,,,
SII-021,48,94,0.0,486757.0,486757.0,300000.0,486757.0,28133.0,486757.0,270386.0,300000.0,,,,
SII-021,49,95,0.0,486809.0,486809.0,300000.0,486809.0,28136.0,486809.0,269415.0,300000.0,,,,
SII-021,50,96,0.0,486862.0,486862.0,300000.0,486862.0,28139.0,486862.0,268446.0,300000.0,,,,
SII-021,51,97,0.0,486914.0,486914.0,300000.0,486914.0,28142.0,486914.0,267482.0,300000.0,,,,
SII-021,52,98,0.0,486966.0,486966.0,300000.0,486966.0,28145.0,486966.0,266520.0,300000.0,,,,
SII-021,53,99,0.0,487019.0,487019.0,300000.0,487019.0,28148.0,487019.0,265562.0,300000.0,,,,
SII-021,54,100,0.0,487072.0,487072.0,300000.0,487072.0,28151.0,487072.0,264608.0,300000.0,,,,
SII-021,55,101,0.0,487124.0,487124.0,300000.0,487124.0,28154.0,487124.0,263657.0,300000.0,,,,
SII-021,56,102,0.0,487177.0,487177.0,300000.0,487177.0,28157.0,487177.0,262709.0,300000.0,,,,
SII-021,57,103,0.0,487229.0,487229.0,300000.0,487229.0,28160.0,487229.0,261765.0,300000.0,,,,
SII-021,58,104,0.0,487282.0,487282.0,300000.0,487282.0,28163.0,487282.0,260824.0,300000.0,,,,
SII-021,59,105,0.0,487334.0,487334.0,300000.0,487334.0,28166.0,487334.0,259887.0,300000.0,,,,
SII-021,60,106,0.0,487387.0,487387.0,300000.0,487387.0,28169.0,487387.0,258953.0,300000.0,,,,
SII-021,61,107,0.0,487439.0,487439.0,300000.0,487439.0,28172.0,487439.0,258022.0,300000.0,,,,
SII-021,62,108,0.0,487492.0,487492.0,300000.0,487492.0,28175.0,487492.0,257095.0,300000.0,,,,
SII-021,63,109,0.0,487544.0,487544.0,300000.0,487544.0,28178.0,487544.0,256171.0,300000.0,,,,
SII-021,64,110,0.0,487597.0,487597.0,300000.0,487597.0,28181.0,487597.0,255250.0,300000.0,,,,
SII-021,65,111,0.0,487650.0,487650.0,300000.0,487650.0,28184.0,487650.0,254333.0,300000.0,,,,
SII-021,66,112,0.0,487702.0,487702.0,300000.0,487702.0,28187.0,487702.0,253419.0,300000.0,,,,
SII-021,67,113,0.0,487755.0,487755.0,300000.0,487755.0,28190.0,487755.0,252508.0,300000.0,,,,
SII-021,68,114,0.0,487807.0,487807.0,300000.0,487807.0,28193.0,487807.0,251600.0,300000.0,,,,
SII-021,69,115,0.0,487860.0,487860.0,300000.0,487860.0,28196.0,487860.0,250696.0,300000.0,,,,
SII-021,70,116,0.0,487913.0,487913.0,300000.0,487913.0,28199.0,487913.0,249795.0,300000.0,,,,
SII-021,71,117,0.0,487965.0,487965.0,300000.0,487965.0,28203.0,487965.0,248897.0,300000.0,,,,
SII-021,72,118,0.0,488018.0,488018.0,300000.0,488018.0,28206.0,488018.0,248003.0,300000.0,,,,
SII-021,73,119,0.0,488070.0,488070.0,300000.0,488070.0,28209.0,488070.0,247111.0,300000.0,,,,
SII-021,74,120,0.0,488123.0,488123.0,300000.0,488123.0,28212.0,488123.0,246223.0,300000.0,,,,
SII-021,75,121,0.0,488176.0,488176.0,300000.0,488176.0,28215.0,488176.0,245338.0,300000.0,,,,
SII-021,76,122,0.0,488228.0,488228.0,300000.0,488228.0,28218.0,488228.0,244456.0,300000.0,,,,
SII-021,77,123,0.0,488281.0,488281.0,300000.0,488281.0,28221.0,488281.0,243578.0,300000.0,,,,
SII-021,78,124,0.0,488334.0,488334.0,300000.0,488334.0,28224.0,488334.0,242702.0,300000.0,,,,
SII-021,79,125,0.0,488386.0,488386.0,300000.0,488386.0,28227.0,488386.0,241830.0,300000.0,,,,
SII-022,1,47,100000.0,84505.0,4505.0,0.0,4505.0,0.0,105000.0,79040.0,0.0,0.0,101845.0,106350.0,4505.0
SII-022,2,48,100000.0,181893.0,94593.0,100000.0,100000.0,0.0,210000.0,165594.0,100000.0,0.0,119453.0,219453.0,100000.0
SII-022,3,49,100000.0,285635.0,191035.0,200000.0,200000.0,0.0,315000.0,252336.0,200000.0,0.0,139739.0,339739.0,200000.0
SII-022,4,50,100000.0,385080.0,283180.0,300000.0,300000.0,10681.0,409319.0,339264.0,300000.0,0.0,156866.0,467662.0,310796.0
SII-022,5,51,100000.0,484927.0,375727.0,400000.0,400000.0,16564.0,497755.0,426377.0,400000.0,0.0,175953.0,603708.0,427755.0
SII-022,6,52,0.0,485159.0,368659.0,400000.0,400000.0,22339.0,485159.0,419516.0,400000.0,0.0,191154.0,642044.0,450890.0
SII-022,7,53,0.0,485229.0,361429.0,400000.0,400000.0,22510.0,485229.0,412679.0,400000.0,0.0,208152.0,682814.0,474661.0
SII-022,8,54,0.0,485294.0,374194.0,400000.0,400000.0,22519.0,485294.0,405866.0,400000.0,0.0,227256.0,726172.0,498916.0
SII-022,9,55,0.0,485359.0,386959.0,400000.0,400000.0,22523.0,485359.0,399079.0,400000.0,0.0,248624.0,772284.0,523660.0
SII-022,10,56,0.0,485423.0,402219.0,400000.0,402219.0,22526.0,485423.0,392315.0,400000.0,0.0,270202.0,821324.0,551123.0
SII-022,11,57,0.0,485488.0,414678.0,395000.0,414678.0,22530.0,485488.0,385576.0,395000.0,0.0,,,
SII-022,12,58,0.0,485553.0,414889.0,390000.0,414889.0,22534.0,485553.0,378861.0,390000.0,0.0,,,
SII-022,13,59,0.0,485618.0,415538.0,385000.0,415538.0,22537.0,485618.0,372170.0,385000.0,0.0,,,
SII-022,14,60,0.0,485683.0,416406.0,380000.0,416406.0,22541.0,485683.0,365503.0,380000.0,0.0,,,
SII-022,15,61,0.0,485747.0,417273.0,375000.0,417273.0,22545.0,485747.0,358860.0,375000.0,0.0,417157.0,1117383.0,700227.0
SII-022,16,62,0.0,485812.0,417922.0,370000.0,417922.0,22549.0,485812.0,352241.0,370000.0,0.0,,,
SII-022,17,63,0.0,485877.0,419301.0,365000.0,419301.0,22553.0,485877.0,345646.0,365000.0,0.0,,,
SII-022,18,64,0.0,485942.0,420169.0,360000.0,420169.0,22556.0,485942.0,339075.0,360000.0,0.0,,,
SII-022,19,65,0.0,486006.0,421620.0,355000.0,421620.0,22560.0,486006.0,332527.0,355000.0,0.0,,,
SII-022,20,66,0.0,486071.0,422269.0,350000.0,422269.0,22564.0,486071.0,326003.0,350000.0,0.0,666838.0,1520161.0,853323.0
SII-022,21,67,0.0,486136.0,423356.0,345000.0,423356.0,22568.0,486136.0,319502.0,345000.0,,,,
SII-022,22,68,0.0,486201.0,424881.0,340000.0,424881.0,22571.0,486201.0,313024.0,340000.0,,,,
SII-022,23,69,0.0,486266.0,426844.0,335000.0,426844.0,22575.0,486266.0,306570.0,335000.0,,,,
SII-022,24,70,0.0,486331.0,429245.0,330000.0,429245.0,22579.0,486331.0,300139.0,330000.0,,,,
SII-022,25,71,0.0,486395.0,432083.0,325000.0,432083.0,22582.0,486395.0,293731.0,325000.0,0.0,1041375.0,2068127.0,1026751.0
SII-022,26,72,0.0,486632.0,437576.0,320000.0,437576.0,27936.0,486632.0,292675.0,320000.0,,,,
SII-022,27,73,0.0,486690.0,442890.0,315000.0,442890.0,28123.0,486690.0,291624.0,315000.0,,,,
SII-022,28,74,0.0,486743.0,448199.0,310000.0,448199.0,28132.0,486743.0,290575.0,310000.0,,,,
SII-022,29,75,0.0,486795.0,453507.0,305000.0,453507.0,28135.0,486795.0,289531.0,305000.0,,,,
SII-022,30,76,0.0,486848.0,486848.0,300000.0,486848.0,28138.0,486848.0,288490.0,300000.0,0.0,1522440.0,2813615.0,1291175.0
SII-022,31,77,0.0,486900.0,486900.0,300000.0,486900.0,28141.0,486900.0,287454.0,300000.0,,,,
SII-022,32,78,0.0,486953.0,486953.0,300000.0,486953.0,28144.0,486953.0,286420.0,300000.0,,,,
SII-022,33,79,0.0,487005.0,487005.0,300000.0,487005.0,28147.0,487005.0,285391.0,300000.0,,,,
SII-022,34,80,0.0,487058.0,487058.0,300000.0,487058.0,28150.0,487058.0,284365.0,300000.0,,,,
SII-022,35,81,0.0,487110.0,487110.0,300000.0,487110.0,28153.0,487110.0,283343.0,300000.0,0.0,2304613.0,3827825.0,1523212.0
SII-022,36,82,0.0,487163.0,487163.0,300000.0,487163.0,28156.0,487163.0,282325.0,300000.0,,,,
SII-022,37,83,0.0,487215.0,487215.0,300000.0,487215.0,28159.0,487215.0,281310.0,300000.0,,,,
SII-022,38,84,0.0,487268.0,487268.0,300000.0,487268.0,28162.0,487268.0,280299.0,300000.0,,,,
SII-022,39,85,0.0,487320.0,487320.0,300000.0,487320.0,28165.0,487320.0,279292.0,300000.0,,,,
SII-022,40,86,0.0,487373.0,487373.0,300000.0,487373.0,28168.0,487373.0,278288.0,300000.0,0.0,3428171.0,5207623.0,1779452.0
SII-022,41,87,0.0,487425.0,487425.0,300000.0,487425.0,28171.0,487425.0,277288.0,300000.0,,,,
SII-022,42,88,0.0,487478.0,487478.0,300000.0,487478.0,28174.0,487478.0,276291.0,300000.0,,,,
SII-022,43,89,0.0,487531.0,487531.0,300000.0,487531.0,28177.0,487531.0,275298.0,300000.0,,,,
SII-022,44,90,0.0,487583.0,487583.0,300000.0,487583.0,28180.0,487583.0,274309.0,300000.0,,,,
SII-022,45,91,0.0,487636.0,487636.0,300000.0,487636.0,28183.0,487636.0,273323.0,300000.0,,,,
SII-022,46,92,0.0,487688.0,487688.0,300000.0,487688.0,28186.0,487688.0,272341.0,300000.0,,,,
SII-022,47,93,0.0,487741.0,487741.0,300000.0,487741.0,28189.0,487741.0,271362.0,300000.0,,,,
SII-022,48,94,0.0,487794.0,487794.0,300000.0,487794.0,28193.0,487794.0,270386.0,300000.0,,,,
SII-022,49,95,0.0,487846.0,487846.0,300000.0,487846.0,28196.0,487846.0,269415.0,300000.0,,,,
SII-022,50,96,0.0,487899.0,487899.0,300000.0,487899.0,28199.0,487899.0,268446.0,300000.0,,,,
SII-022,51,97,0.0,487951.0,487951.0,300000.0,487951.0,28202.0,487951.0,267482.0,300000.0,,,,
SII-022,52,98,0.0,488004.0,488004.0,300000.0,488004.0,28205.0,488004.0,266520.0,300000.0,,,,
SII-022,53,99,0.0,488057.0,488057.0,300000.0,488057.0,28208.0,488057.0,265562.0,300000.0,,,,
SII-022,54,100,0.0,488109.0,488109.0,300000.0,488109.0,28211.0,488109.0,264608.0,300000.0,,,,
SII-022,55,101,0.0,488162.0,488162.0,300000.0,488162.0,28214.0,488162.0,263657.0,300000.0,,,,
SII-022,56,102,0.0,488215.0,488215.0,300000.0,488215.0,28217.0,488215.0,262709.0,300000.0,,,,
SII-022,57,103,0.0,488267.0,488267.0,300000.0,488267.0,28220.0,488267.0,261765.0,300000.0,,,,
SII-022,58,104,0.0,488320.0,488320.0,300000.0,488320.0,28223.0,488320.0,260824.0,300000.0,,,,
SII-022,59,105,0.0,488373.0,488373.0,300000.0,488373.0,28226.0,488373.0,259887.0,300000.0,,,,
SII-022,60,106,0.0,488425.0,488425.0,300000.0,488425.0,28229.0,488425.0,258953.0,300000.0,,,,
SII-022,61,107,0.0,488478.0,488478.0,300000.0,488478.0,28232.0,488478.0,258022.0,300000.0,,,,
SII-022,62,108,0.0,488531.0,488531.0,300000.0,488531.0,28235.0,488531.0,257095.0,300000.0,,,,
SII-022,63,109,0.0,488583.0,488583.0,300000.0,488583.0,28238.0,488583.0,256171.0,300000.0,,,,
SII-022,64,110,0.0,488636.0,488636.0,300000.0,488636.0,28241.0,488636.0,255250.0,300000.0,,,,
SII-022,65,111,0.0,488688.0,488688.0,300000.0,488688.0,28244.0,488688.0,254333.0,300000.0,,,,
SII-022,66,112,0.0,488741.0,488741.0,300000.0,488741.0,28247.0,488741.0,253419.0,300000.0,,,,
SII-022,67,113,0.0,488794.0,488794.0,300000.0,488794.0,28250.0,488794.0,252508.0,300000.0,,,,
SII-022,68,114,0.0,488846.0,488846.0,300000.0,488846.0,28253.0,488846.0,251600.0,300000.0,,,,
SII-022,69,115,0.0,488899.0,488899.0,300000.0,488899.0,28257.0,488899.0,250696.0,300000.0,,,,
SII-022,70,116,0.0,488952.0,488952.0,300000.0,488952.0,28260.0,488952.0,249795.0,300000.0,,,,
SII-022,71,117,0.0,489005.0,489005.0,300000.0,489005.0,28262.0,489005.0,248897.0,300000.0,,,,
SII-022,72,118,0.0,489057.0,489057.0,300000.0,489057.0,28266.0,489057.0,248003.0,300000.0,,,,
SII-022,73,119,0.0,489110.0,489110.0,300000.0,489110.0,28269.0,489110.0,247111.0,300000.0,,,,
SII-022,74,120,0.0,489163.0,489163.0,300000.0,489163.0,28272.0,489163.0,246223.0,300000.0,,,,
SII-022,75,121,0.0,489216.0,489216.0,300000.0,489216.0,28275.0,489216.0,245338.0,300000.0,,,,
SII-022,76,122,0.0,489268.0,489268.0,300000.0,489268.0,28278.0,489268.0,244456.0,300000.0,,,,
SII-022,77,123,0.0,489321.0,489321.0,300000.0,489321.0,28281.0,489321.0,243578.0,300000.0,,,,
SII-022,78,124,0.0,489374.0,489374.0,300000.0,489374.0,28284.0,489374.0,242702.0,300000.0,,,,
SII-022,79,125,0.0,489427.0,489427.0,300000.0,489427.0,28287.0,489427.0,241830.0,300000.0,,,,
SII-023,1,47,100000.0,84505.0,4505.0,0.0,4505.0,0.0,105000.0,79040.0,0.0,0.0,101845.0,106350.0,4505.0
SII-023,2,48,100000.0,181893.0,94593.0,100000.0,100000.0,0.0,210000.0,165594.0,100000.0,0.0,119453.0,219453.0,100000.0
SII-023,3,49,100000.0,285635.0,191035.0,200000.0,200000.0,0.0,315000.0,252336.0,200000.0,0.0,139739.0,339739.0,200000.0
SII-023,4,50,100000.0,396111.0,294211.0,300000.0,300000.0,0.0,420000.0,339264.0,300000.0,0.0,167662.0,467662.0,300000.0
SII-023,5,51,100000.0,513723.0,404523.0,400000.0,404523.0,0.0,525000.0,426377.0,400000.0,0.0,199186.0,603708.0,404523.0
SII-023,6,52,0.0,514475.0,397975.0,400000.0,400000.0,23504.0,514475.0,419516.0,400000.0,0.0,218287.0,642044.0,423757.0
SII-023,7,53,0.0,514562.0,390762.0,400000.0,400000.0,24190.0,514562.0,412679.0,400000.0,0.0,234130.0,682814.0,448684.0
SII-023,8,54,0.0,514631.0,403531.0,400000.0,403531.0,24214.0,514631.0,405866.0,400000.0,0.0,248509.0,726172.0,477664.0
SII-023,9,55,0.0,514699.0,416299.0,400000.0,416299.0,24218.0,514699.0,399079.0,400000.0,0.0,255890.0,772284.0,516394.0
SII-023,10,56,0.0,514767.0,431563.0,400000.0,431563.0,24222.0,514767.0,392315.0,400000.0,0.0,263181.0,821324.0,558144.0
SII-023,11,57,0.0,514835.0,444025.0,395000.0,444025.0,24226.0,514835.0,385576.0,395000.0,0.0,,,
SII-023,12,58,0.0,514902.0,444238.0,390000.0,444238.0,24230.0,514902.0,378861.0,390000.0,0.0,,,
SII-023,13,59,0.0,514970.0,444890.0,385000.0,444890.0,24234.0,514970.0,372170.0,385000.0,0.0,,,
SII-023,14,60,0.0,515038.0,445761.0,380000.0,445761.0,24238.0,515038.0,365503.0,380000.0,0.0,,,
SII-023,15,61,0.0,515106.0,446632.0,375000.0,446632.0,24242.0,515106.0,358860.0,375000.0,0.0,403519.0,1117383.0,713864.0
SII-023,16,62,0.0,515174.0,447284.0,370000.0,447284.0,24246.0,515174.0,352241.0,370000.0,0.0,,,
SII-023,17,63,0.0,515242.0,448666.0,365000.0,448666.0,24250.0,515242.0,345646.0,365000.0,0.0,,,
SII-023,18,64,0.0,515310.0,449537.0,360000.0,449537.0,24254.0,515310.0,339075.0,360000.0,0.0,,,
SII-023,19,65,0.0,515378.0,450992.0,355000.0,450992.0,24258.0,515378.0,332527.0,355000.0,0.0,,,
SII-023,20,66,0.0,515446.0,451644.0,350000.0,451644.0,24261.0,515446.0,326003.0,350000.0,0.0,645892.0,1520161.0,874269.0
SII-023,21,67,0.0,515514.0,452734.0,345000.0,452734.0,24265.0,515514.0,319502.0,345000.0,,,,
SII-023,22,68,0.0,515582.0,454262.0,340000.0,454262.0,24269.0,515582.0,313024.0,340000.0,,,,
SII-023,23,69,0.0,515650.0,456228.0,335000.0,456228.0,24273.0,515650.0,306570.0,335000.0,,,,
SII-023,24,70,0.0,515718.0,458632.0,330000.0,458632.0,24277.0,515718.0,300139.0,330000.0,,,,
SII-023,25,71,0.0,515786.0,461474.0,325000.0,461474.0,24281.0,515786.0,293731.0,325000.0,0.0,1012358.0,2068127.0,1055769.0
SII-023,26,72,0.0,516026.0,466970.0,320000.0,466970.0,29635.0,516026.0,292675.0,320000.0,,,,
SII-023,27,73,0.0,516087.0,472287.0,315000.0,472287.0,29822.0,516087.0,291624.0,315000.0,,,,
SII-023,28,74,0.0,516143.0,477599.0,310000.0,477599.0,29831.0,516143.0,290575.0,310000.0,,,,
SII-023,29,75,0.0,516198.0,482910.0,305000.0,482910.0,29834.0,516198.0,289531.0,305000.0,,,,
SII-023,30,76,0.0,516254.0,516254.0,300000.0,516254.0,29837.0,516254.0,288490.0,300000.0,0.0,1484507.0,2813615.0,1329108.0
SII-023,31,77,0.0,516310.0,516310.0,300000.0,516310.0,29841.0,516310.0,287454.0,300000.0,,,,
SII-023,32,78,0.0,516365.0,516365.0,300000.0,516365.0,29844.0,516365.0,286420.0,300000.0,,,,
SII-023,33,79,0.0,516421.0,516421.0,300000.0,516421.0,29847.0,516421.0,285391.0,300000.0,,,,
SII-023,34,80,0.0,516477.0,516477.0,300000.0,516477.0,29850.0,516477.0,284365.0,300000.0,,,,
SII-023,35,81,0.0,516532.0,516532.0,300000.0,516532.0,29854.0,516532.0,283343.0,300000.0,0.0,2256834.0,3827825.0,1570991.0
SII-023,36,82,0.0,516588.0,516588.0,300000.0,516588.0,29857.0,516588.0,282325.0,300000.0,,,,
SII-023,37,83,0.0,516644.0,516644.0,300000.0,516644.0,29860.0,516644.0,281310.0,300000.0,,,,
SII-023,38,84,0.0,516699.0,516699.0,300000.0,516699.0,29863.0,516699.0,280299.0,300000.0,,,,
SII-023,39,85,0.0,516755.0,516755.0,300000.0,516755.0,29866.0,516755.0,279292.0,300000.0,,,,
SII-023,40,86,0.0,516811.0,516811.0,300000.0,516811.0,29870.0,516811.0,278288.0,300000.0,0.0,3369518.0,5207623.0,1838105.0
SII-023,41,87,0.0,516866.0,516866.0,300000.0,516866.0,29873.0,516866.0,277288.0,300000.0,,,,
SII-023,42,88,0.0,516922.0,516922.0,300000.0,516922.0,29876.0,516922.0,276291.0,300000.0,,,,
SII-023,43,89,0.0,516978.0,516978.0,300000.0,516978.0,29879.0,516978.0,275298.0,300000.0,,,,
SII-023,44,90,0.0,517034.0,517034.0,300000.0,517034.0,29883.0,517034.0,274309.0,300000.0,,,,
SII-023,45,91,0.0,517089.0,517089.0,300000.0,517089.0,29886.0,517089.0,273323.0,300000.0,,,,
SII-023,46,92,0.0,517145.0,517145.0,300000.0,517145.0,29889.0,517145.0,272341.0,300000.0,,,,
SII-023,47,93,0.0,517201.0,517201.0,300000.0,517201.0,29892.0,517201.0,271362.0,300000.0,,,,
SII-023,48,94,0.0,517257.0,517257.0,300000.0,517257.0,29895.0,517257.0,270386.0,300000.0,,,,
SII-023,49,95,0.0,517312.0,517312.0,300000.0,517312.0,29899.0,517312.0,269415.0,300000.0,,,,
SII-023,50,96,0.0,517368.0,517368.0,300000.0,517368.0,29902.0,517368.0,268446.0,300000.0,,,,
SII-023,51,97,0.0,517424.0,517424.0,300000.0,517424.0,29905.0,517424.0,267482.0,300000.0,,,,
SII-023,52,98,0.0,517480.0,517480.0,300000.0,517480.0,29908.0,517480.0,266520.0,300000.0,,,,
SII-023,53,99,0.0,517535.0,517535.0,300000.0,517535.0,29912.0,517535.0,265562.0,300000.0,,,,
SII-023,54,100,0.0,517591.0,517591.0,300000.0,517591.0,29915.0,517591.0,264608.0,300000.0,,,,
SII-023,55,101,0.0,517647.0,517647.0,300000.0,517647.0,29918.0,517647.0,263657.0,300000.0,,,,
SII-023,56,102,0.0,517703.0,517703.0,300000.0,517703.0,29921.0,517703.0,262709.0,300000.0,,,,
SII-023,57,103,0.0,517759.0,517759.0,300000.0,517759.0,29924.0,517759.0,261765.0,300000.0,,,,
SII-023,58,104,0.0,517814.0,517814.0,300000.0,517814.0,29928.0,517814.0,260824.0,300000.0,,,,
SII-023,59,105,0.0,517870.0,517870.0,300000.0,517870.0,29931.0,517870.0,259887.0,300000.0,,,,
SII-023,60,106,0.0,517926.0,517926.0,300000.0,517926.0,29934.0,517926.0,258953.0,300000.0,,,,
SII-023,61,107,0.0,517982.0,517982.0,300000.0,517982.0,29937.0,517982.0,258022.0,300000.0,,,,
SII-023,62,108,0.0,518038.0,518038.0,300000.0,518038.0,29941.0,518038.0,257095.0,300000.0,,,,
SII-023,63,109,0.0,518094.0,518094.0,300000.0,518094.0,29944.0,518094.0,256171.0,300000.0,,,,
SII-023,64,110,0.0,518150.0,518150.0,300000.0,518150.0,29947.0,518150.0,255250.0,300000.0,,,,
SII-023,65,111,0.0,518205.0,518205.0,300000.0,518205.0,29950.0,518205.0,254333.0,300000.0,,,,
SII-023,66,112,0.0,518261.0,518261.0,300000.0,518261.0,29953.0,518261.0,253419.0,300000.0,,,,
SII-023,67,113,0.0,518317.0,518317.0,300000.0,518317.0,29957.0,518317.0,252508.0,300000.0,,,,
SII-023,68,114,0.0,518373.0,518373.0,300000.0,518373.0,29960.0,518373.0,251600.0,300000.0,,,,
SII-023,69,115,0.0,518429.0,518429.0,300000.0,518429.0,29963.0,518429.0,250696.0,300000.0,,,,
SII-023,70,116,0.0,518485.0,518485.0,300000.0,518485.0,29966.0,518485.0,249795.0,300000.0,,,,
SII-023,71,117,0.0,518541.0,518541.0,300000.0,518541.0,29970.0,518541.0,248897.0,300000.0,,,,
SII-023,72,118,0.0,518597.0,518597.0,300000.0,518597.0,29973.0,518597.0,248003.0,300000.0,,,,
SII-023,73,119,0.0,518653.0,518653.0,300000.0,518653.0,29976.0,518653.0,247111.0,300000.0,,,,
SII-023,74,120,0.0,518709.0,518709.0,300000.0,518709.0,29979.0,518709.0,246223.0,300000.0,,,,
SII-023,75,121,0.0,518764.0,518764.0,300000.0,518764.0,29983.0,518764.0,245338.0,300000.0,,,,
SII-023,76,122,0.0,518820.0,518820.0,300000.0,518820.0,29986.0,518820.0,244456.0,300000.0,,,,
SII-023,77,123,0.0,518876.0,518876.0,300000.0,518876.0,29989.0,518876.0,243578.0,300000.0,,,,
SII-023,78,124,0.0,518932.0,518932.0,300000.0,518932.0,29992.0,518932.0,242702.0,300000.0,,,,
SII-023,79,125,0.0,518988.0,518988.0,300000.0,518988.0,29995.0,518988.0,241830.0,300000.0,,,,
SII-024,1,47,100000.0,84505.0,4505.0,0.0,4505.0,0.0,105000.0,79040.0,0.0,0.0,101845.0,106350.0,4505.0
SII-024,2,48,100000.0,181893.0,94593.0,100000.0,100000.0,0.0,210000.0,165594.0,100000.0,0.0,119453.0,219453.0,100000.0
SII-024,3,49,100000.0,285635.0,191035.0,200000.0,200000.0,0.0,315000.0,252336.0,200000.0,0.0,139739.0,339739.0,200000.0
SII-024,4,50,100000.0,396111.0,294211.0,300000.0,300000.0,0.0,420000.0,339264.0,300000.0,0.0,167662.0,467662.0,300000.0
SII-024,5,51,100000.0,513723.0,404523.0,400000.0,404523.0,0.0,525000.0,426377.0,400000.0,0.0,199186.0,603708.0,404523.0
SII-024,6,52,0.0,538747.0,422247.0,400000.0,422247.0,0.0,538747.0,419516.0,400000.0,0.0,219797.0,642044.0,422247.0
SII-024,7,53,0.0,565268.0,441468.0,400000.0,441468.0,0.0,565268.0,412679.0,400000.0,0.0,241346.0,682814.0,441468.0
SII-024,8,54,0.0,593375.0,482275.0,400000.0,482275.0,0.0,593375.0,405866.0,400000.0,0.0,243898.0,726172.0,482275.0
SII-024,9,55,0.0,623162.0,524762.0,400000.0,524762.0,0.0,623162.0,399079.0,400000.0,0.0,247522.0,772284.0,524762.0
SII-024,10,56,0.0,654731.0,571527.0,400000.0,571527.0,0.0,654731.0,392315.0,400000.0,0.0,249797.0,821324.0,571527.0
SII-024,11,57,0.0,688188.0,617378.0,395000.0,617378.0,0.0,688188.0,385576.0,395000.0,0.0,,,
SII-024,12,58,0.0,723645.0,652981.0,390000.0,652981.0,0.0,723645.0,378861.0,390000.0,0.0,,,
SII-024,13,59,0.0,724763.0,654683.0,385000.0,654683.0,35305.0,724763.0,372170.0,385000.0,0.0,,,
SII-024,14,60,0.0,724883.0,655606.0,380000.0,655606.0,36336.0,724883.0,365503.0,380000.0,0.0,,,
SII-024,15,61,0.0,724975.0,656501.0,375000.0,656501.0,36370.0,724975.0,358860.0,375000.0,0.0,349528.0,1117383.0,767855.0
SII-024,16,62,0.0,725066.0,657176.0,370000.0,657176.0,36377.0,725066.0,352241.0,370000.0,0.0,,,
SII-024,17,63,0.0,725156.0,658580.0,365000.0,658580.0,36382.0,725156.0,345646.0,365000.0,0.0,,,
SII-024,18,64,0.0,725247.0,659474.0,360000.0,659474.0,36387.0,725247.0,339075.0,360000.0,0.0,,,
SII-024,19,65,0.0,725337.0,660951.0,355000.0,660951.0,36392.0,725337.0,332527.0,355000.0,0.0,,,
SII-024,20,66,0.0,725428.0,661626.0,350000.0,661626.0,36398.0,725428.0,326003.0,350000.0,0.0,544187.0,1520161.0,975974.0
SII-024,21,67,0.0,725519.0,662739.0,345000.0,662739.0,36403.0,725519.0,319502.0,345000.0,,,,
SII-024,22,68,0.0,725610.0,664290.0,340000.0,664290.0,36408.0,725610.0,313024.0,340000.0,,,,
SII-024,23,69,0.0,725700.0,666278.0,335000.0,666278.0,36413.0,725700.0,306570.0,335000.0,,,,
SII-024,24,70,0.0,725791.0,668705.0,330000.0,668705.0,36419.0,725791.0,300139.0,330000.0,,,,
SII-024,25,71,0.0,725882.0,671570.0,325000.0,671570.0,36424.0,725882.0,293731.0,325000.0,0.0,857950.0,2068127.0,1210177.0
SII-024,26,72,0.0,726144.0,677088.0,320000.0,677088.0,41779.0,726144.0,292675.0,320000.0,,,,
SII-024,27,73,0.0,726228.0,682428.0,315000.0,682428.0,41968.0,726228.0,291624.0,315000.0,,,,
SII-024,28,74,0.0,726306.0,687762.0,310000.0,687762.0,41977.0,726306.0,290575.0,310000.0,,,,
SII-024,29,75,0.0,726385.0,693097.0,305000.0,693097.0,41982.0,726385.0,289531.0,305000.0,,,,
SII-024,30,76,0.0,726463.0,726463.0,300000.0,726463.0,41987.0,726463.0,288490.0,300000.0,0.0,1271887.0,2813615.0,1541727.0
SII-024,31,77,0.0,726541.0,726541.0,300000.0,726541.0,41991.0,726541.0,287454.0,300000.0,,,,
SII-024,32,78,0.0,726620.0,726620.0,300000.0,726620.0,41996.0,726620.0,286420.0,300000.0,,,,
SII-024,33,79,0.0,726698.0,726698.0,300000.0,726698.0,42000.0,726698.0,285391.0,300000.0,,,,
SII-024,34,80,0.0,726776.0,726776.0,300000.0,726776.0,42005.0,726776.0,284365.0,300000.0,,,,
SII-024,35,81,0.0,726855.0,726855.0,300000.0,726855.0,42009.0,726855.0,283343.0,300000.0,0.0,1979922.0,3827825.0,1847903.0
SII-024,36,82,0.0,726933.0,726933.0,300000.0,726933.0,42014.0,726933.0,282325.0,300000.0,,,,
SII-024,37,83,0.0,727011.0,727011.0,300000.0,727011.0,42018.0,727011.0,281310.0,300000.0,,,,
SII-024,38,84,0.0,727090.0,727090.0,300000.0,727090.0,42023.0,727090.0,280299.0,300000.0,,,,
SII-024,39,85,0.0,727168.0,727168.0,300000.0,727168.0,42027.0,727168.0,279292.0,300000.0,,,,
SII-024,40,86,0.0,727247.0,727247.0,300000.0,727247.0,42032.0,727247.0,278288.0,300000.0,0.0,3021599.0,5207623.0,2186024.0
SII-024,41,87,0.0,727325.0,727325.0,300000.0,727325.0,42036.0,727325.0,277288.0,300000.0,,,,
SII-024,42,88,0.0,727404.0,727404.0,300000.0,727404.0,42041.0,727404.0,276291.0,300000.0,,,,
SII-024,43,89,0.0,727482.0,727482.0,300000.0,727482.0,42046.0,727482.0,275298.0,300000.0,,,,
SII-024,44,90,0.0,727560.0,727560.0,300000.0,727560.0,42050.0,727560.0,274309.0,300000.0,,,,
SII-024,45,91,0.0,727639.0,727639.0,300000.0,727639.0,42055.0,727639.0,273323.0,300000.0,,,,
SII-024,46,92,0.0,727717.0,727717.0,300000.0,727717.0,42059.0,727717.0,272341.0,300000.0,,,,
SII-024,47,93,0.0,727796.0,727796.0,300000.0,727796.0,42064.0,727796.0,271362.0,300000.0,,,,
SII-024,48,94,0.0,727874.0,727874.0,300000.0,727874.0,42068.0,727874.0,270386.0,300000.0,,,,
SII-024,49,95,0.0,727953.0,727953.0,300000.0,727953.0,42073.0,727953.0,269415.0,300000.0,,,,
SII-024,50,96,0.0,728031.0,728031.0,300000.0,728031.0,42077.0,728031.0,268446.0,300000.0,,,,
SII-024,51,97,0.0,728110.0,728110.0,300000.0,728110.0,42082.0,728110.0,267482.0,300000.0,,,,
SII-024,52,98,0.0,728188.0,728188.0,300000.0,728188.0,42086.0,728188.0,266520.0,300000.0,,,,
SII-024,53,99,0.0,728267.0,728267.0,300000.0,728267.0,42091.0,728267.0,265562.0,300000.0,,,,
SII-024,54,100,0.0,728345.0,728345.0,300000.0,728345.0,42095.0,728345.0,264608.0,300000.0,,,,
SII-024,55,101,0.0,728424.0,728424.0,300000.0,728424.0,42100.0,728424.0,263657.0,300000.0,,,,
SII-024,56,102,0.0,728502.0,728502.0,300000.0,728502.0,42105.0,728502.0,262709.0,300000.0,,,,
SII-024,57,103,0.0,728581.0,728581.0,300000.0,728581.0,42109.0,728581.0,261765.0,300000.0,,,,
SII-024,58,104,0.0,728660.0,728660.0,300000.0,728660.0,42114.0,728660.0,260824.0,300000.0,,,,
SII-024,59,105,0.0,728738.0,728738.0,300000.0,728738.0,42118.0,728738.0,259887.0,300000.0,,,,
SII-024,60,106,0.0,728817.0,728817.0,300000.0,728817.0,42123.0,728817.0,258953.0,300000.0,,,,
SII-024,61,107,0.0,728895.0,728895.0,300000.0,728895.0,42127.0,728895.0,258022.0,300000.0,,,,
SII-024,62,108,0.0,728974.0,728974.0,300000.0,728974.0,42132.0,728974.0,257095.0,300000.0,,,,
SII-024,63,109,0.0,729053.0,729053.0,300000.0,729053.0,42136.0,729053.0,256171.0,300000.0,,,,
SII-024,64,110,0.0,729131.0,729131.0,300000.0,729131.0,42141.0,729131.0,255250.0,300000.0,,,,
SII-024,65,111,0.0,729210.0,729210.0,300000.0,729210.0,42145.0,729210.0,254333.0,300000.0,,,,
SII-024,66,112,0.0,729288.0,729288.0,300000.0,729288.0,42150.0,729288.0,253419.0,300000.0,,,,
SII-024,67,113,0.0,729367.0,729367.0,300000.0,729367.0,42154.0,729367.0,252508.0,300000.0,,,,
SII-024,68,114,0.0,729446.0,729446.0,300000.0,729446.0,42159.0,729446.0,251600.0,300000.0,,,,
SII-024,69,115,0.0,729524.0,729524.0,300000.0,729524.0,42164.0,729524.0,250696.0,300000.0,,,,
SII-024,70,116,0.0,729603.0,729603.0,300000.0,729603.0,42168.0,729603.0,249795.0,300000.0,,,,
SII-024,71,117,0.0,729682.0,729682.0,300000.0,729682.0,42173.0,729682.0,248897.0,300000.0,,,,
SII-024,72,118,0.0,729760.0,729760.0,300000.0,729760.0,42177.0,729760.0,248003.0,300000.0,,,,
SII-024,73,119,0.0,729839.0,729839.0,300000.0,729839.0,42182.0,729839.0,247111.0,300000.0,,,,
SII-024,74,120,0.0,729918.0,729918.0,300000.0,729918.0,42186.0,729918.0,246223.0,300000.0,,,,
SII-024,75,121,0.0,729997.0,729997.0,300000.0,729997.0,42191.0,729997.0,245338.0,300000.0,,,,
SII-024,76,122,0.0,730075.0,730075.0,300000.0,730075.0,42195.0,730075.0,244456.0,300000.0,,,,
SII-024,77,123,0.0,730154.0,730154.0,300000.0,730154.0,42200.0,730154.0,243578.0,300000.0,,,,
SII-024,78,124,0.0,730233.0,730233.0,300000.0,730233.0,42204.0,730233.0,242702.0,300000.0,,,,
SII-024,79,125,0.0,730312.0,730312.0,300000.0,730312.0,42209.0,730312.0,241830.0,300000.0,,,,
SII-025,1,47,100000.0,84505.0,4505.0,0.0,4505.0,0.0,105000.0,79040.0,0.0,0.0,101845.0,106350.0,4505.0
SII-025,2,48,100000.0,181893.0,94593.0,100000.0,100000.0,0.0,210000.0,165594.0,100000.0,0.0,119453.0,219453.0,100000.0
SII-025,3,49,100000.0,285635.0,191035.0,200000.0,200000.0,0.0,315000.0,252336.0,200000.0,0.0,139739.0,339739.0,200000.0
SII-025,4,50,100000.0,396111.0,294211.0,300000.0,300000.0,0.0,420000.0,339264.0,300000.0,0.0,167662.0,467662.0,300000.0
SII-025,5,51,100000.0,513723.0,404523.0,400000.0,404523.0,0.0,525000.0,426377.0,400000.0,0.0,199186.0,603708.0,404523.0
SII-025,6,52,0.0,538747.0,422247.0,400000.0,422247.0,0.0,538747.0,419516.0,400000.0,0.0,219797.0,642044.0,422247.0
SII-025,7,53,0.0,565268.0,441468.0,400000.0,441468.0,0.0,565268.0,412679.0,400000.0,0.0,241346.0,682814.0,441468.0
SII-025,8,54,0.0,593375.0,482275.0,400000.0,482275.0,0.0,593375.0,405866.0,400000.0,0.0,243898.0,726172.0,482275.0
SII-025,9,55,0.0,623162.0,524762.0,400000.0,524762.0,0.0,623162.0,399079.0,400000.0,0.0,247522.0,772284.0,524762.0
SII-025,10,56,0.0,654731.0,571527.0,400000.0,571527.0,0.0,654731.0,392315.0,400000.0,0.0,249797.0,821324.0,571527.0
SII-025,11,57,0.0,688188.0,617378.0,395000.0,617378.0,0.0,688188.0,385576.0,395000.0,0.0,,,
SII-025,12,58,0.0,723645.0,652981.0,390000.0,652981.0,0.0,723645.0,378861.0,390000.0,0.0,,,
SII-025,13,59,0.0,761223.0,691143.0,385000.0,691143.0,0.0,761223.0,372170.0,385000.0,0.0,,,
SII-025,14,60,0.0,801048.0,731771.0,380000.0,731771.0,0.0,801048.0,365503.0,380000.0,0.0,,,
SII-025,15,61,0.0,843255.0,774781.0,375000.0,774781.0,0.0,843255.0,358860.0,375000.0,0.0,342602.0,1117383.0,774781.0
SII-025,16,62,0.0,887986.0,820096.0,370000.0,820096.0,0.0,887986.0,352241.0,370000.0,0.0,,,
SII-025,17,63,0.0,935392.0,868816.0,365000.0,868816.0,0.0,935392.0,345646.0,365000.0,0.0,,,
SII-025,18,64,0.0,985632.0,919859.0,360000.0,919859.0,0.0,985632.0,339075.0,360000.0,0.0,,,
SII-025,19,65,0.0,987207.0,922821.0,355000.0,922821.0,50033.0,987207.0,332527.0,355000.0,0.0,,,
SII-025,20,66,0.0,987368.0,923566.0,350000.0,923566.0,51493.0,987368.0,326003.0,350000.0,0.0,492961.0,1520161.0,1027201.0
SII-025,21,67,0.0,987488.0,924708.0,345000.0,924708.0,51542.0,987488.0,319502.0,345000.0,,,,
SII-025,22,68,0.0,987607.0,926287.0,340000.0,926287.0,51550.0,987607.0,313024.0,340000.0,,,,
SII-025,23,69,0.0,987726.0,928304.0,335000.0,928304.0,51557.0,987726.0,306570.0,335000.0,,,,
SII-025,24,70,0.0,987845.0,930759.0,330000.0,930759.0,51564.0,987845.0,300139.0,330000.0,,,,
SII-025,25,71,0.0,987963.0,933651.0,325000.0,933651.0,51571.0,987963.0,293731.0,325000.0,0.0,748852.0,2068127.0,1319274.0
SII-025,26,72,0.0,988254.0,939198.0,320000.0,939198.0,56928.0,988254.0,292675.0,320000.0,,,,
SII-025,27,73,0.0,988366.0,944566.0,315000.0,944566.0,57118.0,988366.0,291624.0,315000.0,,,,
SII-025,28,74,0.0,988473.0,949929.0,310000.0,949929.0,57130.0,988473.0,290575.0,310000.0,,,,
SII-025,29,75,0.0,988580.0,955292.0,305000.0,955292.0,57136.0,988580.0,289531.0,305000.0,,,,
SII-025,30,76,0.0,988686.0,988686.0,300000.0,988686.0,57142.0,988686.0,288490.0,300000.0,0.0,1098867.0,2813615.0,1714747.0
SII-025,31,77,0.0,988793.0,988793.0,300000.0,988793.0,57148.0,988793.0,287454.0,300000.0,,,,
SII-025,32,78,0.0,988900.0,988900.0,300000.0,988900.0,57154.0,988900.0,286420.0,300000.0,,,,
SII-025,33,79,0.0,989006.0,989006.0,300000.0,989006.0,57161.0,989006.0,285391.0,300000.0,,,,
SII-025,34,80,0.0,989113.0,989113.0,300000.0,989113.0,57167.0,989113.0,284365.0,300000.0,,,,
SII-025,35,81,0.0,989220.0,989220.0,300000.0,989220.0,57173.0,989220.0,283343.0,300000.0,0.0,1736298.0,3827825.0,2091527.0
SII-025,36,82,0.0,989326.0,989326.0,300000.0,989326.0,57179.0,989326.0,282325.0,300000.0,,,,
SII-025,37,83,0.0,989433.0,989433.0,300000.0,989433.0,57185.0,989433.0,281310.0,300000.0,,,,
SII-025,38,84,0.0,989540.0,989540.0,300000.0,989540.0,57191.0,989540.0,280299.0,300000.0,,,,
SII-025,39,85,0.0,989646.0,989646.0,300000.0,989646.0,57198.0,989646.0,279292.0,300000.0,,,,
SII-025,40,86,0.0,989753.0,989753.0,300000.0,989753.0,57204.0,989753.0,278288.0,300000.0,0.0,2699994.0,5207623.0,2507629.0
SII-025,41,87,0.0,989860.0,989860.0,300000.0,989860.0,57210.0,989860.0,277288.0,300000.0,,,,
SII-025,42,88,0.0,989967.0,989967.0,300000.0,989967.0,57216.0,989967.0,276291.0,300000.0,,,,
SII-025,43,89,0.0,990073.0,990073.0,300000.0,990073.0,57222.0,990073.0,275298.0,300000.0,,,,
SII-025,44,90,0.0,990180.0,990180.0,300000.0,990180.0,57228.0,990180.0,274309.0,300000.0,,,,
SII-025,45,91,0.0,990287.0,990287.0,300000.0,990287.0,57235.0,990287.0,273323.0,300000.0,,,,
SII-025,46,92,0.0,990394.0,990394.0,300000.0,990394.0,57241.0,990394.0,272341.0,300000.0,,,,
SII-025,47,93,0.0,990500.0,990500.0,300000.0,990500.0,57247.0,990500.0,271362.0,300000.0,,,,
SII-025,48,94,0.0,990607.0,990607.0,300000.0,990607.0,57253.0,990607.0,270386.0,300000.0,,,,
SII-025,49,95,0.0,990714.0,990714.0,300000.0,990714.0,57259.0,990714.0,269415.0,300000.0,,,,
SII-025,50,96,0.0,990821.0,990821.0,300000.0,990821.0,57266.0,990821.0,268446.0,300000.0,,,,
SII-025,51,97,0.0,990928.0,990928.0,300000.0,990928.0,57272.0,990928.0,267482.0,300000.0,,,,
SII-025,52,98,0.0,991034.0,991034.0,300000.0,991034.0,57278.0,991034.0,266520.0,300000.0,,,,
SII-025,53,99,0.0,991141.0,991141.0,300000.0,991141.0,57284.0,991141.0,265562.0,300000.0,,,,
SII-025,54,100,0.0,991248.0,991248.0,300000.0,991248.0,57290.0,991248.0,264608.0,300000.0,,,,
SII-025,55,101,0.0,991355.0,991355.0,300000.0,991355.0,57296.0,991355.0,263657.0,300000.0,,,,
SII-025,56,102,0.0,991462.0,991462.0,300000.0,991462.0,57303.0,991462.0,262709.0,300000.0,,,,
SII-025,57,103,0.0,991569.0,991569.0,300000.0,991569.0,57309.0,991569.0,261765.0,300000.0,,,,
SII-025,58,104,0.0,991676.0,991676.0,300000.0,991676.0,57315.0,991676.0,260824.0,300000.0,,,,
SII-025,59,105,0.0,991783.0,991783.0,300000.0,991783.0,57321.0,991783.0,259887.0,300000.0,,,,
SII-025,60,106,0.0,991890.0,991890.0,300000.0,991890.0,57327.0,991890.0,258953.0,300000.0,,,,
SII-025,61,107,0.0,991997.0,991997.0,300000.0,991997.0,57333.0,991997.0,258022.0,300000.0,,,,
SII-025,62,108,0.0,992104.0,992104.0,300000.0,992104.0,57340.0,992104.0,257095.0,300000.0,,,,
SII-025,63,109,0.0,992211.0,992211.0,300000.0,992211.0,57346.0,992211.0,256171.0,300000.0,,,,
SII-025,64,110,0.0,992317.0,992317.0,300000.0,992317.0,57352.0,992317.0,255250.0,300000.0,,,,
SII-025,65,111,0.0,992425.0,992425.0,300000.0,992425.0,57358.0,992425.0,254333.0,300000.0,,,,
SII-025,66,112,0.0,992532.0,992532.0,300000.0,992532.0,57364.0,992532.0,253419.0,300000.0,,,,
SII-025,67,113,0.0,992639.0,992639.0,300000.0,992639.0,57371.0,992639.0,252508.0,300000.0,,,,
SII-025,68,114,0.0,992746.0,992746.0,300000.0,992746.0,57377.0,992746.0,251600.0,300000.0,,,,
SII-025,69,115,0.0,992853.0,992853.0,300000.0,992853.0,57383.0,992853.0,250696.0,300000.0,,,,
SII-025,70,116,0.0,992960.0,992960.0,300000.0,992960.0,57389.0,992960.0,249795.0,300000.0,,,,
SII-025,71,117,0.0,993067.0,993067.0,300000.0,993067.0,57395.0,993067.0,248897.0,300000.0,,,,
SII-025,72,118,0.0,993174.0,993174.0,300000.0,993174.0,57402.0,993174.0,248003.0,300000.0,,,,
SII-025,73,119,0.0,993281.0,993281.0,300000.0,993281.0,57408.0,993281.0,247111.0,300000.0,,,,
SII-025,74,120,0.0,993388.0,993388.0,300000.0,993388.0,57414.0,993388.0,246223.0,300000.0,,,,
SII-025,75,121,0.0,993495.0,993495.0,300000.0,993495.0,57420.0,993495.0,245338.0,300000.0,,,,
SII-025,76,122,0.0,993602.0,993602.0,300000.0,993602.0,57426.0,993602.0,244456.0,300000.0,,,,
SII-025,77,123,0.0,993709.0,993709.0,300000.0,993709.0,57432.0,993709.0,243578.0,300000.0,,,,
SII-025,78,124,0.0,993816.0,993816.0,300000.0,993816.0,57439.0,993816.0,242702.0,300000.0,,,,
SII-025,79,125,0.0,993924.0,993924.0,300000.0,993924.0,57445.0,993924.0,241830.0,300000.0,,,,
SII-026,1,57,100000.0,76707.0,0.0,0.0,0.0,0.0,105000.0,71463.0,0.0,0.0,106350.0,106350.0,0.0
SII-026,2,58,100000.0,170210.0,30530.0,40000.0,40000.0,0.0,210000.0,154847.0,40000.0,0.0,179453.0,219453.0,40000.0
SII-026,3,59,100000.0,269835.0,118475.0,140000.0,140000.0,0.0,315000.0,238429.0,140000.0,0.0,199739.0,339739.0,140000.0
SII-026,4,60,100000.0,375948.0,212908.0,240000.0,240000.0,0.0,420000.0,322210.0,240000.0,0.0,227662.0,467662.0,240000.0
SII-026,5,61,100000.0,488936.0,314216.0,340000.0,340000.0,0.0,525000.0,406187.0,340000.0,0.0,263708.0,603708.0,340000.0
SII-026,6,62,100000.0,589710.0,403310.0,440000.0,440000.0,18884.0,611116.0,490361.0,440000.0,0.0,289306.0,748394.0,459088.0
SII-026,7,63,100000.0,690654.0,492574.0,540000.0,540000.0,25067.0,691049.0,574730.0,540000.0,0.0,317460.0,902267.0,584807.0
SII-026,8,64,100000.0,792130.0,614370.0,640000.0,640000.0,30911.0,792130.0,659295.0,640000.0,0.0,348963.0,1065911.0,716948.0
SII-026,9,65,0.0,792405.0,634965.0,640000.0,640000.0,36776.0,792405.0,648399.0,640000.0,0.0,377936.0,1133596.0,755660.0
SII-026,10,66,0.0,792516.0,659389.0,640000.0,659389.0,36952.0,792516.0,637542.0,640000.0,0.0,390865.0,1205580.0,814714.0
SII-026,11,67,0.0,792621.0,679325.0,632000.0,679325.0,36963.0,792621.0,626723.0,632000.0,0.0,,,
SII-026,12,68,0.0,792727.0,679664.0,624000.0,679664.0,36970.0,792727.0,615944.0,624000.0,0.0,,,
SII-026,13,69,0.0,792832.0,680704.0,616000.0,680704.0,36976.0,792832.0,605204.0,616000.0,0.0,,,
SII-026,14,70,0.0,792937.0,682094.0,608000.0,682094.0,36982.0,792937.0,594502.0,608000.0,0.0,,,
SII-026,15,71,0.0,793043.0,683484.0,600000.0,683484.0,36988.0,793043.0,583839.0,600000.0,0.0,590673.0,1640149.0,1049476.0
SII-026,16,72,0.0,793148.0,684524.0,592000.0,684524.0,36994.0,793148.0,573214.0,592000.0,0.0,,,
SII-026,17,73,0.0,793254.0,686732.0,584000.0,686732.0,37000.0,793254.0,562627.0,584000.0,0.0,,,
SII-026,18,74,0.0,793359.0,688122.0,576000.0,688122.0,37006.0,793359.0,552078.0,576000.0,0.0,,,
SII-026,19,75,0.0,793465.0,690447.0,568000.0,690447.0,37012.0,793465.0,541567.0,568000.0,0.0,,,
SII-026,20,76,0.0,793570.0,691487.0,560000.0,691487.0,37018.0,793570.0,531094.0,560000.0,0.0,941135.0,2231366.0,1290231.0
SII-026,21,77,0.0,793676.0,693228.0,552000.0,693228.0,37024.0,793676.0,520659.0,552000.0,,,,
SII-026,22,78,0.0,793781.0,695669.0,544000.0,695669.0,37031.0,793781.0,510261.0,544000.0,,,,
SII-026,23,79,0.0,793887.0,698812.0,536000.0,698812.0,37037.0,793887.0,499900.0,536000.0,,,,
SII-026,24,80,0.0,793992.0,702655.0,528000.0,702655.0,37043.0,793992.0,489577.0,528000.0,,,,
SII-026,25,81,0.0,794098.0,707199.0,520000.0,707199.0,37049.0,794098.0,479290.0,520000.0,0.0,1472615.0,3035696.0,1563082.0
SII-026,26,82,0.0,794479.0,715989.0,512000.0,715989.0,45615.0,794479.0,477568.0,512000.0,,,,
SII-026,27,83,0.0,794573.0,724493.0,504000.0,724493.0,45914.0,794573.0,475851.0,504000.0,,,,
SII-026,28,84,0.0,794659.0,732989.0,496000.0,732989.0,45928.0,794659.0,474141.0,496000.0,,,,
SII-026,29,85,0.0,794745.0,741484.0,488000.0,741484.0,45933.0,794745.0,472437.0,488000.0,,,,
SII-026,30,86,0.0,794830.0,794830.0,480000.0,794830.0,45938.0,794830.0,470739.0,480000.0,0.0,2148915.0,4129959.0,1981045.0
SII-026,31,87,0.0,794916.0,794916.0,480000.0,794916.0,45943.0,794916.0,469047.0,480000.0,,,,
SII-026,32,88,0.0,795002.0,795002.0,480000.0,795002.0,45948.0,795002.0,467361.0,480000.0,,,,
SII-026,33,89,0.0,795087.0,795087.0,480000.0,795087.0,45953.0,795087.0,465682.0,480000.0,,,,
SII-026,34,90,0.0,795173.0,795173.0,480000.0,795173.0,45958.0,795173.0,464008.0,480000.0,,,,
SII-026,35,91,0.0,795259.0,795259.0,480000.0,795259.0,45963.0,795259.0,462340.0,480000.0,0.0,3272009.0,5618666.0,2346658.0
SII-026,36,92,0.0,795345.0,795345.0,480000.0,795345.0,45968.0,795345.0,460679.0,480000.0,,,,
SII-026,37,93,0.0,795430.0,795430.0,480000.0,795430.0,45973.0,795430.0,459023.0,480000.0,,,,
SII-026,38,94,0.0,795516.0,795516.0,480000.0,795516.0,45978.0,795516.0,457373.0,480000.0,,,,
SII-026,39,95,0.0,795602.0,795602.0,480000.0,795602.0,45983.0,795602.0,455729.0,480000.0,,,,
SII-026,40,96,0.0,795688.0,795688.0,480000.0,795688.0,45988.0,795688.0,454091.0,480000.0,0.0,4893590.0,7644001.0,2750410.0
SII-026,41,97,0.0,795774.0,795774.0,480000.0,795774.0,45993.0,795774.0,452459.0,480000.0,,,,
SII-026,42,98,0.0,795859.0,795859.0,480000.0,795859.0,45998.0,795859.0,450833.0,480000.0,,,,
SII-026,43,99,0.0,795945.0,795945.0,480000.0,795945.0,46002.0,795945.0,449213.0,480000.0,,,,
SII-026,44,100,0.0,796031.0,796031.0,480000.0,796031.0,46007.0,796031.0,447598.0,480000.0,,,,
SII-026,45,101,0.0,796117.0,796117.0,480000.0,796117.0,46012.0,796117.0,445990.0,480000.0,,,,
SII-026,46,102,0.0,796203.0,796203.0,480000.0,796203.0,46017.0,796203.0,444387.0,480000.0,,,,
SII-026,47,103,0.0,796289.0,796289.0,480000.0,796289.0,46022.0,796289.0,442790.0,480000.0,,,,
SII-026,48,104,0.0,796375.0,796375.0,480000.0,796375.0,46027.0,796375.0,441198.0,480000.0,,,,
SII-026,49,105,0.0,796461.0,796461.0,480000.0,796461.0,46032.0,796461.0,439612.0,480000.0,,,,
SII-026,50,106,0.0,796546.0,796546.0,480000.0,796546.0,46037.0,796546.0,438032.0,480000.0,,,,
SII-026,51,107,0.0,796632.0,796632.0,480000.0,796632.0,46042.0,796632.0,436458.0,480000.0,,,,
SII-026,52,108,0.0,796718.0,796718.0,480000.0,796718.0,46047.0,796718.0,434889.0,480000.0,,,,
SII-026,53,109,0.0,796804.0,796804.0,480000.0,796804.0,46052.0,796804.0,433326.0,480000.0,,,,
SII-026,54,110,0.0,796890.0,796890.0,480000.0,796890.0,46057.0,796890.0,431769.0,480000.0,,,,
SII-026,55,111,0.0,796976.0,796976.0,480000.0,796976.0,46062.0,796976.0,430217.0,480000.0,,,,
SII-026,56,112,0.0,797062.0,797062.0,480000.0,797062.0,46067.0,797062.0,428671.0,480000.0,,,,
SII-026,57,113,0.0,797148.0,797148.0,480000.0,797148.0,46072.0,797148.0,427130.0,480000.0,,,,
SII-026,58,114,0.0,797234.0,797234.0,480000.0,797234.0,46077.0,797234.0,425595.0,480000.0,,,,
SII-026,59,115,0.0,797320.0,797320.0,480000.0,797320.0,46082.0,797320.0,424066.0,480000.0,,,,
SII-026,60,116,0.0,797406.0,797406.0,480000.0,797406.0,46087.0,797406.0,422541.0,480000.0,,,,
SII-026,61,117,0.0,797492.0,797492.0,480000.0,797492.0,46092.0,797492.0,421023.0,480000.0,,,,
SII-026,62,118,0.0,797578.0,797578.0,480000.0,797578.0,46097.0,797578.0,419510.0,480000.0,,,,
SII-026,63,119,0.0,797663.0,797663.0,480000.0,797663.0,46102.0,797663.0,418002.0,480000.0,,,,
SII-026,64,120,0.0,797749.0,797749.0,480000.0,797749.0,46107.0,797749.0,416500.0,480000.0,,,,
SII-026,65,121,0.0,797835.0,797835.0,480000.0,797835.0,46112.0,797835.0,415003.0,480000.0,,,,
SII-026,66,122,0.0,797921.0,797921.0,480000.0,797921.0,46117.0,797921.0,413511.0,480000.0,,,,
SII-026,67,123,0.0,798007.0,798007.0,480000.0,798007.0,46122.0,798007.0,412025.0,480000.0,,,,
SII-026,68,124,0.0,798093.0,798093.0,480000.0,798093.0,46127.0,798093.0,410544.0,480000.0,,,,
SII-026,69,125,0.0,798179.0,798179.0,480000.0,798179.0,46132.0,798179.0,409069.0,480000.0,,,,
SII-027,1,57,100000.0,76707.0,0.0,0.0,0.0,0.0,105000.0,71463.0,0.0,0.0,106350.0,106350.0,0.0
SII-027,2,58,100000.0,170210.0,30530.0,40000.0,40000.0,0.0,210000.0,154847.0,40000.0,0.0,179453.0,219453.0,40000.0
SII-027,3,59,100000.0,269835.0,118475.0,140000.0,140000.0,0.0,315000.0,238429.0,140000.0,0.0,199739.0,339739.0,140000.0
SII-027,4,60,100000.0,375948.0,212908.0,240000.0,240000.0,0.0,420000.0,322210.0,240000.0,0.0,227662.0,467662.0,240000.0
SII-027,5,61,100000.0,488936.0,314216.0,340000.0,340000.0,0.0,525000.0,406187.0,340000.0,0.0,263708.0,603708.0,340000.0
SII-027,6,62,100000.0,609211.0,422811.0,440000.0,440000.0,0.0,630000.0,490361.0,440000.0,0.0,308394.0,748394.0,440000.0
SII-027,7,63,100000.0,737209.0,539129.0,540000.0,540000.0,0.0,737209.0,574730.0,540000.0,0.0,362267.0,902267.0,540000.0
SII-027,8,64,100000.0,873391.0,695631.0,640000.0,695631.0,0.0,873391.0,659295.0,640000.0,0.0,370280.0,1065911.0,695631.0
SII-027,9,65,0.0,916506.0,759066.0,640000.0,759066.0,0.0,916506.0,648399.0,640000.0,0.0,374531.0,1133596.0,759066.0
SII-027,10,66,0.0,917873.0,784747.0,640000.0,784747.0,42921.0,917873.0,637542.0,640000.0,0.0,377448.0,1205580.0,828132.0
SII-027,11,67,0.0,918028.0,804732.0,632000.0,804732.0,44174.0,918028.0,626723.0,632000.0,0.0,,,
SII-027,12,68,0.0,918148.0,805086.0,624000.0,805086.0,44217.0,918148.0,615944.0,624000.0,0.0,,,
SII-027,13,69,0.0,918267.0,806139.0,616000.0,806139.0,44225.0,918267.0,605204.0,616000.0,0.0,,,
SII-027,14,70,0.0,918386.0,807543.0,608000.0,807543.0,44232.0,918386.0,594502.0,608000.0,0.0,,,
SII-027,15,71,0.0,918505.0,808947.0,600000.0,808947.0,44239.0,918505.0,583839.0,600000.0,0.0,550709.0,1640149.0,1089440.0
SII-027,16,72,0.0,918624.0,810000.0,592000.0,810000.0,44246.0,918624.0,573214.0,592000.0,0.0,,,
SII-027,17,73,0.0,918743.0,812222.0,584000.0,812222.0,44253.0,918743.0,562627.0,584000.0,0.0,,,
SII-027,18,74,0.0,918862.0,813625.0,576000.0,813625.0,44260.0,918862.0,552078.0,576000.0,0.0,,,
SII-027,19,75,0.0,918981.0,815964.0,568000.0,815964.0,44267.0,918981.0,541567.0,568000.0,0.0,,,
SII-027,20,76,0.0,919100.0,817017.0,560000.0,817017.0,44274.0,919100.0,531094.0,560000.0,0.0,871846.0,2231366.0,1359520.0
SII-027,21,77,0.0,919219.0,818771.0,552000.0,818771.0,44280.0,919219.0,520659.0,552000.0,,,,
SII-027,22,78,0.0,919338.0,821226.0,544000.0,821226.0,44287.0,919338.0,510261.0,544000.0,,,,
SII-027,23,79,0.0,919457.0,824382.0,536000.0,824382.0,44294.0,919457.0,499900.0,536000.0,,,,
SII-027,24,80,0.0,919577.0,828239.0,528000.0,828239.0,44301.0,919577.0,489577.0,528000.0,,,,
SII-027,25,81,0.0,919696.0,832796.0,520000.0,832796.0,44308.0,919696.0,479290.0,520000.0,0.0,1370936.0,3035696.0,1664760.0
SII-027,26,82,0.0,920090.0,841600.0,512000.0,841600.0,52875.0,920090.0,477568.0,512000.0,,,,
SII-027,27,83,0.0,920198.0,850118.0,504000.0,850118.0,53175.0,920198.0,475851.0,504000.0,,,,
SII-027,28,84,0.0,920297.0,858627.0,496000.0,858627.0,53189.0,920297.0,474141.0,496000.0,,,,
SII-027,29,85,0.0,920396.0,867136.0,488000.0,867136.0,53195.0,920396.0,472437.0,488000.0,,,,
SII-027,30,86,0.0,920496.0,920496.0,480000.0,920496.0,53201.0,920496.0,470739.0,480000.0,0.0,2011462.0,4129959.0,2118498.0
SII-027,31,87,0.0,920595.0,920595.0,480000.0,920595.0,53207.0,920595.0,469047.0,480000.0,,,,
SII-027,32,88,0.0,920694.0,920694.0,480000.0,920694.0,53212.0,920694.0,467361.0,480000.0,,,,
SII-027,33,89,0.0,920793.0,920793.0,480000.0,920793.0,53218.0,920793.0,465682.0,480000.0,,,,
SII-027,34,90,0.0,920893.0,920893.0,480000.0,920893.0,53224.0,920893.0,464008.0,480000.0,,,,
SII-027,35,91,0.0,920992.0,920992.0,480000.0,920992.0,53230.0,920992.0,462340.0,480000.0,0.0,3095044.0,5618666.0,2523623.0
SII-027,36,92,0.0,921091.0,921091.0,480000.0,921091.0,53235.0,921091.0,460679.0,480000.0,,,,
SII-027,37,93,0.0,921191.0,921191.0,480000.0,921191.0,53241.0,921191.0,459023.0,480000.0,,,,
SII-027,38,94,0.0,921290.0,921290.0,480000.0,921290.0,53247.0,921290.0,457373.0,480000.0,,,,
SII-027,39,95,0.0,921389.0,921389.0,480000.0,921389.0,53253.0,921389.0,455729.0,480000.0,,,,
SII-027,40,96,0.0,921489.0,921489.0,480000.0,921489.0,53258.0,921489.0,454091.0,480000.0,0.0,4672988.0,7644001.0,2971013.0
SII-027,41,97,0.0,921588.0,921588.0,480000.0,921588.0,53264.0,921588.0,452459.0,480000.0,,,,
SII-027,42,98,0.0,921688.0,921688.0,480000.0,921688.0,53270.0,921688.0,450833.0,480000.0,,,,
SII-027,43,99,0.0,921787.0,921787.0,480000.0,921787.0,53276.0,921787.0,449213.0,480000.0,,,,
SII-027,44,100,0.0,921887.0,921887.0,480000.0,921887.0,53281.0,921887.0,447598.0,480000.0,,,,
SII-027,45,101,0.0,921986.0,921986.0,480000.0,921986.0,53287.0,921986.0,445990.0,480000.0,,,,
SII-027,46,102,0.0,922086.0,922086.0,480000.0,922086.0,53293.0,922086.0,444387.0,480000.0,,,,
SII-027,47,103,0.0,922185.0,922185.0,480000.0,922185.0,53299.0,922185.0,442790.0,480000.0,,,,
SII-027,48,104,0.0,922284.0,922284.0,480000.0,922284.0,53304.0,922284.0,441198.0,480000.0,,,,
SII-027,49,105,0.0,922384.0,922384.0,480000.0,922384.0,53310.0,922384.0,439612.0,480000.0,,,,
SII-027,50,106,0.0,922484.0,922484.0,480000.0,922484.0,53316.0,922484.0,438032.0,480000.0,,,,
SII-027,51,107,0.0,922583.0,922583.0,480000.0,922583.0,53322.0,922583.0,436458.0,480000.0,,,,
SII-027,52,108,0.0,922683.0,922683.0,480000.0,922683.0,53327.0,922683.0,434889.0,480000.0,,,,
SII-027,53,109,0.0,922782.0,922782.0,480000.0,922782.0,53333.0,922782.0,433326.0,480000.0,,,,
SII-027,54,110,0.0,922882.0,922882.0,480000.0,922882.0,53339.0,922882.0,431769.0,480000.0,,,,
SII-027,55,111,0.0,922981.0,922981.0,480000.0,922981.0,53345.0,922981.0,430217.0,480000.0,,,,
SII-027,56,112,0.0,923080.0,923080.0,480000.0,923080.0,53350.0,923080.0,428671.0,480000.0,,,,
SII-027,57,113,0.0,923180.0,923180.0,480000.0,923180.0,53356.0,923180.0,427130.0,480000.0,,,,
SII-027,58,114,0.0,923279.0,923279.0,480000.0,923279.0,53362.0,923279.0,425595.0,480000.0,,,,
SII-027,59,115,0.0,923379.0,923379.0,480000.0,923379.0,53368.0,923379.0,424066.0,480000.0,,,,
SII-027,60,116,0.0,923478.0,923478.0,480000.0,923478.0,53373.0,923478.0,422541.0,480000.0,,,,
SII-027,61,117,0.0,923578.0,923578.0,480000.0,923578.0,53379.0,923578.0,421023.0,480000.0,,,,
SII-027,62,118,0.0,923678.0,923678.0,480000.0,923678.0,53385.0,923678.0,419510.0,480000.0,,,,
SII-027,63,119,0.0,923777.0,923777.0,480000.0,923777.0,53391.0,923777.0,418002.0,480000.0,,,,
SII-027,64,120,0.0,923877.0,923877.0,480000.0,923877.0,53396.0,923877.0,416500.0,480000.0,,,,
SII-027,65,121,0.0,923976.0,923976.0,480000.0,923976.0,53402.0,923976.0,415003.0,480000.0,,,,
SII-027,66,122,0.0,924076.0,924076.0,480000.0,924076.0,53408.0,924076.0,413511.0,480000.0,,,,
SII-027,67,123,0.0,924176.0,924176.0,480000.0,924176.0,53414.0,924176.0,412025.0,480000.0,,,,
SII-027,68,124,0.0,924275.0,924275.0,480000.0,924275.0,53419.0,924275.0,410544.0,480000.0,,,,
SII-027,69,125,0.0,924375.0,924375.0,480000.0,924375.0,53425.0,924375.0,409069.0,480000.0,,,,
SII-028,1,57,100000.0,76707.0,0.0,0.0,0.0,0.0,105000.0,71463.0,0.0,0.0,106350.0,106350.0,0.0
SII-028,2,58,100000.0,170210.0,30530.0,40000.0,40000.0,0.0,210000.0,154847.0,40000.0,0.0,179453.0,219453.0,40000.0
SII-028,3,59,100000.0,269835.0,118475.0,140000.0,140000.0,0.0,315000.0,238429.0,140000.0,0.0,199739.0,339739.0,140000.0
SII-028,4,60,100000.0,375948.0,212908.0,240000.0,240000.0,0.0,420000.0,322210.0,240000.0,0.0,227662.0,467662.0,240000.0
SII-028,5,61,100000.0,488936.0,314216.0,340000.0,340000.0,0.0,525000.0,406187.0,340000.0,0.0,263708.0,603708.0,340000.0
SII-028,6,62,100000.0,609211.0,422811.0,440000.0,440000.0,0.0,630000.0,490361.0,440000.0,0.0,308394.0,748394.0,440000.0
SII-028,7,63,100000.0,737209.0,539129.0,540000.0,540000.0,0.0,737209.0,574730.0,540000.0,0.0,362267.0,902267.0,540000.0
SII-028,8,64,100000.0,873391.0,695631.0,640000.0,695631.0,0.0,873391.0,659295.0,640000.0,0.0,370280.0,1065911.0,695631.0
SII-028,9,65,0.0,916506.0,759066.0,640000.0,759066.0,0.0,916506.0,648399.0,640000.0,0.0,374531.0,1133596.0,759066.0
SII-028,10,66,0.0,962199.0,829072.0,640000.0,829072.0,0.0,962199.0,637542.0,640000.0,0.0,376507.0,1205580.0,829072.0
SII-028,11,67,0.0,1010624.0,897328.0,632000.0,897328.0,0.0,1010624.0,626723.0,632000.0,0.0,,,
SII-028,12,68,0.0,1061946.0,948883.0,624000.0,948883.0,0.0,1061946.0,615944.0,624000.0,0.0,,,
SII-028,13,69,0.0,1116336.0,1004208.0,616000.0,1004208.0,0.0,1116336.0,605204.0,616000.0,0.0,,,
SII-028,14,70,0.0,1173979.0,1063136.0,608000.0,1063136.0,0.0,1173979.0,594502.0,608000.0,0.0,,,
SII-028,15,71,0.0,1175796.0,1066238.0,600000.0,1066238.0,57396.0,1175796.0,583839.0,600000.0,0.0,515896.0,1640149.0,1124253.0
SII-028,16,72,0.0,1175991.0,1067367.0,592000.0,1067367.0,59071.0,1175991.0,573214.0,592000.0,0.0,,,
SII-028,17,73,0.0,1176139.0,1069618.0,584000.0,1069618.0,59128.0,1176139.0,562627.0,584000.0,0.0,,,
SII-028,18,74,0.0,1176286.0,1071049.0,576000.0,1071049.0,59138.0,1176286.0,552078.0,576000.0,0.0,,,
SII-028,19,75,0.0,1176433.0,1073416.0,568000.0,1073416.0,59146.0,1176433.0,541567.0,568000.0,0.0,,,
SII-028,20,76,0.0,1176580.0,1074497.0,560000.0,1074497.0,59155.0,1176580.0,531094.0,560000.0,0.0,781794.0,2231366.0,1449572.0
SII-028,21,77,0.0,1176727.0,1076279.0,552000.0,1076279.0,59163.0,1176727.0,520659.0,552000.0,,,,
SII-028,22,78,0.0,1176873.0,1078761.0,544000.0,1078761.0,59172.0,1176873.0,510261.0,544000.0,,,,
SII-028,23,79,0.0,1177020.0,1081945.0,536000.0,1081945.0,59180.0,1177020.0,499900.0,536000.0,,,,
SII-028,24,80,0.0,1177167.0,1085829.0,528000.0,1085829.0,59189.0,1177167.0,489577.0,528000.0,,,,
SII-028,25,81,0.0,1177314.0,1090415.0,520000.0,1090415.0,59197.0,1177314.0,479290.0,520000.0,0.0,1219867.0,3035696.0,1815829.0
SII-028,26,82,0.0,1177736.0,1099246.0,512000.0,1099246.0,67766.0,1177736.0,477568.0,512000.0,,,,
SII-028,27,83,0.0,1177872.0,1107792.0,504000.0,1107792.0,68067.0,1177872.0,475851.0,504000.0,,,,
SII-028,28,84,0.0,1177999.0,1116328.0,496000.0,1116328.0,68083.0,1177999.0,474141.0,496000.0,,,,
SII-028,29,85,0.0,1178126.0,1124865.0,488000.0,1124865.0,68091.0,1178126.0,472437.0,488000.0,,,,
SII-028,30,86,0.0,1178253.0,1178253.0,480000.0,1178253.0,68098.0,1178253.0,470739.0,480000.0,0.0,1792997.0,4129959.0,2336963.0
SII-028,31,87,0.0,1178380.0,1178380.0,480000.0,1178380.0,68106.0,1178380.0,469047.0,480000.0,,,,
SII-028,32,88,0.0,1178507.0,1178507.0,480000.0,1178507.0,68113.0,1178507.0,467361.0,480000.0,,,,
SII-028,33,89,0.0,1178634.0,1178634.0,480000.0,1178634.0,68120.0,1178634.0,465682.0,480000.0,,,,
SII-028,34,90,0.0,1178761.0,1178761.0,480000.0,1178761.0,68128.0,1178761.0,464008.0,480000.0,,,,
SII-028,35,91,0.0,1178888.0,1178888.0,480000.0,1178888.0,68135.0,1178888.0,462340.0,480000.0,0.0,2802140.0,5618666.0,2816526.0
SII-028,36,92,0.0,1179015.0,1179015.0,480000.0,1179015.0,68142.0,1179015.0,460679.0,480000.0,,,,
SII-028,37,93,0.0,1179142.0,1179142.0,480000.0,1179142.0,68150.0,1179142.0,459023.0,480000.0,,,,
SII-028,38,94,0.0,1179269.0,1179269.0,480000.0,1179269.0,68157.0,1179269.0,457373.0,480000.0,,,,
SII-028,39,95,0.0,1179396.0,1179396.0,480000.0,1179396.0,68164.0,1179396.0,455729.0,480000.0,,,,
SII-028,40,96,0.0,1179523.0,1179523.0,480000.0,1179523.0,68172.0,1179523.0,454091.0,480000.0,0.0,4297871.0,7644001.0,3346130.0
SII-028,41,97,0.0,1179651.0,1179651.0,480000.0,1179651.0,68179.0,1179651.0,452459.0,480000.0,,,,
SII-028,42,98,0.0,1179778.0,1179778.0,480000.0,1179778.0,68186.0,1179778.0,450833.0,480000.0,,,,
SII-028,43,99,0.0,1179905.0,1179905.0,480000.0,1179905.0,68194.0,1179905.0,449213.0,480000.0,,,,
SII-028,44,100,0.0,1180032.0,1180032.0,480000.0,1180032.0,68201.0,1180032.0,447598.0,480000.0,,,,
SII-028,45,101,0.0,1180159.0,1180159.0,480000.0,1180159.0,68208.0,1180159.0,445990.0,480000.0,,,,
SII-028,46,102,0.0,1180287.0,1180287.0,480000.0,1180287.0,68216.0,1180287.0,444387.0,480000.0,,,,
SII-028,47,103,0.0,1180414.0,1180414.0,480000.0,1180414.0,68223.0,1180414.0,442790.0,480000.0,,,,
SII-028,48,104,0.0,1180541.0,1180541.0,480000.0,1180541.0,68231.0,1180541.0,441198.0,480000.0,,,,
SII-028,49,105,0.0,1180669.0,1180669.0,480000.0,1180669.0,68238.0,1180669.0,439612.0,480000.0,,,,
SII-028,50,106,0.0,1180796.0,1180796.0,480000.0,1180796.0,68245.0,1180796.0,438032.0,480000.0,,,,
SII-028,51,107,0.0,1180923.0,1180923.0,480000.0,1180923.0,68253.0,1180923.0,436458.0,480000.0,,,,
SII-028,52,108,0.0,1181051.0,1181051.0,480000.0,1181051.0,68260.0,1181051.0,434889.0,480000.0,,,,
SII-028,53,109,0.0,1181178.0,1181178.0,480000.0,1181178.0,68267.0,1181178.0,433326.0,480000.0,,,,
SII-028,54,110,0.0,1181305.0,1181305.0,480000.0,1181305.0,68275.0,1181305.0,431769.0,480000.0,,,,
SII-028,55,111,0.0,1181433.0,1181433.0,480000.0,1181433.0,68282.0,1181433.0,430217.0,480000.0,,,,
SII-028,56,112,0.0,1181560.0,1181560.0,480000.0,1181560.0,68289.0,1181560.0,428671.0,480000.0,,,,
SII-028,57,113,0.0,1181687.0,1181687.0,480000.0,1181687.0,68297.0,1181687.0,427130.0,480000.0,,,,
SII-028,58,114,0.0,1181815.0,1181815.0,480000.0,1181815.0,68304.0,1181815.0,425595.0,480000.0,,,,
SII-028,59,115,0.0,1181942.0,1181942.0,480000.0,1181942.0,68312.0,1181942.0,424066.0,480000.0,,,,
SII-028,60,116,0.0,1182070.0,1182070.0,480000.0,1182070.0,68319.0,1182070.0,422541.0,480000.0,,,,
SII-028,61,117,0.0,1182197.0,1182197.0,480000.0,1182197.0,68326.0,1182197.0,421023.0,480000.0,,,,
SII-028,62,118,0.0,1182325.0,1182325.0,480000.0,1182325.0,68334.0,1182325.0,419510.0,480000.0,,,,
SII-028,63,119,0.0,1182452.0,1182452.0,480000.0,1182452.0,68341.0,1182452.0,418002.0,480000.0,,,,
SII-028,64,120,0.0,1182580.0,1182580.0,480000.0,1182580.0,68348.0,1182580.0,416500.0,480000.0,,,,
SII-028,65,121,0.0,1182707.0,1182707.0,480000.0,1182707.0,68356.0,1182707.0,415003.0,480000.0,,,,
SII-028,66,122,0.0,1182835.0,1182835.0,480000.0,1182835.0,68363.0,1182835.0,413511.0,480000.0,,,,
SII-028,67,123,0.0,1182962.0,1182962.0,480000.0,1182962.0,68370.0,1182962.0,412025.0,480000.0,,,,
SII-028,68,124,0.0,1183090.0,1183090.0,480000.0,1183090.0,68378.0,1183090.0,410544.0,480000.0,,,,
SII-028,69,125,0.0,1183217.0,1183217.0,480000.0,1183217.0,68385.0,1183217.0,409069.0,480000.0,,,,
SII-029,1,47,100000.0,71508.0,0.0,0.0,0.0,0.0,105000.0,66411.0,0.0,0.0,106350.0,106350.0,0.0
SII-029,2,48,100000.0,162422.0,0.0,0.0,0.0,0.0,210000.0,147682.0,0.0,0.0,219453.0,219453.0,0.0
SII-029,3,49,100000.0,259303.0,70103.0,100000.0,100000.0,0.0,315000.0,229158.0,100000.0,0.0,239739.0,339739.0,100000.0
SII-029,4,50,100000.0,358558.0,154758.0,200000.0,200000.0,3823.0,416177.0,310841.0,200000.0,0.0,263797.0,467662.0,203865.0
SII-029,5,51,100000.0,458409.0,240009.0,300000.0,300000.0,9508.0,511668.0,392727.0,300000.0,0.0,290156.0,603708.0,313553.0
SII-029,6,52,100000.0,558802.0,325802.0,400000.0,400000.0,15277.0,601391.0,474818.0,400000.0,0.0,319127.0,748394.0,429266.0
SII-029,7,53,100000.0,659737.0,412137.0,500000.0,500000.0,21079.0,685311.0,557112.0,500000.0,0.0,351108.0,902267.0,551159.0
SII-029,8,54,100000.0,761214.0,539014.0,600000.0,600000.0,26913.0,763399.0,639608.0,600000.0,0.0,386525.0,1065911.0,679386.0
SII-029,9,55,100000.0,863233.0,666433.0,700000.0,700000.0,32778.0,863233.0,722306.0,700000.0,0.0,425841.0,1239946.0,814105.0
SII-029,10,56,100000.0,965263.0,798855.0,800000.0,800000.0,38674.0,965263.0,804706.0,800000.0,0.0,469554.0,1425033.0,955478.0
SII-029,11,57,0.0,965564.0,823944.0,790000.0,823944.0,44571.0,965564.0,791156.0,790000.0,0.0,,,
SII-029,12,58,0.0,965698.0,824370.0,780000.0,824370.0,44750.0,965698.0,777654.0,780000.0,0.0,,,
SII-029,13,59,0.0,965827.0,825667.0,770000.0,825667.0,44762.0,965827.0,764201.0,770000.0,0.0,,,
SII-029,14,60,0.0,965957.0,827403.0,760000.0,827403.0,44770.0,965957.0,750796.0,760000.0,0.0,,,
SII-029,15,61,0.0,966086.0,829138.0,750000.0,829138.0,44777.0,966086.0,737440.0,750000.0,0.0,702648.0,1938708.0,1236059.0
SII-029,16,62,0.0,966215.0,830435.0,740000.0,830435.0,44785.0,966215.0,724131.0,740000.0,0.0,,,
SII-029,17,63,0.0,966344.0,833192.0,730000.0,833192.0,44792.0,966344.0,710870.0,730000.0,0.0,,,
SII-029,18,64,0.0,966474.0,834928.0,720000.0,834928.0,44800.0,966474.0,697657.0,720000.0,0.0,,,
SII-029,19,65,0.0,966603.0,837831.0,710000.0,837831.0,44807.0,966603.0,684491.0,710000.0,0.0,,,
SII-029,20,66,0.0,966732.0,839128.0,700000.0,839128.0,44815.0,966732.0,671373.0,700000.0,0.0,1113486.0,2637545.0,1524059.0
SII-029,21,67,0.0,966862.0,841302.0,690000.0,841302.0,44822.0,966862.0,658302.0,690000.0,,,,
SII-029,22,68,0.0,966991.0,844351.0,680000.0,844351.0,44830.0,966991.0,645277.0,680000.0,,,,
SII-029,23,69,0.0,967120.0,848276.0,670000.0,848276.0,44837.0,967120.0,632300.0,670000.0,,,,
SII-029,24,70,0.0,967250.0,853078.0,660000.0,853078.0,44844.0,967250.0,619369.0,660000.0,,,,
SII-029,25,71,0.0,967379.0,858755.0,650000.0,858755.0,44852.0,967379.0,606485.0,650000.0,0.0,1737462.0,3588288.0,1850826.0
SII-029,26,72,0.0,967852.0,869740.0,640000.0,869740.0,55560.0,967852.0,604305.0,640000.0,,,,
SII-029,27,73,0.0,967967.0,880367.0,630000.0,880367.0,55934.0,967967.0,602133.0,630000.0,,,,
SII-029,28,74,0.0,968072.0,890984.0,620000.0,890984.0,55950.0,968072.0,599969.0,620000.0,,,,
SII-029,29,75,0.0,968177.0,901601.0,610000.0,901601.0,55957.0,968177.0,597813.0,610000.0,,,,
SII-029,30,76,0.0,968281.0,968281.0,600000.0,968281.0,55963.0,968281.0,595664.0,600000.0,0.0,2524248.0,4881741.0,2357493.0
SII-029,31,77,0.0,968385.0,968385.0,600000.0,968385.0,55969.0,968385.0,593523.0,600000.0,,,,
SII-029,32,78,0.0,968490.0,968490.0,600000.0,968490.0,55975.0,968490.0,591390.0,600000.0,,,,
SII-029,33,79,0.0,968594.0,968594.0,600000.0,968594.0,55981.0,968594.0,589265.0,600000.0,,,,
SII-029,34,80,0.0,968699.0,968699.0,600000.0,968699.0,55987.0,968699.0,587147.0,600000.0,,,,
SII-029,35,81,0.0,968803.0,968803.0,600000.0,968803.0,55993.0,968803.0,585037.0,600000.0,0.0,3844362.0,6641439.0,2797078.0
SII-029,36,82,0.0,968908.0,968908.0,600000.0,968908.0,55999.0,968908.0,582934.0,600000.0,,,,
SII-029,37,83,0.0,969012.0,969012.0,600000.0,969012.0,56005.0,969012.0,580839.0,600000.0,,,,
SII-029,38,84,0.0,969116.0,969116.0,600000.0,969116.0,56011.0,969116.0,578751.0,600000.0,,,,
SII-029,39,85,0.0,969221.0,969221.0,600000.0,969221.0,56017.0,969221.0,576671.0,600000.0,,,,
SII-029,40,86,0.0,969325.0,969325.0,600000.0,969325.0,56023.0,969325.0,574599.0,600000.0,0.0,5752929.0,9035448.0,3282519.0
SII-029,41,87,0.0,969430.0,969430.0,600000.0,969430.0,56029.0,969430.0,572533.0,600000.0,,,,
SII-029,42,88,0.0,969534.0,969534.0,600000.0,969534.0,56035.0,969534.0,570476.0,600000.0,,,,
SII-029,43,89,0.0,969639.0,969639.0,600000.0,969639.0,56041.0,969639.0,568425.0,600000.0,,,,
SII-029,44,90,0.0,969743.0,969743.0,600000.0,969743.0,56047.0,969743.0,566382.0,600000.0,,,,
SII-029,45,91,0.0,969848.0,969848.0,600000.0,969848.0,56053.0,969848.0,564347.0,600000.0,,,,
SII-029,46,92,0.0,969953.0,969953.0,600000.0,969953.0,56059.0,969953.0,562319.0,600000.0,,,,
SII-029,47,93,0.0,970057.0,970057.0,600000.0,970057.0,56065.0,970057.0,560298.0,600000.0,,,,
SII-029,48,94,0.0,970162.0,970162.0,600000.0,970162.0,56071.0,970162.0,558284.0,600000.0,,,,
SII-029,49,95,0.0,970266.0,970266.0,600000.0,970266.0,56078.0,970266.0,556277.0,600000.0,,,,
SII-029,50,96,0.0,970371.0,970371.0,600000.0,970371.0,56084.0,970371.0,554278.0,600000.0,,,,
SII-029,51,97,0.0,970476.0,970476.0,600000.0,970476.0,56090.0,970476.0,552286.0,600000.0,,,,
SII-029,52,98,0.0,970580.0,970580.0,600000.0,970580.0,56096.0,970580.0,550301.0,600000.0,,,,
SII-029,53,99,0.0,970685.0,970685.0,600000.0,970685.0,56102.0,970685.0,548323.0,600000.0,,,,
SII-029,54,100,0.0,970789.0,970789.0,600000.0,970789.0,56108.0,970789.0,546352.0,600000.0,,,,
SII-029,55,101,0.0,970894.0,970894.0,600000.0,970894.0,56114.0,970894.0,544389.0,600000.0,,,,
SII-029,56,102,0.0,970999.0,970999.0,600000.0,970999.0,56120.0,970999.0,542432.0,600000.0,,,,
SII-029,57,103,0.0,971104.0,971104.0,600000.0,971104.0,56126.0,971104.0,540483.0,600000.0,,,,
SII-029,58,104,0.0,971208.0,971208.0,600000.0,971208.0,56132.0,971208.0,538540.0,600000.0,,,,
SII-029,59,105,0.0,971313.0,971313.0,600000.0,971313.0,56138.0,971313.0,536605.0,600000.0,,,,
SII-029,60,106,0.0,971418.0,971418.0,600000.0,971418.0,56144.0,971418.0,534676.0,600000.0,,,,
SII-029,61,107,0.0,971523.0,971523.0,600000.0,971523.0,56150.0,971523.0,532754.0,600000.0,,,,
SII-029,62,108,0.0,971627.0,971627.0,600000.0,971627.0,56156.0,971627.0,530840.0,600000.0,,,,
SII-029,63,109,0.0,971732.0,971732.0,600000.0,971732.0,56162.0,971732.0,528932.0,600000.0,,,,
SII-029,64,110,0.0,971837.0,971837.0,600000.0,971837.0,56168.0,971837.0,527031.0,600000.0,,,,
SII-029,65,111,0.0,971942.0,971942.0,600000.0,971942.0,56174.0,971942.0,525137.0,600000.0,,,,
SII-029,66,112,0.0,972046.0,972046.0,600000.0,972046.0,56180.0,972046.0,523249.0,600000.0,,,,
SII-029,67,113,0.0,972151.0,972151.0,600000.0,972151.0,56187.0,972151.0,521369.0,600000.0,,,,
SII-029,68,114,0.0,972256.0,972256.0,600000.0,972256.0,56193.0,972256.0,519495.0,600000.0,,,,
SII-029,69,115,0.0,972361.0,972361.0,600000.0,972361.0,56199.0,972361.0,517628.0,600000.0,,,,
SII-029,70,116,0.0,972466.0,972466.0,600000.0,972466.0,56205.0,972466.0,515767.0,600000.0,,,,
SII-029,71,117,0.0,972571.0,972571.0,600000.0,972571.0,56211.0,972571.0,513914.0,600000.0,,,,
SII-029,72,118,0.0,972676.0,972676.0,600000.0,972676.0,56217.0,972676.0,512067.0,600000.0,,,,
SII-029,73,119,0.0,972780.0,972780.0,600000.0,972780.0,56223.0,972780.0,510226.0,600000.0,,,,
SII-029,74,120,0.0,972885.0,972885.0,600000.0,972885.0,56229.0,972885.0,508392.0,600000.0,,,,
SII-029,75,121,0.0,972990.0,972990.0,600000.0,972990.0,56235.0,972990.0,506565.0,600000.0,,,,
SII-029,76,122,0.0,973095.0,973095.0,600000.0,973095.0,56241.0,973095.0,504745.0,600000.0,,,,
SII-029,77,123,0.0,973200.0,973200.0,600000.0,973200.0,56247.0,973200.0,502930.0,600000.0,,,,
SII-029,78,124,0.0,973305.0,973305.0,600000.0,973305.0,56253.0,973305.0,501123.0,600000.0,,,,
SII-029,79,125,0.0,973410.0,973410.0,600000.0,973410.0,56259.0,973410.0,499322.0,600000.0,,,,
SII-030,1,57,100000.0,71508.0,0.0,0.0,0.0,0.0,105000.0,66411.0,0.0,0.0,106350.0,106350.0,0.0
SII-030,2,58,100000.0,162422.0,0.0,0.0,0.0,0.0,210000.0,147682.0,0.0,0.0,219453.0,219453.0,0.0
SII-030,3,59,100000.0,259303.0,70103.0,100000.0,100000.0,0.0,315000.0,229158.0,100000.0,0.0,239739.0,339739.0,100000.0
SII-030,4,60,100000.0,358558.0,154758.0,200000.0,200000.0,3823.0,416177.0,310841.0,200000.0,0.0,263797.0,467662.0,203865.0
SII-030,5,61,100000.0,458409.0,240009.0,300000.0,300000.0,9508.0,511668.0,392727.0,300000.0,0.0,290156.0,603708.0,313553.0
SII-030,6,62,100000.0,558802.0,325802.0,400000.0,400000.0,15277.0,601391.0,474818.0,400000.0,0.0,319127.0,748394.0,429266.0
SII-030,7,63,100000.0,659737.0,412137.0,500000.0,500000.0,21079.0,685311.0,557112.0,500000.0,0.0,351108.0,902267.0,551159.0
SII-030,8,64,100000.0,761214.0,539014.0,600000.0,600000.0,26913.0,763399.0,639608.0,600000.0,0.0,386525.0,1065911.0,679386.0
SII-030,9,65,100000.0,863233.0,666433.0,700000.0,700000.0,32778.0,863233.0,722306.0,700000.0,0.0,425841.0,1239946.0,814105.0
SII-030,10,66,100000.0,965263.0,798855.0,800000.0,800000.0,38674.0,965263.0,804706.0,800000.0,0.0,469554.0,1425033.0,955478.0
SII-030,11,67,0.0,965564.0,823944.0,790000.0,823944.0,44571.0,965564.0,791156.0,790000.0,0.0,,,
SII-030,12,68,0.0,965698.0,824370.0,780000.0,824370.0,44750.0,965698.0,777654.0,780000.0,0.0,,,
SII-030,13,69,0.0,965827.0,825667.0,770000.0,825667.0,44762.0,965827.0,764201.0,770000.0,0.0,,,
SII-030,14,70,0.0,965957.0,827403.0,760000.0,827403.0,44770.0,965957.0,750796.0,760000.0,0.0,,,
SII-030,15,71,0.0,966086.0,829138.0,750000.0,829138.0,44777.0,966086.0,737440.0,750000.0,0.0,702648.0,1938708.0,1236059.0
SII-030,16,72,0.0,966215.0,830435.0,740000.0,830435.0,44785.0,966215.0,724131.0,740000.0,0.0,,,
SII-030,17,73,0.0,966344.0,833192.0,730000.0,833192.0,44792.0,966344.0,710870.0,730000.0,0.0,,,
SII-030,18,74,0.0,966474.0,834928.0,720000.0,834928.0,44800.0,966474.0,697657.0,720000.0,0.0,,,
SII-030,19,75,0.0,966603.0,837831.0,710000.0,837831.0,44807.0,966603.0,684491.0,710000.0,0.0,,,
SII-030,20,76,0.0,966732.0,839128.0,700000.0,839128.0,44815.0,966732.0,671373.0,700000.0,0.0,1113486.0,2637545.0,1524059.0
SII-030,21,77,0.0,966862.0,841302.0,690000.0,841302.0,44822.0,966862.0,658302.0,690000.0,,,,
SII-030,22,78,0.0,966991.0,844351.0,680000.0,844351.0,44830.0,966991.0,645277.0,680000.0,,,,
SII-030,23,79,0.0,967120.0,848276.0,670000.0,848276.0,44837.0,967120.0,632300.0,670000.0,,,,
SII-030,24,80,0.0,967250.0,853078.0,660000.0,853078.0,44844.0,967250.0,619369.0,660000.0,,,,
SII-030,25,81,0.0,967379.0,858755.0,650000.0,858755.0,44852.0,967379.0,606485.0,650000.0,0.0,1737462.0,3588288.0,1850826.0
SII-030,26,82,0.0,967852.0,869740.0,640000.0,869740.0,55560.0,967852.0,604305.0,640000.0,,,,
SII-030,27,83,0.0,967967.0,880367.0,630000.0,880367.0,55934.0,967967.0,602133.0,630000.0,,,,
SII-030,28,84,0.0,968072.0,890984.0,620000.0,890984.0,55950.0,968072.0,599969.0,620000.0,,,,
SII-030,29,85,0.0,968177.0,901601.0,610000.0,901601.0,55957.0,968177.0,597813.0,610000.0,,,,
SII-030,30,86,0.0,968281.0,968281.0,600000.0,968281.0,55963.0,968281.0,595664.0,600000.0,0.0,2524248.0,4881741.0,2357493.0
SII-030,31,87,0.0,968385.0,968385.0,600000.0,968385.0,55969.0,968385.0,593523.0,600000.0,,,,
SII-030,32,88,0.0,968490.0,968490.0,600000.0,968490.0,55975.0,968490.0,591390.0,600000.0,,,,
SII-030,33,89,0.0,968594.0,968594.0,600000.0,968594.0,55981.0,968594.0,589265.0,600000.0,,,,
SII-030,34,90,0.0,968699.0,968699.0,600000.0,968699.0,55987.0,968699.0,587147.0,600000.0,,,,
SII-030,35,91,0.0,968803.0,968803.0,600000.0,968803.0,55993.0,968803.0,585037.0,600000.0,0.0,3844362.0,6641439.0,2797078.0
SII-030,36,92,0.0,968908.0,968908.0,600000.0,968908.0,55999.0,968908.0,582934.0,600000.0,,,,
SII-030,37,93,0.0,969012.0,969012.0,600000.0,969012.0,56005.0,969012.0,580839.0,600000.0,,,,
SII-030,38,94,0.0,969116.0,969116.0,600000.0,969116.0,56011.0,969116.0,578751.0,600000.0,,,,
SII-030,39,95,0.0,969221.0,969221.0,600000.0,969221.0,56017.0,969221.0,576671.0,600000.0,,,,
SII-030,40,96,0.0,969325.0,969325.0,600000.0,969325.0,56023.0,969325.0,574599.0,600000.0,0.0,5752929.0,9035448.0,3282519.0
SII-030,41,97,0.0,969430.0,969430.0,600000.0,969430.0,56029.0,969430.0,572533.0,600000.0,,,,
SII-030,42,98,0.0,969534.0,969534.0,600000.0,969534.0,56035.0,969534.0,570476.0,600000.0,,,,
SII-030,43,99,0.0,969639.0,969639.0,600000.0,969639.0,56041.0,969639.0,568425.0,600000.0,,,,
SII-030,44,100,0.0,969743.0,969743.0,600000.0,969743.0,56047.0,969743.0,566382.0,600000.0,,,,
SII-030,45,101,0.0,969848.0,969848.0,600000.0,969848.0,56053.0,969848.0,564347.0,600000.0,,,,
SII-030,46,102,0.0,969953.0,969953.0,600000.0,969953.0,56059.0,969953.0,562319.0,600000.0,,,,
SII-030,47,103,0.0,970057.0,970057.0,600000.0,970057.0,56065.0,970057.0,560298.0,600000.0,,,,
SII-030,48,104,0.0,970162.0,970162.0,600000.0,970162.0,56071.0,970162.0,558284.0,600000.0,,,,
SII-030,49,105,0.0,970266.0,970266.0,600000.0,970266.0,56078.0,970266.0,556277.0,600000.0,,,,
SII-030,50,106,0.0,970371.0,970371.0,600000.0,970371.0,56084.0,970371.0,554278.0,600000.0,,,,
SII-030,51,107,0.0,970476.0,970476.0,600000.0,970476.0,56090.0,970476.0,552286.0,600000.0,,,,
SII-030,52,108,0.0,970580.0,970580.0,600000.0,970580.0,56096.0,970580.0,550301.0,600000.0,,,,
SII-030,53,109,0.0,970685.0,970685.0,600000.0,970685.0,56102.0,970685.0,548323.0,600000.0,,,,
SII-030,54,110,0.0,970789.0,970789.0,600000.0,970789.0,56108.0,970789.0,546352.0,600000.0,,,,
SII-030,55,111,0.0,970894.0,970894.0,600000.0,970894.0,56114.0,970894.0,544389.0,600000.0,,,,
SII-030,56,112,0.0,970999.0,970999.0,600000.0,970999.0,56120.0,970999.0,542432.0,600000.0,,,,
SII-030,57,113,0.0,971104.0,971104.0,600000.0,971104.0,56126.0,971104.0,540483.0,600000.0,,,,
SII-030,58,114,0.0,971208.0,971208.0,600000.0,971208.0,56132.0,971208.0,538540.0,600000.0,,,,
SII-030,59,115,0.0,971313.0,971313.0,600000.0,971313.0,56138.0,971313.0,536605.0,600000.0,,,,
SII-030,60,116,0.0,971418.0,971418.0,600000.0,971418.0,56144.0,971418.0,534676.0,600000.0,,,,
SII-030,61,117,0.0,971523.0,971523.0,600000.0,971523.0,56150.0,971523.0,532754.0,600000.0,,,,
SII-030,62,118,0.0,971627.0,971627.0,600000.0,971627.0,56156.0,971627.0,530840.0,600000.0,,,,
SII-030,63,119,0.0,971732.0,971732.0,600000.0,971732.0,56162.0,971732.0,528932.0,600000.0,,,,
SII-030,64,120,0.0,971837.0,971837.0,600000.0,971837.0,56168.0,971837.0,527031.0,600000.0,,,,
SII-030,65,121,0.0,971942.0,971942.0,600000.0,971942.0,56174.0,971942.0,525137.0,600000.0,,,,
SII-030,66,122,0.0,972046.0,972046.0,600000.0,972046.0,56180.0,972046.0,523249.0,600000.0,,,,
SII-030,67,123,0.0,972151.0,972151.0,600000.0,972151.0,56187.0,972151.0,521369.0,600000.0,,,,
SII-030,68,124,0.0,972256.0,972256.0,600000.0,972256.0,56193.0,972256.0,519495.0,600000.0,,,,
SII-030,69,125,0.0,972361.0,972361.0,600000.0,972361.0,56199.0,972361.0,517628.0,600000.0,,,,
SII-031,1,47,100000.0,71508.0,0.0,0.0,0.0,0.0,105000.0,66411.0,0.0,0.0,106350.0,106350.0,0.0
SII-031,2,48,100000.0,162422.0,0.0,0.0,0.0,0.0,210000.0,147682.0,0.0,0.0,219453.0,219453.0,0.0
SII-031,3,49,100000.0,259303.0,70103.0,100000.0,100000.0,0.0,315000.0,229158.0,100000.0,0.0,239739.0,339739.0,100000.0
SII-031,4,50,100000.0,362507.0,158707.0,200000.0,200000.0,0.0,420000.0,310841.0,200000.0,0.0,267662.0,467662.0,200000.0
SII-031,5,51,100000.0,472413.0,254013.0,300000.0,300000.0,0.0,525000.0,392727.0,300000.0,0.0,303708.0,603708.0,300000.0
SII-031,6,52,100000.0,589421.0,356421.0,400000.0,400000.0,0.0,630000.0,474818.0,400000.0,0.0,348394.0,748394.0,400000.0
SII-031,7,53,100000.0,713956.0,466356.0,500000.0,500000.0,0.0,735000.0,557112.0,500000.0,0.0,402267.0,902267.0,500000.0
SII-031,8,54,100000.0,846469.0,624269.0,600000.0,624269.0,0.0,846469.0,639608.0,600000.0,0.0,441642.0,1065911.0,624269.0
SII-031,9,55,100000.0,949398.0,752598.0,700000.0,752598.0,36833.0,949398.0,722306.0,700000.0,0.0,450118.0,1239946.0,789829.0
SII-031,10,56,100000.0,1051464.0,885056.0,800000.0,885056.0,43629.0,1051464.0,804706.0,800000.0,0.0,457902.0,1425033.0,967131.0
SII-031,11,57,0.0,1051774.0,910154.0,790000.0,910154.0,49553.0,1051774.0,791156.0,790000.0,0.0,,,
SII-031,12,58,0.0,1051918.0,910590.0,780000.0,910590.0,49733.0,1051918.0,777654.0,780000.0,0.0,,,
SII-031,13,59,0.0,1052057.0,911897.0,770000.0,911897.0,49746.0,1052057.0,764201.0,770000.0,0.0,,,
SII-031,14,60,0.0,1052195.0,913641.0,760000.0,913641.0,49754.0,1052195.0,750796.0,760000.0,0.0,,,
SII-031,15,61,0.0,1052334.0,915386.0,750000.0,915386.0,49762.0,1052334.0,737440.0,750000.0,0.0,671229.0,1938708.0,1267479.0
SII-031,16,62,0.0,1052472.0,916692.0,740000.0,916692.0,49770.0,1052472.0,724131.0,740000.0,0.0,,,
SII-031,17,63,0.0,1052611.0,919459.0,730000.0,919459.0,49778.0,1052611.0,710870.0,730000.0,0.0,,,
SII-031,18,64,0.0,1052749.0,921203.0,720000.0,921203.0,49786.0,1052749.0,697657.0,720000.0,0.0,,,
SII-031,19,65,0.0,1052888.0,924116.0,710000.0,924116.0,49794.0,1052888.0,684491.0,710000.0,0.0,,,
SII-031,20,66,0.0,1053027.0,925423.0,700000.0,925423.0,49802.0,1053027.0,671373.0,700000.0,0.0,1061497.0,2637545.0,1576048.0
SII-031,21,67,0.0,1053165.0,927605.0,690000.0,927605.0,49810.0,1053165.0,658302.0,690000.0,,,,
SII-031,22,68,0.0,1053304.0,930664.0,680000.0,930664.0,49818.0,1053304.0,645277.0,680000.0,,,,
SII-031,23,69,0.0,1053443.0,934599.0,670000.0,934599.0,49826.0,1053443.0,632300.0,670000.0,,,,
SII-031,24,70,0.0,1053581.0,939409.0,660000.0,939409.0,49834.0,1053581.0,619369.0,660000.0,,,,
SII-031,25,71,0.0,1053720.0,945096.0,650000.0,945096.0,49842.0,1053720.0,606485.0,650000.0,0.0,1662753.0,3588288.0,1925535.0
SII-031,26,72,0.0,1054203.0,956091.0,640000.0,956091.0,60550.0,1054203.0,604305.0,640000.0,,,,
SII-031,27,73,0.0,1054327.0,966727.0,630000.0,966727.0,60925.0,1054327.0,602133.0,630000.0,,,,
SII-031,28,74,0.0,1054441.0,977353.0,620000.0,977353.0,60942.0,1054441.0,599969.0,620000.0,,,,
SII-031,29,75,0.0,1054555.0,987979.0,610000.0,987979.0,60949.0,1054555.0,597813.0,610000.0,,,,
SII-031,30,76,0.0,1054668.0,1054668.0,600000.0,1054668.0,60956.0,1054668.0,595664.0,600000.0,0.0,2424445.0,4881741.0,2457296.0
SII-031,31,77,0.0,1054782.0,1054782.0,600000.0,1054782.0,60962.0,1054782.0,593523.0,600000.0,,,,
SII-031,32,78,0.0,1054896.0,1054896.0,600000.0,1054896.0,60969.0,1054896.0,591390.0,600000.0,,,,
SII-031,33,79,0.0,1055009.0,1055009.0,600000.0,1055009.0,60975.0,1055009.0,589265.0,600000.0,,,,
SII-031,34,80,0.0,1055123.0,1055123.0,600000.0,1055123.0,60982.0,1055123.0,587147.0,600000.0,,,,
SII-031,35,81,0.0,1055237.0,1055237.0,600000.0,1055237.0,60988.0,1055237.0,585037.0,600000.0,0.0,3716844.0,6641439.0,2924595.0
SII-031,36,82,0.0,1055351.0,1055351.0,600000.0,1055351.0,60995.0,1055351.0,582934.0,600000.0,,,,
SII-031,37,83,0.0,1055465.0,1055465.0,600000.0,1055465.0,61002.0,1055465.0,580839.0,600000.0,,,,
SII-031,38,84,0.0,1055578.0,1055578.0,600000.0,1055578.0,61008.0,1055578.0,578751.0,600000.0,,,,
SII-031,39,85,0.0,1055692.0,1055692.0,600000.0,1055692.0,61015.0,1055692.0,576671.0,600000.0,,,,
SII-031,40,86,0.0,1055806.0,1055806.0,600000.0,1055806.0,61021.0,1055806.0,574599.0,600000.0,0.0,5594802.0,9035448.0,3440646.0
SII-031,41,87,0.0,1055920.0,1055920.0,600000.0,1055920.0,61028.0,1055920.0,572533.0,600000.0,,,,
SII-031,42,88,0.0,1056034.0,1056034.0,600000.0,1056034.0,61035.0,1056034.0,570476.0,600000.0,,,,
SII-031,43,89,0.0,1056148.0,1056148.0,600000.0,1056148.0,61041.0,1056148.0,568425.0,600000.0,,,,
SII-031,44,90,0.0,1056262.0,1056262.0,600000.0,1056262.0,61048.0,1056262.0,566382.0,600000.0,,,,
SII-031,45,91,0.0,1056375.0,1056375.0,600000.0,1056375.0,61054.0,1056375.0,564347.0,600000.0,,,,
SII-031,46,92,0.0,1056489.0,1056489.0,600000.0,1056489.0,61061.0,1056489.0,562319.0,600000.0,,,,
SII-031,47,93,0.0,1056603.0,1056603.0,600000.0,1056603.0,61067.0,1056603.0,560298.0,600000.0,,,,
SII-031,48,94,0.0,1056717.0,1056717.0,600000.0,1056717.0,61074.0,1056717.0,558284.0,600000.0,,,,
SII-031,49,95,0.0,1056831.0,1056831.0,600000.0,1056831.0,61081.0,1056831.0,556277.0,600000.0,,,,
SII-031,50,96,0.0,1056945.0,1056945.0,600000.0,1056945.0,61087.0,1056945.0,554278.0,600000.0,,,,
SII-031,51,97,0.0,1057059.0,1057059.0,600000.0,1057059.0,61094.0,1057059.0,552286.0,600000.0,,,,
SII-031,52,98,0.0,1057173.0,1057173.0,600000.0,1057173.0,61100.0,1057173.0,550301.0,600000.0,,,,
SII-031,53,99,0.0,1057287.0,1057287.0,600000.0,1057287.0,61107.0,1057287.0,548323.0,600000.0,,,,
SII-031,54,100,0.0,1057401.0,1057401.0,600000.0,1057401.0,61113.0,1057401.0,546352.0,600000.0,,,,
SII-031,55,101,0.0,1057515.0,1057515.0,600000.0,1057515.0,61120.0,1057515.0,544389.0,600000.0,,,,
SII-031,56,102,0.0,1057629.0,1057629.0,600000.0,1057629.0,61127.0,1057629.0,542432.0,600000.0,,,,
SII-031,57,103,0.0,1057743.0,1057743.0,600000.0,1057743.0,61133.0,1057743.0,540483.0,600000.0,,,,
SII-031,58,104,0.0,1057857.0,1057857.0,600000.0,1057857.0,61140.0,1057857.0,538540.0,600000.0,,,,
SII-031,59,105,0.0,1057971.0,1057971.0,600000.0,1057971.0,61146.0,1057971.0,536605.0,600000.0,,,,
SII-031,60,106,0.0,1058085.0,1058085.0,600000.0,1058085.0,61153.0,1058085.0,534676.0,600000.0,,,,
SII-031,61,107,0.0,1058199.0,1058199.0,600000.0,1058199.0,61160.0,1058199.0,532754.0,600000.0,,,,
SII-031,62,108,0.0,1058313.0,1058313.0,600000.0,1058313.0,61166.0,1058313.0,530840.0,600000.0,,,,
SII-031,63,109,0.0,1058427.0,1058427.0,600000.0,1058427.0,61173.0,1058427.0,528932.0,600000.0,,,,
SII-031,64,110,0.0,1058542.0,1058542.0,600000.0,1058542.0,61179.0,1058542.0,527031.0,600000.0,,,,
SII-031,65,111,0.0,1058656.0,1058656.0,600000.0,1058656.0,61186.0,1058656.0,525137.0,600000.0,,,,
SII-031,66,112,0.0,1058770.0,1058770.0,600000.0,1058770.0,61193.0,1058770.0,523249.0,600000.0,,,,
SII-031,67,113,0.0,1058884.0,1058884.0,600000.0,1058884.0,61199.0,1058884.0,521369.0,600000.0,,,,
SII-031,68,114,0.0,1058998.0,1058998.0,600000.0,1058998.0,61206.0,1058998.0,519495.0,600000.0,,,,
SII-031,69,115,0.0,1059112.0,1059112.0,600000.0,1059112.0,61212.0,1059112.0,517628.0,600000.0,,,,
SII-031,70,116,0.0,1059227.0,1059227.0,600000.0,1059227.0,61219.0,1059227.0,515767.0,600000.0,,,,
SII-031,71,117,0.0,1059341.0,1059341.0,600000.0,1059341.0,61226.0,1059341.0,513914.0,600000.0,,,,
SII-031,72,118,0.0,1059455.0,1059455.0,600000.0,1059455.0,61232.0,1059455.0,512067.0,600000.0,,,,
SII-031,73,119,0.0,1059569.0,1059569.0,600000.0,1059569.0,61239.0,1059569.0,510226.0,600000.0,,,,
SII-031,74,120,0.0,1059683.0,1059683.0,600000.0,1059683.0,61245.0,1059683.0,508392.0,600000.0,,,,
SII-031,75,121,0.0,1059798.0,1059798.0,600000.0,1059798.0,61252.0,1059798.0,506565.0,600000.0,,,,
SII-031,76,122,0.0,1059912.0,1059912.0,600000.0,1059912.0,61259.0,1059912.0,504745.0,600000.0,,,,
SII-031,77,123,0.0,1060026.0,1060026.0,600000.0,1060026.0,61265.0,1060026.0,502930.0,600000.0,,,,
SII-031,78,124,0.0,1060141.0,1060141.0,600000.0,1060141.0,61272.0,1060141.0,501123.0,600000.0,,,,
SII-031,79,125,0.0,1060255.0,1060255.0,600000.0,1060255.0,61278.0,1060255.0,499322.0,600000.0,,,,
SII-032,1,57,100000.0,71508.0,0.0,0.0,0.0,0.0,105000.0,66411.0,0.0,0.0,106350.0,106350.0,0.0
SII-032,2,58,100000.0,162422.0,0.0,0.0,0.0,0.0,210000.0,147682.0,0.0,0.0,219453.0,219453.0,0.0
SII-032,3,59,100000.0,259303.0,70103.0,100000.0,100000.0,0.0,315000.0,229158.0,100000.0,0.0,239739.0,339739.0,100000.0
SII-032,4,60,100000.0,362507.0,158707.0,200000.0,200000.0,0.0,420000.0,310841.0,200000.0,0.0,267662.0,467662.0,200000.0
SII-032,5,61,100000.0,472413.0,254013.0,300000.0,300000.0,0.0,525000.0,392727.0,300000.0,0.0,303708.0,603708.0,300000.0
SII-032,6,62,100000.0,589421.0,356421.0,400000.0,400000.0,0.0,630000.0,474818.0,400000.0,0.0,348394.0,748394.0,400000.0
SII-032,7,63,100000.0,713956.0,466356.0,500000.0,500000.0,0.0,735000.0,557112.0,500000.0,0.0,402267.0,902267.0,500000.0
SII-032,8,64,100000.0,846469.0,624269.0,600000.0,624269.0,0.0,846469.0,639608.0,600000.0,0.0,441642.0,1065911.0,624269.0
SII-032,9,65,100000.0,949398.0,752598.0,700000.0,752598.0,36833.0,949398.0,722306.0,700000.0,0.0,450118.0,1239946.0,789829.0
SII-032,10,66,100000.0,1051464.0,885056.0,800000.0,885056.0,43629.0,1051464.0,804706.0,800000.0,0.0,457902.0,1425033.0,967131.0
SII-032,11,67,0.0,1051774.0,910154.0,790000.0,910154.0,49553.0,1051774.0,791156.0,790000.0,0.0,,,
SII-032,12,68,0.0,1051918.0,910590.0,780000.0,910590.0,49733.0,1051918.0,777654.0,780000.0,0.0,,,
SII-032,13,69,0.0,1052057.0,911897.0,770000.0,911897.0,49746.0,1052057.0,764201.0,770000.0,0.0,,,
SII-032,14,70,0.0,1052195.0,913641.0,760000.0,913641.0,49754.0,1052195.0,750796.0,760000.0,0.0,,,
SII-032,15,71,0.0,1052334.0,915386.0,750000.0,915386.0,49762.0,1052334.0,737440.0,750000.0,0.0,671229.0,1938708.0,1267479.0
SII-032,16,72,0.0,1052472.0,916692.0,740000.0,916692.0,49770.0,1052472.0,724131.0,740000.0,0.0,,,
SII-032,17,73,0.0,1052611.0,919459.0,730000.0,919459.0,49778.0,1052611.0,710870.0,730000.0,0.0,,,
SII-032,18,74,0.0,1052749.0,921203.0,720000.0,921203.0,49786.0,1052749.0,697657.0,720000.0,0.0,,,
SII-032,19,75,0.0,1052888.0,924116.0,710000.0,924116.0,49794.0,1052888.0,684491.0,710000.0,0.0,,,
SII-032,20,76,0.0,1053027.0,925423.0,700000.0,925423.0,49802.0,1053027.0,671373.0,700000.0,0.0,1061497.0,2637545.0,1576048.0
SII-032,21,77,0.0,1053165.0,927605.0,690000.0,927605.0,49810.0,1053165.0,658302.0,690000.0,,,,
SII-032,22,78,0.0,1053304.0,930664.0,680000.0,930664.0,49818.0,1053304.0,645277.0,680000.0,,,,
SII-032,23,79,0.0,1053443.0,934599.0,670000.0,934599.0,49826.0,1053443.0,632300.0,670000.0,,,,
SII-032,24,80,0.0,1053581.0,939409.0,660000.0,939409.0,49834.0,1053581.0,619369.0,660000.0,,,,
SII-032,25,81,0.0,1053720.0,945096.0,650000.0,945096.0,49842.0,1053720.0,606485.0,650000.0,0.0,1662753.0,3588288.0,1925535.0
SII-032,26,82,0.0,1054203.0,956091.0,640000.0,956091.0,60550.0,1054203.0,604305.0,640000.0,,,,
SII-032,27,83,0.0,1054327.0,966727.0,630000.0,966727.0,60925.0,1054327.0,602133.0,630000.0,,,,
SII-032,28,84,0.0,1054441.0,977353.0,620000.0,977353.0,60942.0,1054441.0,599969.0,620000.0,,,,
SII-032,29,85,0.0,1054555.0,987979.0,610000.0,987979.0,60949.0,1054555.0,597813.0,610000.0,,,,
SII-032,30,86,0.0,1054668.0,1054668.0,600000.0,1054668.0,60956.0,1054668.0,595664.0,600000.0,0.0,2424445.0,4881741.0,2457296.0
SII-032,31,87,0.0,1054782.0,1054782.0,600000.0,1054782.0,60962.0,1054782.0,593523.0,600000.0,,,,
SII-032,32,88,0.0,1054896.0,1054896.0,600000.0,1054896.0,60969.0,1054896.0,591390.0,600000.0,,,,
SII-032,33,89,0.0,1055009.0,1055009.0,600000.0,1055009.0,60975.0,1055009.0,589265.0,600000.0,,,,
SII-032,34,90,0.0,1055123.0,1055123.0,600000.0,1055123.0,60982.0,1055123.0,587147.0,600000.0,,,,
SII-032,35,91,0.0,1055237.0,1055237.0,600000.0,1055237.0,60988.0,1055237.0,585037.0,600000.0,0.0,3716844.0,6641439.0,2924595.0
SII-032,36,92,0.0,1055351.0,1055351.0,600000.0,1055351.0,60995.0,1055351.0,582934.0,600000.0,,,,
SII-032,37,93,0.0,1055465.0,1055465.0,600000.0,1055465.0,61002.0,1055465.0,580839.0,600000.0,,,,
SII-032,38,94,0.0,1055578.0,1055578.0,600000.0,1055578.0,61008.0,1055578.0,578751.0,600000.0,,,,
SII-032,39,95,0.0,1055692.0,1055692.0,600000.0,1055692.0,61015.0,1055692.0,576671.0,600000.0,,,,
SII-032,40,96,0.0,1055806.0,1055806.0,600000.0,1055806.0,61021.0,1055806.0,574599.0,600000.0,0.0,5594802.0,9035448.0,3440646.0
SII-032,41,97,0.0,1055920.0,1055920.0,600000.0,1055920.0,61028.0,1055920.0,572533.0,600000.0,,,,
SII-032,42,98,0.0,1056034.0,1056034.0,600000.0,1056034.0,61035.0,1056034.0,570476.0,600000.0,,,,
SII-032,43,99,0.0,1056148.0,1056148.0,600000.0,1056148.0,61041.0,1056148.0,568425.0,600000.0,,,,
SII-032,44,100,0.0,1056262.0,1056262.0,600000.0,1056262.0,61048.0,1056262.0,566382.0,600000.0,,,,
SII-032,45,101,0.0,1056375.0,1056375.0,600000.0,1056375.0,61054.0,1056375.0,564347.0,600000.0,,,,
SII-032,46,102,0.0,1056489.0,1056489.0,600000.0,1056489.0,61061.0,1056489.0,562319.0,600000.0,,,,
SII-032,47,103,0.0,1056603.0,1056603.0,600000.0,1056603.0,61067.0,1056603.0,560298.0,600000.0,,,,
SII-032,48,104,0.0,1056717.0,1056717.0,600000.0,1056717.0,61074.0,1056717.0,558284.0,600000.0,,,,
SII-032,49,105,0.0,1056831.0,1056831.0,600000.0,1056831.0,61081.0,1056831.0,556277.0,600000.0,,,,
SII-032,50,106,0.0,1056945.0,1056945.0,600000.0,1056945.0,61087.0,1056945.0,554278.0,600000.0,,,,
SII-032,51,107,0.0,1057059.0,1057059.0,600000.0,1057059.0,61094.0,1057059.0,552286.0,600000.0,,,,
SII-032,52,108,0.0,1057173.0,1057173.0,600000.0,1057173.0,61100.0,1057173.0,550301.0,600000.0,,,,
SII-032,53,109,0.0,1057287.0,1057287.0,600000.0,1057287.0,61107.0,1057287.0,548323.0,600000.0,,,,
SII-032,54,110,0.0,1057401.0,1057401.0,600000.0,1057401.0,61113.0,1057401.0,546352.0,600000.0,,,,
SII-032,55,111,0.0,1057515.0,1057515.0,600000.0,1057515.0,61120.0,1057515.0,544389.0,600000.0,,,,
SII-032,56,112,0.0,1057629.0,1057629.0,600000.0,1057629.0,61127.0,1057629.0,542432.0,600000.0,,,,
SII-032,57,113,0.0,1057743.0,1057743.0,600000.0,1057743.0,61133.0,1057743.0,540483.0,600000.0,,,,
SII-032,58,114,0.0,1057857.0,1057857.0,600000.0,1057857.0,61140.0,1057857.0,538540.0,600000.0,,,,
SII-032,59,115,0.0,1057971.0,1057971.0,600000.0,1057971.0,61146.0,1057971.0,536605.0,600000.0,,,,
SII-032,60,116,0.0,1058085.0,1058085.0,600000.0,1058085.0,61153.0,1058085.0,534676.0,600000.0,,,,
SII-032,61,117,0.0,1058199.0,1058199.0,600000.0,1058199.0,61160.0,1058199.0,532754.0,600000.0,,,,
SII-032,62,118,0.0,1058313.0,1058313.0,600000.0,1058313.0,61166.0,1058313.0,530840.0,600000.0,,,,
SII-032,63,119,0.0,1058427.0,1058427.0,600000.0,1058427.0,61173.0,1058427.0,528932.0,600000.0,,,,
SII-032,64,120,0.0,1058542.0,1058542.0,600000.0,1058542.0,61179.0,1058542.0,527031.0,600000.0,,,,
SII-032,65,121,0.0,1058656.0,1058656.0,600000.0,1058656.0,61186.0,1058656.0,525137.0,600000.0,,,,
SII-032,66,122,0.0,1058770.0,1058770.0,600000.0,1058770.0,61193.0,1058770.0,523249.0,600000.0,,,,
SII-032,67,123,0.0,1058884.0,1058884.0,600000.0,1058884.0,61199.0,1058884.0,521369.0,600000.0,,,,
SII-032,68,124,0.0,1058998.0,1058998.0,600000.0,1058998.0,61206.0,1058998.0,519495.0,600000.0,,,,
SII-032,69,125,0.0,1059112.0,1059112.0,600000.0,1059112.0,61212.0,1059112.0,517628.0,600000.0,,,,
SII-033,1,57,100000.0,71508.0,0.0,0.0,0.0,0.0,105000.0,66411.0,0.0,0.0,106350.0,106350.0,0.0
SII-033,2,58,100000.0,162422.0,0.0,0.0,0.0,0.0,210000.0,147682.0,0.0,0.0,219453.0,219453.0,0.0
SII-033,3,59,100000.0,259303.0,70103.0,100000.0,100000.0,0.0,315000.0,229158.0,100000.0,0.0,239739.0,339739.0,100000.0
SII-033,4,60,100000.0,362507.0,158707.0,200000.0,200000.0,0.0,420000.0,310841.0,200000.0,0.0,267662.0,467662.0,200000.0
SII-033,5,61,100000.0,472413.0,254013.0,300000.0,300000.0,0.0,525000.0,392727.0,300000.0,0.0,303708.0,603708.0,300000.0
SII-033,6,62,100000.0,589421.0,356421.0,400000.0,400000.0,0.0,630000.0,474818.0,400000.0,0.0,348394.0,748394.0,400000.0
SII-033,7,63,100000.0,713956.0,466356.0,500000.0,500000.0,0.0,735000.0,557112.0,500000.0,0.0,402267.0,902267.0,500000.0
SII-033,8,64,100000.0,846469.0,624269.0,600000.0,624269.0,0.0,846469.0,639608.0,600000.0,0.0,441642.0,1065911.0,624269.0
SII-033,9,65,100000.0,987436.0,790636.0,700000.0,790636.0,0.0,987436.0,722306.0,700000.0,0.0,449310.0,1239946.0,790636.0
SII-033,10,66,100000.0,1090611.0,924203.0,800000.0,924203.0,44758.0,1090611.0,804706.0,800000.0,0.0,455589.0,1425033.0,969444.0
SII-033,11,67,0.0,1090958.0,949338.0,790000.0,949338.0,51785.0,1090958.0,791156.0,790000.0,0.0,,,
SII-033,12,68,0.0,1091106.0,949778.0,780000.0,949778.0,51997.0,1091106.0,777654.0,780000.0,0.0,,,
SII-033,13,69,0.0,1091249.0,951089.0,770000.0,951089.0,52011.0,1091249.0,764201.0,770000.0,0.0,,,
SII-033,14,70,0.0,1091392.0,952838.0,760000.0,952838.0,52020.0,1091392.0,750796.0,760000.0,0.0,,,
SII-033,15,71,0.0,1091535.0,954587.0,750000.0,954587.0,52028.0,1091535.0,737440.0,750000.0,0.0,660817.0,1938708.0,1277890.0
SII-033,16,72,0.0,1091678.0,955898.0,740000.0,955898.0,52036.0,1091678.0,724131.0,740000.0,0.0,,,
SII-033,17,73,0.0,1091820.0,958668.0,730000.0,958668.0,52044.0,1091820.0,710870.0,730000.0,0.0,,,
SII-033,18,74,0.0,1091963.0,960417.0,720000.0,960417.0,52052.0,1091963.0,697657.0,720000.0,0.0,,,
SII-033,19,75,0.0,1092106.0,963334.0,710000.0,963334.0,52061.0,1092106.0,684491.0,710000.0,0.0,,,
SII-033,20,76,0.0,1092249.0,964645.0,700000.0,964645.0,52069.0,1092249.0,671373.0,700000.0,0.0,1042139.0,2637545.0,1595405.0
SII-033,21,77,0.0,1092392.0,966832.0,690000.0,966832.0,52077.0,1092392.0,658302.0,690000.0,,,,
SII-033,22,78,0.0,1092535.0,969895.0,680000.0,969895.0,52086.0,1092535.0,645277.0,680000.0,,,,
SII-033,23,79,0.0,1092678.0,973834.0,670000.0,973834.0,52094.0,1092678.0,632300.0,670000.0,,,,
SII-033,24,80,0.0,1092820.0,978648.0,660000.0,978648.0,52102.0,1092820.0,619369.0,660000.0,,,,
SII-033,25,81,0.0,1092963.0,984339.0,650000.0,984339.0,52110.0,1092963.0,606485.0,650000.0,0.0,1633514.0,3588288.0,1954774.0
SII-033,26,82,0.0,1093450.0,995338.0,640000.0,995338.0,62819.0,1093450.0,604305.0,640000.0,,,,
SII-033,27,83,0.0,1093579.0,1005979.0,630000.0,1005979.0,63193.0,1093579.0,602133.0,630000.0,,,,
SII-033,28,84,0.0,1093697.0,1016609.0,620000.0,1016609.0,63211.0,1093697.0,599969.0,620000.0,,,,
SII-033,29,85,0.0,1093815.0,1027239.0,610000.0,1027239.0,63218.0,1093815.0,597813.0,610000.0,,,,
SII-033,30,86,0.0,1093933.0,1093933.0,600000.0,1093933.0,63225.0,1093933.0,595664.0,600000.0,0.0,2384291.0,4881741.0,2497450.0
SII-033,31,87,0.0,1094051.0,1094051.0,600000.0,1094051.0,63232.0,1094051.0,593523.0,600000.0,,,,
SII-033,32,88,0.0,1094169.0,1094169.0,600000.0,1094169.0,63239.0,1094169.0,591390.0,600000.0,,,,
SII-033,33,89,0.0,1094287.0,1094287.0,600000.0,1094287.0,63245.0,1094287.0,589265.0,600000.0,,,,
SII-033,34,90,0.0,1094405.0,1094405.0,600000.0,1094405.0,63252.0,1094405.0,587147.0,600000.0,,,,
SII-033,35,91,0.0,1094523.0,1094523.0,600000.0,1094523.0,63259.0,1094523.0,585037.0,600000.0,0.0,3664635.0,6641439.0,2976804.0
SII-033,36,92,0.0,1094641.0,1094641.0,600000.0,1094641.0,63266.0,1094641.0,582934.0,600000.0,,,,
SII-033,37,93,0.0,1094759.0,1094759.0,600000.0,1094759.0,63273.0,1094759.0,580839.0,600000.0,,,,
SII-033,38,94,0.0,1094877.0,1094877.0,600000.0,1094877.0,63279.0,1094877.0,578751.0,600000.0,,,,
SII-033,39,95,0.0,1094995.0,1094995.0,600000.0,1094995.0,63286.0,1094995.0,576671.0,600000.0,,,,
SII-033,40,96,0.0,1095113.0,1095113.0,600000.0,1095113.0,63293.0,1095113.0,574599.0,600000.0,0.0,5529280.0,9035448.0,3506168.0
SII-033,41,97,0.0,1095231.0,1095231.0,600000.0,1095231.0,63300.0,1095231.0,572533.0,600000.0,,,,
SII-033,42,98,0.0,1095349.0,1095349.0,600000.0,1095349.0,63307.0,1095349.0,570476.0,600000.0,,,,
SII-033,43,99,0.0,1095467.0,1095467.0,600000.0,1095467.0,63314.0,1095467.0,568425.0,600000.0,,,,
SII-033,44,100,0.0,1095585.0,1095585.0,600000.0,1095585.0,63321.0,1095585.0,566382.0,600000.0,,,,
SII-033,45,101,0.0,1095704.0,1095704.0,600000.0,1095704.0,63327.0,1095704.0,564347.0,600000.0,,,,
SII-033,46,102,0.0,1095822.0,1095822.0,600000.0,1095822.0,63334.0,1095822.0,562319.0,600000.0,,,,
SII-033,47,103,0.0,1095940.0,1095940.0,600000.0,1095940.0,63341.0,1095940.0,560298.0,600000.0,,,,
SII-033,48,104,0.0,1096058.0,1096058.0,600000.0,1096058.0,63348.0,1096058.0,558284.0,600000.0,,,,
SII-033,49,105,0.0,1096176.0,1096176.0,600000.0,1096176.0,63355.0,1096176.0,556277.0,600000.0,,,,
SII-033,50,106,0.0,1096294.0,1096294.0,600000.0,1096294.0,63361.0,1096294.0,554278.0,600000.0,,,,
SII-033,51,107,0.0,1096413.0,1096413.0,600000.0,1096413.0,63368.0,1096413.0,552286.0,600000.0,,,,
SII-033,52,108,0.0,1096531.0,1096531.0,600000.0,1096531.0,63375.0,1096531.0,550301.0,600000.0,,,,
SII-033,53,109,0.0,1096649.0,1096649.0,600000.0,1096649.0,63382.0,1096649.0,548323.0,600000.0,,,,
SII-033,54,110,0.0,1096767.0,1096767.0,600000.0,1096767.0,63389.0,1096767.0,546352.0,600000.0,,,,
SII-033,55,111,0.0,1096886.0,1096886.0,600000.0,1096886.0,63396.0,1096886.0,544389.0,600000.0,,,,
SII-033,56,112,0.0,1097004.0,1097004.0,600000.0,1097004.0,63402.0,1097004.0,542432.0,600000.0,,,,
SII-033,57,113,0.0,1097122.0,1097122.0,600000.0,1097122.0,63409.0,1097122.0,540483.0,600000.0,,,,
SII-033,58,114,0.0,1097241.0,1097241.0,600000.0,1097241.0,63416.0,1097241.0,538540.0,600000.0,,,,
SII-033,59,115,0.0,1097359.0,1097359.0,600000.0,1097359.0,63423.0,1097359.0,536605.0,600000.0,,,,
SII-033,60,116,0.0,1097477.0,1097477.0,600000.0,1097477.0,63430.0,1097477.0,534676.0,600000.0,,,,
SII-033,61,117,0.0,1097596.0,1097596.0,600000.0,1097596.0,63437.0,1097596.0,532754.0,600000.0,,,,
SII-033,62,118,0.0,1097714.0,1097714.0,600000.0,1097714.0,63444.0,1097714.0,530840.0,600000.0,,,,
SII-033,63,119,0.0,1097832.0,1097832.0,600000.0,1097832.0,63450.0,1097832.0,528932.0,600000.0,,,,
SII-033,64,120,0.0,1097951.0,1097951.0,600000.0,1097951.0,63457.0,1097951.0,527031.0,600000.0,,,,
SII-033,65,121,0.0,1098069.0,1098069.0,600000.0,1098069.0,63464.0,1098069.0,525137.0,600000.0,,,,
SII-033,66,122,0.0,1098187.0,1098187.0,600000.0,1098187.0,63471.0,1098187.0,523249.0,600000.0,,,,
SII-033,67,123,0.0,1098306.0,1098306.0,600000.0,1098306.0,63478.0,1098306.0,521369.0,600000.0,,,,
SII-033,68,124,0.0,1098424.0,1098424.0,600000.0,1098424.0,63485.0,1098424.0,519495.0,600000.0,,,,
SII-033,69,125,0.0,1098543.0,1098543.0,600000.0,1098543.0,63491.0,1098543.0,517628.0,600000.0,,,,
SII-034,1,57,100000.0,71508.0,0.0,0.0,0.0,0.0,105000.0,66411.0,0.0,0.0,106350.0,106350.0,0.0
SII-034,2,58,100000.0,162422.0,0.0,0.0,0.0,0.0,210000.0,147682.0,0.0,0.0,219453.0,219453.0,0.0
SII-034,3,59,100000.0,259303.0,70103.0,100000.0,100000.0,0.0,315000.0,229158.0,100000.0,0.0,239739.0,339739.0,100000.0
SII-034,4,60,100000.0,362507.0,158707.0,200000.0,200000.0,0.0,420000.0,310841.0,200000.0,0.0,267662.0,467662.0,200000.0
SII-034,5,61,100000.0,472413.0,254013.0,300000.0,300000.0,0.0,525000.0,392727.0,300000.0,0.0,303708.0,603708.0,300000.0
SII-034,6,62,100000.0,589421.0,356421.0,400000.0,400000.0,0.0,630000.0,474818.0,400000.0,0.0,348394.0,748394.0,400000.0
SII-034,7,63,100000.0,713956.0,466356.0,500000.0,500000.0,0.0,735000.0,557112.0,500000.0,0.0,402267.0,902267.0,500000.0
SII-034,8,64,100000.0,846469.0,624269.0,600000.0,624269.0,0.0,846469.0,639608.0,600000.0,0.0,441642.0,1065911.0,624269.0
SII-034,9,65,100000.0,987436.0,790636.0,700000.0,790636.0,0.0,987436.0,722306.0,700000.0,0.0,449310.0,1239946.0,790636.0
SII-034,10,66,100000.0,1136833.0,970425.0,800000.0,970425.0,0.0,1136833.0,804706.0,800000.0,0.0,454608.0,1425033.0,970425.0
SII-034,11,67,0.0,1193423.0,1051803.0,790000.0,1051803.0,0.0,1193423.0,791156.0,790000.0,0.0,,,
SII-034,12,68,0.0,1253397.0,1112069.0,780000.0,1112069.0,0.0,1253397.0,777654.0,780000.0,0.0,,,
SII-034,13,69,0.0,1316958.0,1176798.0,770000.0,1176798.0,0.0,1316958.0,764201.0,770000.0,0.0,,,
SII-034,14,70,0.0,1318967.0,1180413.0,760000.0,1180413.0,63283.0,1318967.0,750796.0,760000.0,0.0,,,
SII-034,15,71,0.0,1319188.0,1182240.0,750000.0,1182240.0,65130.0,1319188.0,737440.0,750000.0,0.0,625389.0,1938708.0,1313319.0
SII-034,16,72,0.0,1319357.0,1183577.0,740000.0,1183577.0,65193.0,1319357.0,724131.0,740000.0,0.0,,,
SII-034,17,73,0.0,1319524.0,1186372.0,730000.0,1186372.0,65205.0,1319524.0,710870.0,730000.0,0.0,,,
SII-034,18,74,0.0,1319691.0,1188145.0,720000.0,1188145.0,65214.0,1319691.0,697657.0,720000.0,0.0,,,
SII-034,19,75,0.0,1319859.0,1191087.0,710000.0,1191087.0,65224.0,1319859.0,684491.0,710000.0,0.0,,,
SII-034,20,76,0.0,1320026.0,1192422.0,700000.0,1192422.0,65234.0,1320026.0,671373.0,700000.0,0.0,957361.0,2637545.0,1680183.0
SII-034,21,77,0.0,1320194.0,1194634.0,690000.0,1194634.0,65243.0,1320194.0,658302.0,690000.0,,,,
SII-034,22,78,0.0,1320361.0,1197721.0,680000.0,1197721.0,65253.0,1320361.0,645277.0,680000.0,,,,
SII-034,23,79,0.0,1320529.0,1201685.0,670000.0,1201685.0,65263.0,1320529.0,632300.0,670000.0,,,,
SII-034,24,80,0.0,1320696.0,1206524.0,660000.0,1206524.0,65272.0,1320696.0,619369.0,660000.0,,,,
SII-034,25,81,0.0,1320864.0,1212240.0,650000.0,1212240.0,65282.0,1320864.0,606485.0,650000.0,0.0,1494225.0,3588288.0,2094063.0
SII-034,26,82,0.0,1321375.0,1223263.0,640000.0,1223263.0,75992.0,1321375.0,604305.0,640000.0,,,,
SII-034,27,83,0.0,1321528.0,1233928.0,630000.0,1233928.0,76368.0,1321528.0,602133.0,630000.0,,,,
SII-034,28,84,0.0,1321671.0,1244583.0,620000.0,1244583.0,76387.0,1321671.0,599969.0,620000.0,,,,
SII-034,29,85,0.0,1321813.0,1255237.0,610000.0,1255237.0,76395.0,1321813.0,597813.0,610000.0,,,,
SII-034,30,86,0.0,1321956.0,1321956.0,600000.0,1321956.0,76404.0,1321956.0,595664.0,600000.0,0.0,2184794.0,4881741.0,2696948.0
SII-034,31,87,0.0,1322099.0,1322099.0,600000.0,1322099.0,76412.0,1322099.0,593523.0,600000.0,,,,
SII-034,32,88,0.0,1322241.0,1322241.0,600000.0,1322241.0,76420.0,1322241.0,591390.0,600000.0,,,,
SII-034,33,89,0.0,1322384.0,1322384.0,600000.0,1322384.0,76428.0,1322384.0,589265.0,600000.0,,,,
SII-034,34,90,0.0,1322526.0,1322526.0,600000.0,1322526.0,76437.0,1322526.0,587147.0,600000.0,,,,
SII-034,35,91,0.0,1322669.0,1322669.0,600000.0,1322669.0,76445.0,1322669.0,585037.0,600000.0,0.0,3398638.0,6641439.0,3242802.0
SII-034,36,92,0.0,1322812.0,1322812.0,600000.0,1322812.0,76453.0,1322812.0,582934.0,600000.0,,,,
SII-034,37,93,0.0,1322954.0,1322954.0,600000.0,1322954.0,76461.0,1322954.0,580839.0,600000.0,,,,
SII-034,38,94,0.0,1323097.0,1323097.0,600000.0,1323097.0,76470.0,1323097.0,578751.0,600000.0,,,,
SII-034,39,95,0.0,1323240.0,1323240.0,600000.0,1323240.0,76478.0,1323240.0,576671.0,600000.0,,,,
SII-034,40,96,0.0,1323383.0,1323383.0,600000.0,1323383.0,76486.0,1323383.0,574599.0,600000.0,0.0,5189836.0,9035448.0,3845612.0
SII-034,41,97,0.0,1323525.0,1323525.0,600000.0,1323525.0,76494.0,1323525.0,572533.0,600000.0,,,,
SII-034,42,98,0.0,1323668.0,1323668.0,600000.0,1323668.0,76503.0,1323668.0,570476.0,600000.0,,,,
SII-034,43,99,0.0,1323811.0,1323811.0,600000.0,1323811.0,76511.0,1323811.0,568425.0,600000.0,,,,
SII-034,44,100,0.0,1323953.0,1323953.0,600000.0,1323953.0,76519.0,1323953.0,566382.0,600000.0,,,,
SII-034,45,101,0.0,1324096.0,1324096.0,600000.0,1324096.0,76527.0,1324096.0,564347.0,600000.0,,,,
SII-034,46,102,0.0,1324239.0,1324239.0,600000.0,1324239.0,76536.0,1324239.0,562319.0,600000.0,,,,
SII-034,47,103,0.0,1324382.0,1324382.0,600000.0,1324382.0,76544.0,1324382.0,560298.0,600000.0,,,,
SII-034,48,104,0.0,1324524.0,1324524.0,600000.0,1324524.0,76552.0,1324524.0,558284.0,600000.0,,,,
SII-034,49,105,0.0,1324667.0,1324667.0,600000.0,1324667.0,76560.0,1324667.0,556277.0,600000.0,,,,
SII-034,50,106,0.0,1324810.0,1324810.0,600000.0,1324810.0,76569.0,1324810.0,554278.0,600000.0,,,,
SII-034,51,107,0.0,1324953.0,1324953.0,600000.0,1324953.0,76577.0,1324953.0,552286.0,600000.0,,,,
SII-034,52,108,0.0,1325096.0,1325096.0,600000.0,1325096.0,76585.0,1325096.0,550301.0,600000.0,,,,
SII-034,53,109,0.0,1325239.0,1325239.0,600000.0,1325239.0,76593.0,1325239.0,548323.0,600000.0,,,,
SII-034,54,110,0.0,1325382.0,1325382.0,600000.0,1325382.0,76602.0,1325382.0,546352.0,600000.0,,,,
SII-034,55,111,0.0,1325524.0,1325524.0,600000.0,1325524.0,76610.0,1325524.0,544389.0,600000.0,,,,
SII-034,56,112,0.0,1325667.0,1325667.0,600000.0,1325667.0,76618.0,1325667.0,542432.0,600000.0,,,,
SII-034,57,113,0.0,1325810.0,1325810.0,600000.0,1325810.0,76627.0,1325810.0,540483.0,600000.0,,,,
SII-034,58,114,0.0,1325953.0,1325953.0,600000.0,1325953.0,76635.0,1325953.0,538540.0,600000.0,,,,
SII-034,59,115,0.0,1326096.0,1326096.0,600000.0,1326096.0,76643.0,1326096.0,536605.0,600000.0,,,,
SII-034,60,116,0.0,1326239.0,1326239.0,600000.0,1326239.0,76651.0,1326239.0,534676.0,600000.0,,,,
SII-034,61,117,0.0,1326382.0,1326382.0,600000.0,1326382.0,76660.0,1326382.0,532754.0,600000.0,,,,
SII-034,62,118,0.0,1326525.0,1326525.0,600000.0,1326525.0,76668.0,1326525.0,530840.0,600000.0,,,,
SII-034,63,119,0.0,1326668.0,1326668.0,600000.0,1326668.0,76676.0,1326668.0,528932.0,600000.0,,,,
SII-034,64,120,0.0,1326811.0,1326811.0,600000.0,1326811.0,76684.0,1326811.0,527031.0,600000.0,,,,
SII-034,65,121,0.0,1326954.0,1326954.0,600000.0,1326954.0,76693.0,1326954.0,525137.0,600000.0,,,,
SII-034,66,122,0.0,1327098.0,1327098.0,600000.0,1327098.0,76701.0,1327098.0,523249.0,600000.0,,,,
SII-034,67,123,0.0,1327241.0,1327241.0,600000.0,1327241.0,76709.0,1327241.0,521369.0,600000.0,,,,
SII-034,68,124,0.0,1327384.0,1327384.0,600000.0,1327384.0,76718.0,1327384.0,519495.0,600000.0,,,,
SII-034,69,125,0.0,1327527.0,1327527.0,600000.0,1327527.0,76726.0,1327527.0,517628.0,600000.0,,,,
SII-035,1,47,100000.0,71508.0,0.0,0.0,0.0,0.0,105000.0,66411.0,0.0,0.0,106350.0,106350.0,0.0
SII-035,2,48,100000.0,162422.0,0.0,0.0,0.0,0.0,210000.0,147682.0,0.0,0.0,219453.0,219453.0,0.0
SII-035,3,49,100000.0,259303.0,70103.0,100000.0,100000.0,0.0,315000.0,229158.0,100000.0,0.0,239739.0,339739.0,100000.0
SII-035,4,50,100000.0,362507.0,158707.0,200000.0,200000.0,0.0,420000.0,310841.0,200000.0,0.0,267662.0,467662.0,200000.0
SII-035,5,51,100000.0,472413.0,254013.0,300000.0,300000.0,0.0,525000.0,392727.0,300000.0,0.0,303708.0,603708.0,300000.0
SII-035,6,52,100000.0,589421.0,356421.0,400000.0,400000.0,0.0,630000.0,474818.0,400000.0,0.0,348394.0,748394.0,400000.0
SII-035,7,53,100000.0,713956.0,466356.0,500000.0,500000.0,0.0,735000.0,557112.0,500000.0,0.0,402267.0,902267.0,500000.0
SII-035,8,54,100000.0,846469.0,624269.0,600000.0,624269.0,0.0,846469.0,639608.0,600000.0,0.0,441642.0,1065911.0,624269.0
SII-035,9,55,100000.0,987436.0,790636.0,700000.0,790636.0,0.0,987436.0,722306.0,700000.0,0.0,449310.0,1239946.0,790636.0
SII-035,10,56,100000.0,1136833.0,970425.0,800000.0,970425.0,0.0,1136833.0,804706.0,800000.0,0.0,454608.0,1425033.0,970425.0
SII-035,11,57,0.0,1193423.0,1051803.0,790000.0,1051803.0,0.0,1193423.0,791156.0,790000.0,0.0,,,
SII-035,12,58,0.0,1253397.0,1112069.0,780000.0,1112069.0,0.0,1253397.0,777654.0,780000.0,0.0,,,
SII-035,13,59,0.0,1316958.0,1176798.0,770000.0,1176798.0,0.0,1316958.0,764201.0,770000.0,0.0,,,
SII-035,14,60,0.0,1384320.0,1245766.0,760000.0,1245766.0,0.0,1384320.0,750796.0,760000.0,0.0,,,
SII-035,15,61,0.0,1386446.0,1249498.0,750000.0,1249498.0,67070.0,1386446.0,737440.0,750000.0,0.0,621415.0,1938708.0,1317292.0
SII-035,16,62,0.0,1386677.0,1250897.0,740000.0,1250897.0,69028.0,1386677.0,724131.0,740000.0,0.0,,,
SII-035,17,63,0.0,1386853.0,1253701.0,730000.0,1253701.0,69094.0,1386853.0,710870.0,730000.0,0.0,,,
SII-035,18,64,0.0,1387028.0,1255482.0,720000.0,1255482.0,69106.0,1387028.0,697657.0,720000.0,0.0,,,
SII-035,19,65,0.0,1387203.0,1258431.0,710000.0,1258431.0,69116.0,1387203.0,684491.0,710000.0,0.0,,,
SII-035,20,66,0.0,1387378.0,1259774.0,700000.0,1259774.0,69126.0,1387378.0,671373.0,700000.0,0.0,939473.0,2637545.0,1698071.0
SII-035,21,67,0.0,1387552.0,1261992.0,690000.0,1261992.0,69136.0,1387552.0,658302.0,690000.0,,,,
SII-035,22,68,0.0,1387727.0,1265087.0,680000.0,1265087.0,69146.0,1387727.0,645277.0,680000.0,,,,
SII-035,23,69,0.0,1387902.0,1269058.0,670000.0,1269058.0,69156.0,1387902.0,632300.0,670000.0,,,,
SII-035,24,70,0.0,1388076.0,1273904.0,660000.0,1273904.0,69167.0,1388076.0,619369.0,660000.0,,,,
SII-035,25,71,0.0,1388251.0,1279627.0,650000.0,1279627.0,69177.0,1388251.0,606485.0,650000.0,0.0,1460966.0,3588288.0,2127322.0
SII-035,26,72,0.0,1388770.0,1290658.0,640000.0,1290658.0,79887.0,1388770.0,604305.0,640000.0,,,,
SII-035,27,73,0.0,1388930.0,1301330.0,630000.0,1301330.0,80264.0,1388930.0,602133.0,630000.0,,,,
SII-035,28,74,0.0,1389080.0,1311992.0,620000.0,1311992.0,80283.0,1389080.0,599969.0,620000.0,,,,
SII-035,29,75,0.0,1389230.0,1322654.0,610000.0,1322654.0,80292.0,1389230.0,597813.0,610000.0,,,,
SII-035,30,76,0.0,1389380.0,1389380.0,600000.0,1389380.0,80301.0,1389380.0,595664.0,600000.0,0.0,2134557.0,4881741.0,2747184.0
SII-035,31,77,0.0,1389529.0,1389529.0,600000.0,1389529.0,80309.0,1389529.0,593523.0,600000.0,,,,
SII-035,32,78,0.0,1389679.0,1389679.0,600000.0,1389679.0,80318.0,1389679.0,591390.0,600000.0,,,,
SII-035,33,79,0.0,1389829.0,1389829.0,600000.0,1389829.0,80327.0,1389829.0,589265.0,600000.0,,,,
SII-035,34,80,0.0,1389979.0,1389979.0,600000.0,1389979.0,80335.0,1389979.0,587147.0,600000.0,,,,
SII-035,35,81,0.0,1390129.0,1390129.0,600000.0,1390129.0,80344.0,1390129.0,585037.0,600000.0,0.0,3329649.0,6641439.0,3311790.0
SII-035,36,82,0.0,1390279.0,1390279.0,600000.0,1390279.0,80352.0,1390279.0,582934.0,600000.0,,,,
SII-035,37,83,0.0,1390429.0,1390429.0,600000.0,1390429.0,80361.0,1390429.0,580839.0,600000.0,,,,
SII-035,38,84,0.0,1390579.0,1390579.0,600000.0,1390579.0,80370.0,1390579.0,578751.0,600000.0,,,,
SII-035,39,85,0.0,1390728.0,1390728.0,600000.0,1390728.0,80379.0,1390728.0,576671.0,600000.0,,,,
SII-035,40,86,0.0,1390878.0,1390878.0,600000.0,1390878.0,80387.0,1390878.0,574599.0,600000.0,0.0,5100136.0,9035448.0,3935312.0
SII-035,41,87,0.0,1391028.0,1391028.0,600000.0,1391028.0,80396.0,1391028.0,572533.0,600000.0,,,,
SII-035,42,88,0.0,1391178.0,1391178.0,600000.0,1391178.0,80405.0,1391178.0,570476.0,600000.0,,,,
SII-035,43,89,0.0,1391328.0,1391328.0,600000.0,1391328.0,80413.0,1391328.0,568425.0,600000.0,,,,
SII-035,44,90,0.0,1391478.0,1391478.0,600000.0,1391478.0,80422.0,1391478.0,566382.0,600000.0,,,,
SII-035,45,91,0.0,1391628.0,1391628.0,600000.0,1391628.0,80431.0,1391628.0,564347.0,600000.0,,,,
SII-035,46,92,0.0,1391778.0,1391778.0,600000.0,1391778.0,80439.0,1391778.0,562319.0,600000.0,,,,
SII-035,47,93,0.0,1391928.0,1391928.0,600000.0,1391928.0,80448.0,1391928.0,560298.0,600000.0,,,,
SII-035,48,94,0.0,1392079.0,1392079.0,600000.0,1392079.0,80457.0,1392079.0,558284.0,600000.0,,,,
SII-035,49,95,0.0,1392229.0,1392229.0,600000.0,1392229.0,80465.0,1392229.0,556277.0,600000.0,,,,
SII-035,50,96,0.0,1392379.0,1392379.0,600000.0,1392379.0,80474.0,1392379.0,554278.0,600000.0,,,,
SII-035,51,97,0.0,1392529.0,1392529.0,600000.0,1392529.0,80483.0,1392529.0,552286.0,600000.0,,,,
SII-035,52,98,0.0,1392679.0,1392679.0,600000.0,1392679.0,80491.0,1392679.0,550301.0,600000.0,,,,
SII-035,53,99,0.0,1392829.0,1392829.0,600000.0,1392829.0,80500.0,1392829.0,548323.0,600000.0,,,,
SII-035,54,100,0.0,1392979.0,1392979.0,600000.0,1392979.0,80509.0,1392979.0,546352.0,600000.0,,,,
SII-035,55,101,0.0,1393130.0,1393130.0,600000.0,1393130.0,80517.0,1393130.0,544389.0,600000.0,,,,
SII-035,56,102,0.0,1393280.0,1393280.0,600000.0,1393280.0,80526.0,1393280.0,542432.0,600000.0,,,,
SII-035,57,103,0.0,1393430.0,1393430.0,600000.0,1393430.0,80535.0,1393430.0,540483.0,600000.0,,,,
SII-035,58,104,0.0,1393580.0,1393580.0,600000.0,1393580.0,80543.0,1393580.0,538540.0,600000.0,,,,
SII-035,59,105,0.0,1393730.0,1393730.0,600000.0,1393730.0,80552.0,1393730.0,536605.0,600000.0,,,,
SII-035,60,106,0.0,1393881.0,1393881.0,600000.0,1393881.0,80561.0,1393881.0,534676.0,600000.0,,,,
SII-035,61,107,0.0,1394031.0,1394031.0,600000.0,1394031.0,80569.0,1394031.0,532754.0,600000.0,,,,
SII-035,62,108,0.0,1394181.0,1394181.0,600000.0,1394181.0,80578.0,1394181.0,530840.0,600000.0,,,,
SII-035,63,109,0.0,1394332.0,1394332.0,600000.0,1394332.0,80587.0,1394332.0,528932.0,600000.0,,,,
SII-035,64,110,0.0,1394482.0,1394482.0,600000.0,1394482.0,80595.0,1394482.0,527031.0,600000.0,,,,
SII-035,65,111,0.0,1394632.0,1394632.0,600000.0,1394632.0,80604.0,1394632.0,525137.0,600000.0,,,,
SII-035,66,112,0.0,1394783.0,1394783.0,600000.0,1394783.0,80613.0,1394783.0,523249.0,600000.0,,,,
SII-035,67,113,0.0,1394933.0,1394933.0,600000.0,1394933.0,80622.0,1394933.0,521369.0,600000.0,,,,
SII-035,68,114,0.0,1395083.0,1395083.0,600000.0,1395083.0,80630.0,1395083.0,519495.0,600000.0,,,,
SII-035,69,115,0.0,1395234.0,1395234.0,600000.0,1395234.0,80639.0,1395234.0,517628.0,600000.0,,,,
SII-035,70,116,0.0,1395384.0,1395384.0,600000.0,1395384.0,80648.0,1395384.0,515767.0,600000.0,,,,
SII-035,71,117,0.0,1395535.0,1395535.0,600000.0,1395535.0,80656.0,1395535.0,513914.0,600000.0,,,,
SII-035,72,118,0.0,1395685.0,1395685.0,600000.0,1395685.0,80665.0,1395685.0,512067.0,600000.0,,,,
SII-035,73,119,0.0,1395836.0,1395836.0,600000.0,1395836.0,80674.0,1395836.0,510226.0,600000.0,,,,
SII-035,74,120,0.0,1395986.0,1395986.0,600000.0,1395986.0,80682.0,1395986.0,508392.0,600000.0,,,,
SII-035,75,121,0.0,1396137.0,1396137.0,600000.0,1396137.0,80691.0,1396137.0,506565.0,600000.0,,,,
SII-035,76,122,0.0,1396287.0,1396287.0,600000.0,1396287.0,80700.0,1396287.0,504745.0,600000.0,,,,
SII-035,77,123,0.0,1396438.0,1396438.0,600000.0,1396438.0,80709.0,1396438.0,502930.0,600000.0,,,,
SII-035,78,124,0.0,1396588.0,1396588.0,600000.0,1396588.0,80717.0,1396588.0,501123.0,600000.0,,,,
SII-035,79,125,0.0,1396739.0,1396739.0,600000.0,1396739.0,80726.0,1396739.0,499322.0,600000.0,,,,
SII-036,1,57,100000.0,71508.0,0.0,0.0,0.0,0.0,105000.0,66411.0,0.0,0.0,106350.0,106350.0,0.0
SII-036,2,58,100000.0,162422.0,0.0,0.0,0.0,0.0,210000.0,147682.0,0.0,0.0,219453.0,219453.0,0.0
SII-036,3,59,100000.0,259303.0,70103.0,100000.0,100000.0,0.0,315000.0,229158.0,100000.0,0.0,239739.0,339739.0,100000.0
SII-036,4,60,100000.0,362507.0,158707.0,200000.0,200000.0,0.0,420000.0,310841.0,200000.0,0.0,267662.0,467662.0,200000.0
SII-036,5,61,100000.0,472413.0,254013.0,300000.0,300000.0,0.0,525000.0,392727.0,300000.0,0.0,303708.0,603708.0,300000.0
SII-036,6,62,100000.0,589421.0,356421.0,400000.0,400000.0,0.0,630000.0,474818.0,400000.0,0.0,348394.0,748394.0,400000.0
SII-036,7,63,100000.0,713956.0,466356.0,500000.0,500000.0,0.0,735000.0,557112.0,500000.0,0.0,402267.0,902267.0,500000.0
SII-036,8,64,100000.0,846469.0,624269.0,600000.0,624269.0,0.0,846469.0,639608.0,600000.0,0.0,441642.0,1065911.0,624269.0
SII-036,9,65,100000.0,987436.0,790636.0,700000.0,790636.0,0.0,987436.0,722306.0,700000.0,0.0,449310.0,1239946.0,790636.0
SII-036,10,66,100000.0,1136833.0,970425.0,800000.0,970425.0,0.0,1136833.0,804706.0,800000.0,0.0,454608.0,1425033.0,970425.0
SII-036,11,67,0.0,1193423.0,1051803.0,790000.0,1051803.0,0.0,1193423.0,791156.0,790000.0,0.0,,,
SII-036,12,68,0.0,1253397.0,1112069.0,780000.0,1112069.0,0.0,1253397.0,777654.0,780000.0,0.0,,,
SII-036,13,69,0.0,1316958.0,1176798.0,770000.0,1176798.0,0.0,1316958.0,764201.0,770000.0,0.0,,,
SII-036,14,70,0.0,1384320.0,1245766.0,760000.0,1245766.0,0.0,1384320.0,750796.0,760000.0,0.0,,,
SII-036,15,71,0.0,1455710.0,1318762.0,750000.0,1318762.0,0.0,1455710.0,737440.0,750000.0,0.0,619945.0,1938708.0,1318762.0
SII-036,16,72,0.0,1531370.0,1395590.0,740000.0,1395590.0,0.0,1531370.0,724131.0,740000.0,0.0,,,
SII-036,17,73,0.0,1611554.0,1478402.0,730000.0,1478402.0,0.0,1611554.0,710870.0,730000.0,0.0,,,
SII-036,18,74,0.0,1696533.0,1564987.0,720000.0,1564987.0,0.0,1696533.0,697657.0,720000.0,0.0,,,
SII-036,19,75,0.0,1786594.0,1657822.0,710000.0,1657822.0,0.0,1786594.0,684491.0,710000.0,0.0,,,
SII-036,20,76,0.0,1789421.0,1661817.0,700000.0,1661817.0,89685.0,1789421.0,671373.0,700000.0,0.0,885074.0,2637545.0,1752471.0
SII-036,21,77,0.0,1789715.0,1664155.0,690000.0,1664155.0,92302.0,1789715.0,658302.0,690000.0,,,,
SII-036,22,78,0.0,1789935.0,1667295.0,680000.0,1667295.0,92390.0,1789935.0,645277.0,680000.0,,,,
SII-036,23,79,0.0,1790154.0,1671310.0,670000.0,1671310.0,92405.0,1790154.0,632300.0,670000.0,,,,
SII-036,24,80,0.0,1790372.0,1676200.0,660000.0,1676200.0,92418.0,1790372.0,619369.0,660000.0,,,,
SII-036,25,81,0.0,1790590.0,1681966.0,650000.0,1681966.0,92430.0,1790590.0,606485.0,650000.0,0.0,1320250.0,3588288.0,2268038.0
SII-036,26,82,0.0,1791152.0,1693040.0,640000.0,1693040.0,103143.0,1791152.0,604305.0,640000.0,,,,
SII-036,27,83,0.0,1791356.0,1703756.0,630000.0,1703756.0,103522.0,1791356.0,602133.0,630000.0,,,,
SII-036,28,84,0.0,1791549.0,1714461.0,620000.0,1714461.0,103544.0,1791549.0,599969.0,620000.0,,,,
SII-036,29,85,0.0,1791742.0,1725166.0,610000.0,1725166.0,103556.0,1791742.0,597813.0,610000.0,,,,
SII-036,30,86,0.0,1791935.0,1791935.0,600000.0,1791935.0,103567.0,1791935.0,595664.0,600000.0,0.0,1898495.0,4881741.0,2983246.0
SII-036,31,87,0.0,1792129.0,1792129.0,600000.0,1792129.0,103578.0,1792129.0,593523.0,600000.0,,,,
SII-036,32,88,0.0,1792322.0,1792322.0,600000.0,1792322.0,103589.0,1792322.0,591390.0,600000.0,,,,
SII-036,33,89,0.0,1792515.0,1792515.0,600000.0,1792515.0,103600.0,1792515.0,589265.0,600000.0,,,,
SII-036,34,90,0.0,1792708.0,1792708.0,600000.0,1792708.0,103611.0,1792708.0,587147.0,600000.0,,,,
SII-036,35,91,0.0,1792902.0,1792902.0,600000.0,1792902.0,103623.0,1792902.0,585037.0,600000.0,0.0,2988274.0,6641439.0,3653165.0
SII-036,36,92,0.0,1793095.0,1793095.0,600000.0,1793095.0,103634.0,1793095.0,582934.0,600000.0,,,,
SII-036,37,93,0.0,1793288.0,1793288.0,600000.0,1793288.0,103645.0,1793288.0,580839.0,600000.0,,,,
SII-036,38,94,0.0,1793482.0,1793482.0,600000.0,1793482.0,103656.0,1793482.0,578751.0,600000.0,,,,
SII-036,39,95,0.0,1793675.0,1793675.0,600000.0,1793675.0,103667.0,1793675.0,576671.0,600000.0,,,,
SII-036,40,96,0.0,1793869.0,1793869.0,600000.0,1793869.0,103678.0,1793869.0,574599.0,600000.0,0.0,4642444.0,9035448.0,4393004.0
SII-036,41,97,0.0,1794062.0,1794062.0,600000.0,1794062.0,103690.0,1794062.0,572533.0,600000.0,,,,
SII-036,42,98,0.0,1794256.0,1794256.0,600000.0,1794256.0,103701.0,1794256.0,570476.0,600000.0,,,,
SII-036,43,99,0.0,1794449.0,1794449.0,600000.0,1794449.0,103712.0,1794449.0,568425.0,600000.0,,,,
SII-036,44,100,0.0,1794643.0,1794643.0,600000.0,1794643.0,103723.0,1794643.0,566382.0,600000.0,,,,
SII-036,45,101,0.0,1794836.0,1794836.0,600000.0,1794836.0,103734.0,1794836.0,564347.0,600000.0,,,,
SII-036,46,102,0.0,1795030.0,1795030.0,600000.0,1795030.0,103746.0,1795030.0,562319.0,600000.0,,,,
SII-036,47,103,0.0,1795223.0,1795223.0,600000.0,1795223.0,103757.0,1795223.0,560298.0,600000.0,,,,
SII-036,48,104,0.0,1795417.0,1795417.0,600000.0,1795417.0,103768.0,1795417.0,558284.0,600000.0,,,,
SII-036,49,105,0.0,1795611.0,1795611.0,600000.0,1795611.0,103779.0,1795611.0,556277.0,600000.0,,,,
SII-036,50,106,0.0,1795804.0,1795804.0,600000.0,1795804.0,103790.0,1795804.0,554278.0,600000.0,,,,
SII-036,51,107,0.0,1795998.0,1795998.0,600000.0,1795998.0,103802.0,1795998.0,552286.0,600000.0,,,,
SII-036,52,108,0.0,1796191.0,1796191.0,600000.0,1796191.0,103813.0,1796191.0,550301.0,600000.0,,,,
SII-036,53,109,0.0,1796385.0,1796385.0,600000.0,1796385.0,103824.0,1796385.0,548323.0,600000.0,,,,
SII-036,54,110,0.0,1796579.0,1796579.0,600000.0,1796579.0,103835.0,1796579.0,546352.0,600000.0,,,,
SII-036,55,111,0.0,1796773.0,1796773.0,600000.0,1796773.0,103846.0,1796773.0,544389.0,600000.0,,,,
SII-036,56,112,0.0,1796966.0,1796966.0,600000.0,1796966.0,103857.0,1796966.0,542432.0,600000.0,,,,
SII-036,57,113,0.0,1797160.0,1797160.0,600000.0,1797160.0,103869.0,1797160.0,540483.0,600000.0,,,,
SII-036,58,114,0.0,1797354.0,1797354.0,600000.0,1797354.0,103880.0,1797354.0,538540.0,600000.0,,,,
SII-036,59,115,0.0,1797548.0,1797548.0,600000.0,1797548.0,103891.0,1797548.0,536605.0,600000.0,,,,
SII-036,60,116,0.0,1797741.0,1797741.0,600000.0,1797741.0,103902.0,1797741.0,534676.0,600000.0,,,,
SII-036,61,117,0.0,1797935.0,1797935.0,600000.0,1797935.0,103914.0,1797935.0,532754.0,600000.0,,,,
SII-036,62,118,0.0,1798129.0,1798129.0,600000.0,1798129.0,103925.0,1798129.0,530840.0,600000.0,,,,
SII-036,63,119,0.0,1798323.0,1798323.0,600000.0,1798323.0,103936.0,1798323.0,528932.0,600000.0,,,,
SII-036,64,120,0.0,1798517.0,1798517.0,600000.0,1798517.0,103947.0,1798517.0,527031.0,600000.0,,,,
SII-036,65,121,0.0,1798711.0,1798711.0,600000.0,1798711.0,103958.0,1798711.0,525137.0,600000.0,,,,
SII-036,66,122,0.0,1798905.0,1798905.0,600000.0,1798905.0,103970.0,1798905.0,523249.0,600000.0,,,,
SII-036,67,123,0.0,1799099.0,1799099.0,600000.0,1799099.0,103981.0,1799099.0,521369.0,600000.0,,,,
SII-036,68,124,0.0,1799293.0,1799293.0,600000.0,1799293.0,103992.0,1799293.0,519495.0,600000.0,,,,
SII-036,69,125,0.0,1799487.0,1799487.0,600000.0,1799487.0,104003.0,1799487.0,517628.0,600000.0,,,,
