life_insured_age,gender,smoker_status,target_retirement_age,premium_payment_term,income_payout_period,guaranteed_monthly_income_basis,estimation_method,anchor_ages,proxy_slope_keys,premium_rate_per_10_gmi,estimated_annual_premium_for_gmi_1000,estimated_single_premium_for_gmi_1000,estimated_total_premiums_paid_for_gmi_1000,cash_bonus_rate_iirr_300,cash_bonus_rate_iirr_425,estimated_non_guaranteed_monthly_income_iirr_300_for_gmi_1000,estimated_non_guaranteed_monthly_income_iirr_425_for_gmi_1000,estimated_total_monthly_income_iirr_300_for_gmi_1000,estimated_total_monthly_income_iirr_425_for_gmi_1000,estimated_total_benefits_iirr_300_for_gmi_1000,estimated_total_benefits_iirr_425_for_gmi_1000,estimated_total_illustrated_yield_maturity_iirr_300_pct_pa,estimated_total_illustrated_yield_maturity_iirr_425_pct_pa,source_pdfs
40,Male,Non-Smoker,50,single,10,1000,source_exact,40;45,,1128.93,,112893.0,112893.0,0.18725,0.42325,187.25,423.25,1187.25,1423.25,142470.0,170790.0,1.56,2.81,PI_20260611002424891.pdf;PI_20260611001849014.pdf
40,Male,Non-Smoker,50,single,15,1000,source_exact,40;45,,1676.87,,167687.0,167687.0,0.24741,0.53783,247.41,537.83,1247.41,1537.83,224533.0,276809.0,1.69,2.94,PI_20260611002440436.pdf;PI_20260611001900918.pdf
40,Male,Non-Smoker,50,single,20,1000,source_exact,40;45,,2213.17,,221317.0,221317.0,0.32575,0.67616,325.75,676.16,1325.75,1676.16,318180.0,402278.0,1.85,3.1,PI_20260611002451629.pdf;PI_20260611001912358.pdf
40,Male,Non-Smoker,50,single,lifetime,1000,source_exact,40;45,,5126.14,,512614.0,512614.0,0.59,1.29816,590.0,1298.16,1590.0,2298.16,,,,,PI_20260611002504519.pdf;PI_20260611001924643.pdf
40,Male,Non-Smoker,50,5,10,1000,source_exact,40,,227.71,22771.0,,113855.0,0.10425,0.29475,104.25,294.75,1104.25,1294.75,132510.0,155370.0,1.17,2.42,PI_20260610232648465.pdf
40,Male,Non-Smoker,50,5,15,1000,source_exact,40,,338.1,33810.0,,169050.0,0.16066,0.39816,160.66,398.16,1160.66,1398.16,208918.0,251668.0,1.38,2.63,PI_20260610232632950.pdf
40,Male,Non-Smoker,50,5,20,1000,source_exact,40,,446.13,44613.0,,223065.0,0.21975,0.50816,219.75,508.16,1219.75,1508.16,292740.0,361958.0,1.53,2.78,PI_20260610232612170.pdf
40,Male,Non-Smoker,50,5,lifetime,1000,source_exact,40,,1036.02,103602.0,,518010.0,0.44733,1.05383,447.33,1053.83,1447.33,2053.83,,,,,PI_20260610232704463.pdf
40,Male,Non-Smoker,50,10,5,1000,source_exact,40,,58.0701,5807.01,,58070.1,0.0,0.097,0.0,97.0,1000.0,1097.0,60000.0,65820.0,0.4,1.56,PI_20260610233205207.pdf
40,Male,Non-Smoker,50,10,10,1000,source_exact,40,,115.02,11502.0,,115020.0,0.0565,0.20241,56.5,202.41,1056.5,1202.41,126780.0,144289.0,0.92,2.17,PI_20260610233226659.pdf
40,Male,Non-Smoker,50,10,15,1000,source_exact,40,,170.72,17072.0,,170720.0,0.1065,0.29608,106.5,296.08,1106.5,1296.08,199170.0,233294.0,1.19,2.44,PI_20260610233239854.pdf
40,Male,Non-Smoker,50,10,20,1000,source_exact,40,,225.3901,22539.01,,225390.1,0.14041,0.37383,140.41,373.83,1140.41,1373.83,273698.0,329719.0,1.27,2.52,PI_20260610233253985.pdf
40,Male,Non-Smoker,50,10,lifetime,1000,source_exact,40,,523.7501,52375.01,,523750.1,0.28466,0.79116,284.66,791.16,1284.66,1791.16,,,,,PI_20260610233309125.pdf
40,Male,Non-Smoker,55,single,10,1000,source_exact,40;45,,1106.46,,110646.0,110646.0,0.37616,0.75141,376.16,751.41,1376.16,1751.41,165139.0,210169.0,2.02,3.27,PI_20260611002552100.pdf;PI_20260611002047138.pdf
40,Male,Non-Smoker,55,single,15,1000,source_exact,40;45,,1644.53,,164453.0,164453.0,0.459,0.90566,459.0,905.66,1459.0,1905.66,262620.0,343018.0,2.11,3.36,PI_20260611002541387.pdf;PI_20260611002032772.pdf
40,Male,Non-Smoker,55,single,20,1000,source_exact,40;45,,2116.73,,211673.0,211673.0,0.50933,1.02466,509.33,1024.66,1509.33,2024.66,362239.0,485918.0,2.2,3.45,PI_20260611002530509.pdf;PI_20260611002020560.pdf
40,Male,Non-Smoker,55,single,lifetime,1000,source_exact,40;45,,4563.57,,456357.0,456357.0,0.8675,1.78958,867.5,1789.58,1867.5,2789.58,,,,,PI_20260611002519276.pdf;PI_20260611002007234.pdf
40,Male,Non-Smoker,55,5,10,1000,source_exact,40;45,,223.12,22312.0,,111560.0,0.31566,0.63658,315.66,636.58,1315.66,1636.58,157879.0,196389.0,1.95,3.2,PI_20260610232823308.pdf;PI_20260610235108912.pdf
40,Male,Non-Smoker,55,5,15,1000,source_exact,40;45,,331.08,33108.0,,165540.0,0.40175,0.79225,401.75,792.25,1401.75,1792.25,252315.0,322605.0,2.09,3.34,PI_20260610232807393.pdf;PI_20260610235128612.pdf
40,Male,Non-Smoker,55,5,20,1000,source_exact,40;45,,420.66,42066.0,,210330.0,0.4235,0.86233,423.5,862.33,1423.5,1862.33,341640.0,446959.0,2.15,3.4,PI_20260610232751428.pdf;PI_20260610235142517.pdf
40,Male,Non-Smoker,55,5,lifetime,1000,source_exact,40;45,,920.77,92077.0,,460385.0,0.80191,1.63483,801.91,1634.83,1801.91,2634.83,,,,,PI_20260610232724610.pdf;PI_20260610235158142.pdf
40,Male,Non-Smoker,55,10,5,1000,source_exact,40;45,,56.9101,5691.01,,56910.1,0.13141,0.32975,131.41,329.75,1131.41,1329.75,67884.0,79785.0,1.35,2.6,PI_20260610233454841.pdf;PI_20260610235518591.pdf
40,Male,Non-Smoker,55,10,10,1000,source_exact,40;45,,112.74,11274.0,,112740.0,0.23541,0.49283,235.41,492.83,1235.41,1492.83,148249.0,179139.0,1.77,3.02,PI_20260610233440842.pdf;PI_20260610235535999.pdf
40,Male,Non-Smoker,55,10,15,1000,source_exact,40;45,,167.32,16732.0,,167320.0,0.3295,0.65033,329.5,650.33,1329.5,1650.33,239310.0,297059.0,2.01,3.26,PI_20260610233354388.pdf;PI_20260610235549271.pdf
40,Male,Non-Smoker,55,10,20,1000,source_exact,40;45,,213.34,21334.0,,213340.0,0.35333,0.7235,353.33,723.5,1353.33,1723.5,324799.0,413640.0,2.09,3.34,PI_20260610233340499.pdf;PI_20260610235604533.pdf
40,Male,Non-Smoker,55,10,lifetime,1000,source_exact,40;45,,467.08,46708.0,,467080.0,0.645,1.34625,645.0,1346.25,1645.0,2346.25,,,,,PI_20260610233326005.pdf;PI_20260610235621805.pdf
40,Male,Non-Smoker,55,15,5,1000,source_exact,40,,38.34,3834.0,,57510.0,0.04183,0.18883,41.83,188.83,1041.83,1188.83,62509.0,71329.0,0.78,2.03,PI_20260610234026287.pdf
40,Male,Non-Smoker,55,15,10,1000,source_exact,40,,75.88,7588.0,,113820.0,0.12683,0.32616,126.83,326.16,1126.83,1326.16,135219.0,159139.0,1.32,2.57,PI_20260610234039642.pdf
40,Male,Non-Smoker,55,15,15,1000,source_exact,40,,112.78,11278.0,,169170.0,0.196,0.44608,196.0,446.08,1196.0,1446.08,215280.0,260294.0,1.56,2.81,PI_20260610234053768.pdf
40,Male,Non-Smoker,55,15,20,1000,source_exact,40,,148.83,14883.0,,223245.0,0.26541,0.57216,265.41,572.16,1265.41,1572.16,303698.0,377318.0,1.73,2.98,PI_20260610234111157.pdf
40,Male,Non-Smoker,55,15,lifetime,1000,source_exact,40,,315.12,31512.0,,472680.0,0.46083,1.04058,460.83,1040.58,1460.83,2040.58,,,,,PI_20260610234126203.pdf
40,Male,Non-Smoker,60,single,10,1000,source_exact,40;45,,1064.7501,,106475.01,106475.01,0.57458,1.12541,574.58,1125.41,1574.58,2125.41,188949.0,255049.0,2.32,3.57,PI_20260611002606265.pdf;PI_20260611002102372.pdf
40,Male,Non-Smoker,60,single,15,1000,source_exact,40;45,,1579.96,,157996.0,157996.0,0.68775,1.34308,687.75,1343.08,1687.75,2343.08,303795.0,421754.0,2.42,3.67,PI_20260611002620428.pdf;PI_20260611002114684.pdf
40,Male,Non-Smoker,60,single,20,1000,source_exact,40;45,,2057.41,,205741.0,205741.0,0.74825,1.48783,748.25,1487.83,1748.25,2487.83,419580.0,597079.0,2.43,3.68,PI_20260611002632784.pdf;PI_20260611002125428.pdf
40,Male,Non-Smoker,60,single,lifetime,1000,source_exact,40;45,,4015.02,,401502.0,401502.0,1.09808,2.2625,1098.08,2262.5,2098.08,3262.5,,,,,PI_20260611002646256.pdf;PI_20260611002141455.pdf
40,Male,Non-Smoker,60,5,10,1000,source_exact,40;45,,213.84,21384.0,,106920.0,0.50975,0.99416,509.75,994.16,1509.75,1994.16,181170.0,239299.0,2.32,3.57,PI_20260610232848089.pdf;PI_20260610235214427.pdf
40,Male,Non-Smoker,60,5,15,1000,source_exact,40;45,,289.49,28949.0,,144745.0,0.47641,1.00091,476.41,1000.91,1476.41,2000.91,265753.0,360163.0,2.42,3.67,PI_20260610232907656.pdf;PI_20260610235229251.pdf
40,Male,Non-Smoker,60,5,20,1000,source_exact,40;45,,378.5,37850.0,,189250.0,0.53366,1.131,533.66,1131.0,1533.66,2131.0,368078.0,511440.0,2.43,3.68,PI_20260610232921970.pdf;PI_20260610235242161.pdf
40,Male,Non-Smoker,60,5,lifetime,1000,source_exact,40;45,,810.97,81097.0,,405485.0,1.02125,2.07025,1021.25,2070.25,2021.25,3070.25,,,,,PI_20260610232937082.pdf;PI_20260610235259303.pdf
40,Male,Non-Smoker,60,10,5,1000,source_exact,40;45,,55.76,5576.0,,55760.0,0.29808,0.62108,298.08,621.08,1298.08,1621.08,77884.0,97264.0,1.86,3.11,PI_20260610233509661.pdf;PI_20260610235640379.pdf
40,Male,Non-Smoker,60,10,10,1000,source_exact,40;45,,110.3701,11037.01,,110370.1,0.45333,0.86708,453.33,867.08,1453.33,1867.08,174399.0,224049.0,2.25,3.5,PI_20260610233525371.pdf;PI_20260610235655908.pdf
40,Male,Non-Smoker,60,10,15,1000,source_exact,40;45,,148.9101,14891.01,,148910.1,0.42383,0.87575,423.83,875.75,1423.83,1875.75,256289.0,337635.0,2.39,3.64,PI_20260610233539267.pdf;PI_20260610235710040.pdf
40,Male,Non-Smoker,60,10,20,1000,source_exact,40;45,,194.8301,19483.01,,194830.1,0.48608,1.0065,486.08,1006.5,1486.08,2006.5,356659.0,481560.0,2.42,3.67,PI_20260610233553543.pdf;PI_20260610235724523.pdf
40,Male,Non-Smoker,60,10,lifetime,1000,source_exact,40;45,,410.64,41064.0,,410640.0,0.92158,1.84283,921.58,1842.83,1921.58,2842.83,,,,,PI_20260610233607427.pdf;PI_20260610235740981.pdf
40,Male,Non-Smoker,60,15,5,1000,source_exact,40;45,,37.56,3756.0,,56340.0,0.22675,0.48791,226.75,487.91,1226.75,1487.91,73605.0,89274.0,1.71,2.95,PI_20260610234353386.pdf;PI_20260611000823490.pdf
40,Male,Non-Smoker,60,15,10,1000,source_exact,40;45,,74.33,7433.0,,111495.0,0.31566,0.64366,315.66,643.66,1315.66,1643.66,157879.0,197239.0,1.93,3.18,PI_20260610234336514.pdf;PI_20260611000810114.pdf
40,Male,Non-Smoker,60,15,15,1000,source_exact,40;45,,106.92,10692.0,,160380.0,0.3895,0.78291,389.5,782.91,1389.5,1782.91,250110.0,320923.0,2.18,3.43,PI_20260610234319409.pdf;PI_20260611000746289.pdf
40,Male,Non-Smoker,60,15,20,1000,source_exact,40;45,,140.67,14067.0,,211005.0,0.45091,0.91066,450.91,910.66,1450.91,1910.66,348218.0,458558.0,2.21,3.46,PI_20260610234200464.pdf;PI_20260611000730113.pdf;PI_20260611001200767.pdf
40,Male,Non-Smoker,60,15,lifetime,1000,source_exact,40;45,,276.64,27664.0,,414960.0,0.72141,1.48758,721.41,1487.58,1721.41,2487.58,,,,,PI_20260610234143902.pdf;PI_20260611000703967.pdf;PI_20260611001217077.pdf
40,Male,Non-Smoker,60,20,5,1000,source_exact,40,,28.46,2846.0,,56920.0,0.15375,0.36325,153.75,363.25,1153.75,1363.25,69225.0,81795.0,1.48,2.73,PI_20260610234729319.pdf
40,Male,Non-Smoker,60,20,10,1000,source_exact,40,,56.37,5637.0,,112740.0,0.26916,0.5455,269.16,545.5,1269.16,1545.5,152299.0,185460.0,1.92,3.17,PI_20260610234745453.pdf
40,Male,Non-Smoker,60,20,15,1000,source_exact,40,,83.71,8371.0,,167420.0,0.32183,0.65558,321.83,655.58,1321.83,1655.58,237929.0,298004.0,1.95,3.2,PI_20260610234759378.pdf
40,Male,Non-Smoker,60,20,20,1000,source_exact,40,,110.46,11046.0,,220920.0,0.37941,0.77158,379.41,771.58,1379.41,1771.58,331058.0,425179.0,1.98,3.23,PI_20260610234812822.pdf
40,Male,Non-Smoker,60,20,lifetime,1000,source_exact,40,,210.2501,21025.01,,420500.2,0.55241,1.1935,552.41,1193.5,1552.41,2193.5,,,,,PI_20260610234827728.pdf
40,Male,Non-Smoker,65,single,10,1000,source_exact,40;45,,995.8,,99580.0,99580.0,0.76458,1.53008,764.58,1530.08,1764.58,2530.08,211749.0,303609.0,2.55,3.8,PI_20260611002745617.pdf;PI_20260611002233997.pdf
40,Male,Non-Smoker,65,single,15,1000,source_exact,40;45,,1468.4,,146840.0,146840.0,0.878,1.76241,878.0,1762.41,1878.0,2762.41,338040.0,497233.0,2.61,3.86,PI_20260611002732155.pdf;PI_20260611002221799.pdf
40,Male,Non-Smoker,65,single,20,1000,source_exact,40;45,,1931.73,,193173.0,193173.0,0.964,1.9705,964.0,1970.5,1964.0,2970.5,471360.0,712920.0,2.61,3.86,PI_20260611002721437.pdf;PI_20260611002209718.pdf
40,Male,Non-Smoker,65,single,lifetime,1000,source_exact,40;45,,3480.26,,348026.0,348026.0,1.38941,2.86441,1389.41,2864.41,2389.41,3864.41,,,,,PI_20260611002703129.pdf;PI_20260611002157186.pdf
40,Male,Non-Smoker,65,5,10,1000,source_exact,40;45,,188.88,18888.0,,94440.0,0.59341,1.23091,593.41,1230.91,1593.41,2230.91,191209.0,267709.0,2.55,3.8,PI_20260610232957588.pdf;PI_20260610235358883.pdf
40,Male,Non-Smoker,65,5,15,1000,source_exact,40;45,,278.11,27811.0,,139055.0,0.69091,1.43166,690.91,1431.66,1690.91,2431.66,304363.0,437698.0,2.61,3.86,PI_20260610233012578.pdf;PI_20260610235344016.pdf
40,Male,Non-Smoker,65,5,20,1000,source_exact,40;45,,362.5,36250.0,,181250.0,0.75241,1.58141,752.41,1581.41,1752.41,2581.41,420578.0,619538.0,2.61,3.86,PI_20260610233026759.pdf;PI_20260610235330765.pdf
40,Male,Non-Smoker,65,5,lifetime,1000,source_exact,40;45,,702.27,70227.0,,351135.0,1.29116,2.60858,1291.16,2608.58,2291.16,3608.58,,,,,PI_20260610233042604.pdf;PI_20260610235316695.pdf
40,Male,Non-Smoker,65,10,5,1000,source_exact,40;45,,54.68,5468.0,,54680.0,0.49458,0.98316,494.58,983.16,1494.58,1983.16,89674.0,118989.0,2.16,3.41,PI_20260610233726034.pdf;PI_20260610235921002.pdf
40,Male,Non-Smoker,65,10,10,1000,source_exact,40;45,,96.46,9646.0,,96460.0,0.49358,1.03341,493.58,1033.41,1493.58,2033.41,179229.0,244009.0,2.45,3.7,PI_20260610233711769.pdf;PI_20260610235908656.pdf
40,Male,Non-Smoker,65,10,15,1000,source_exact,40;45,,141.86,14186.0,,141860.0,0.59408,1.22675,594.08,1226.75,1594.08,2226.75,286934.0,400815.0,2.55,3.8,PI_20260610233655245.pdf;PI_20260610235854568.pdf
40,Male,Non-Smoker,65,10,20,1000,source_exact,40;45,,185.0701,18507.01,,185070.1,0.67333,1.39966,673.33,1399.66,1673.33,2399.66,401599.0,575918.0,2.59,3.84,PI_20260610233640429.pdf;PI_20260610235810971.pdf
40,Male,Non-Smoker,65,10,lifetime,1000,source_exact,40;45,,355.26,35526.0,,355260.0,1.15833,2.31866,1158.33,2318.66,2158.33,3318.66,,,,,PI_20260610233623014.pdf;PI_20260610235756677.pdf
40,Male,Non-Smoker,65,15,5,1000,source_exact,40;45,,36.8,3680.0,,55200.0,0.43516,0.8505,435.16,850.5,1435.16,1850.5,86109.0,111030.0,2.16,3.41,PI_20260610234411907.pdf;PI_20260611000839195.pdf;PI_20260611001358706.pdf
40,Male,Non-Smoker,65,15,10,1000,source_exact,40;45,,65.78,6578.0,,98670.0,0.41333,0.87641,413.33,876.41,1413.33,1876.41,169599.0,225169.0,2.36,3.61,PI_20260610234426141.pdf;PI_20260611000855645.pdf;PI_20260611001345779.pdf
40,Male,Non-Smoker,65,15,15,1000,source_exact,40;45,,96.44,9644.0,,144660.0,0.4785,1.01741,478.5,1017.41,1478.5,2017.41,266130.0,363133.0,2.41,3.66,PI_20260610234442077.pdf;PI_20260611001330671.pdf
40,Male,Non-Smoker,65,15,20,1000,source_exact,40;45,,126.08,12608.0,,189120.0,0.53975,1.15058,539.75,1150.58,1539.75,2150.58,369540.0,516139.0,2.43,3.68,PI_20260610234457507.pdf;PI_20260611001317465.pdf
40,Male,Non-Smoker,65,15,lifetime,1000,source_exact,40;45,,239.98,23998.0,,359970.0,0.94925,1.92925,949.25,1929.25,1949.25,2929.25,,,,,PI_20260610234513588.pdf;PI_20260611001303577.pdf
40,Male,Non-Smoker,65,20,5,1000,source_exact,40;45,,27.88,2788.0,,55760.0,0.35225,0.70075,352.25,700.75,1352.25,1700.75,81135.0,102045.0,2.06,3.31,PI_20260610234948038.pdf;PI_20260611001551247.pdf
40,Male,Non-Smoker,65,20,10,1000,source_exact,40;45,,53.02,5302.0,,106040.0,0.40791,0.82391,407.91,823.91,1407.91,1823.91,168949.0,218869.0,2.26,3.51,PI_20260610234932568.pdf;PI_20260611001615743.pdf
40,Male,Non-Smoker,65,20,15,1000,source_exact,40;45,,78.29,7829.0,,156580.0,0.46866,0.954,468.66,954.0,1468.66,1954.0,264358.0,351720.0,2.28,3.53,PI_20260610234916293.pdf;PI_20260611001629971.pdf
40,Male,Non-Smoker,65,20,20,1000,source_exact,40;45,,102.72,10272.0,,205440.0,0.53616,1.09491,536.16,1094.91,1536.16,2094.91,368678.0,502778.0,2.31,3.56,PI_20260610234902526.pdf;PI_20260611001643667.pdf
40,Male,Non-Smoker,65,20,lifetime,1000,source_exact,40;45,,182.02,18202.0,,364040.0,0.79916,1.63633,799.16,1636.33,1799.16,2636.33,,,,,PI_20260610234845576.pdf;PI_20260611001700520.pdf
40,Male,Non-Smoker,70,single,10,1000,source_exact,40;45,,960.96,,96096.0,96096.0,0.97333,2.00808,973.33,2008.08,1973.33,3008.08,236799.0,360969.0,2.61,3.86,PI_20260611002759246.pdf;PI_20260611002246017.pdf
40,Male,Non-Smoker,70,single,15,1000,source_exact,40;45,,1417.74,,141774.0,141774.0,1.07091,2.23883,1070.91,2238.83,2070.91,3238.83,372763.0,582989.0,2.62,3.87,PI_20260611002810349.pdf;PI_20260611002257162.pdf
40,Male,Non-Smoker,70,single,20,1000,source_exact,40;45,,1854.74,,185474.0,185474.0,1.1545,2.45525,1154.5,2455.25,2154.5,3455.25,517080.0,829260.0,2.62,3.87,PI_20260611002822242.pdf;PI_20260611002346458.pdf
40,Male,Non-Smoker,70,single,lifetime,1000,source_exact,40;45,,2957.6,,295760.0,295760.0,1.55758,3.3095,1557.58,3309.5,2557.58,4309.5,,,,,PI_20260611002836283.pdf;PI_20260611002359260.pdf
40,Male,Non-Smoker,70,5,10,1000,source_exact,40;45,,180.66,18066.0,,90330.0,0.76425,1.62183,764.25,1621.83,1764.25,2621.83,211710.0,314619.0,2.61,3.86,PI_20260610233143210.pdf;PI_20260610235415629.pdf
40,Male,Non-Smoker,70,5,15,1000,source_exact,40;45,,262.56,26256.0,,131280.0,0.82083,1.78441,820.83,1784.41,1820.83,2784.41,327749.0,501193.0,2.62,3.87,PI_20260610233128096.pdf;PI_20260610235429666.pdf
40,Male,Non-Smoker,70,5,20,1000,source_exact,40;45,,339.92,33992.0,,169960.0,0.87925,1.94575,879.25,1945.75,1879.25,2945.75,451020.0,706980.0,2.62,3.87,PI_20260610233113456.pdf;PI_20260610235443554.pdf
40,Male,Non-Smoker,70,5,lifetime,1000,source_exact,40;45,,596.28,59628.0,,298140.0,1.444,3.0245,1444.0,3024.5,2444.0,4024.5,,,,,PI_20260610233100050.pdf;PI_20260610235457853.pdf
40,Male,Non-Smoker,70,10,5,1000,source_exact,40;45,,53.5901,5359.01,,53590.1,0.73116,1.44333,731.16,1443.33,1731.16,2443.33,103869.0,146599.0,2.38,3.63,PI_20260610233742614.pdf;PI_20260610235936106.pdf
40,Male,Non-Smoker,70,10,10,1000,source_exact,40;45,,92.3501,9235.01,,92350.1,0.63733,1.3725,637.33,1372.5,1637.33,2372.5,196479.0,284700.0,2.5,3.75,PI_20260610233757093.pdf;PI_20260610235949600.pdf
40,Male,Non-Smoker,70,10,15,1000,source_exact,40;45,,134.2501,13425.01,,134250.1,0.73891,1.58275,738.91,1582.75,1738.91,2582.75,313003.0,464895.0,2.6,3.85,PI_20260610233811472.pdf;PI_20260611000003719.pdf
40,Male,Non-Smoker,70,10,20,1000,source_exact,40;45,,173.7901,17379.01,,173790.1,0.79208,1.72908,792.08,1729.08,1792.08,2729.08,430099.0,654979.0,2.6,3.85,PI_20260610233915893.pdf;PI_20260611000023179.pdf
40,Male,Non-Smoker,70,10,lifetime,1000,source_exact,40;45,,301.9,30190.0,,301900.0,1.30891,2.69933,1308.91,2699.33,2308.91,3699.33,,,,,PI_20260610233951518.pdf;PI_20260611000039412.pdf
40,Male,Non-Smoker,70,15,5,1000,source_exact,40;45,,36.06,3606.0,,54090.0,0.65316,1.26966,653.16,1269.66,1653.16,2269.66,99189.0,136179.0,2.38,3.63,PI_20260610234639073.pdf;PI_20260611001414414.pdf
40,Male,Non-Smoker,70,15,10,1000,source_exact,40;45,,62.8,6280.0,,94200.0,0.55916,1.19858,559.16,1198.58,1559.16,2198.58,187099.0,263829.0,2.46,3.71,PI_20260610234622503.pdf;PI_20260611001427450.pdf
40,Male,Non-Smoker,70,15,15,1000,source_exact,40;45,,91.6,9160.0,,137400.0,0.612,1.32925,612.0,1329.25,1612.0,2329.25,290160.0,419265.0,2.47,3.72,PI_20260610234604354.pdf;PI_20260611001448485.pdf
40,Male,Non-Smoker,70,15,20,1000,source_exact,40;45,,119.21,11921.0,,178815.0,0.6745,1.48375,674.5,1483.75,1674.5,2483.75,401880.0,596100.0,2.49,3.74,PI_20260610234548480.pdf;PI_20260611001503783.pdf
40,Male,Non-Smoker,70,15,lifetime,1000,source_exact,40;45,,203.81,20381.0,,305715.0,1.11025,2.30125,1110.25,2301.25,2110.25,3301.25,,,,,PI_20260610234533727.pdf;PI_20260611001521266.pdf
40,Male,Non-Smoker,70,20,5,1000,source_exact,40;45,,27.32,2732.0,,54640.0,0.53741,1.05766,537.41,1057.66,1537.41,2057.66,92244.0,123459.0,2.26,3.51,PI_20260610235003364.pdf;RRP missing/PI_20260611005639488.pdf;PI_20260611001722547.pdf
40,Male,Non-Smoker,70,20,10,1000,source_exact,40;45,,51.31,5131.0,,102620.0,0.58533,1.18008,585.33,1180.08,1585.33,2180.08,190239.0,261609.0,2.41,3.66,RRP missing/PI_20260611005652260.pdf;PI_20260611001736237.pdf
40,Male,Non-Smoker,70,20,15,1000,source_exact,40;45,,75.8501,7585.01,,151700.2,0.65341,1.33591,653.41,1335.91,1653.41,2335.91,297613.0,420463.0,2.41,3.66,RRP missing/PI_20260611005705183.pdf;PI_20260611001749984.pdf
40,Male,Non-Smoker,70,20,20,1000,source_exact,40;45,,99.2501,9925.01,,198500.2,0.72675,1.49433,726.75,1494.33,1726.75,2494.33,414420.0,598639.0,2.43,3.68,RRP missing/PI_20260611005719222.pdf;PI_20260611001810299.pdf
40,Male,Non-Smoker,70,20,lifetime,1000,source_exact,40;45,,155.02,15502.0,,310040.0,0.9795,2.02375,979.5,2023.75,1979.5,3023.75,,,,,RRP missing/PI_20260611005734318.pdf;PI_20260611001824907.pdf
41,Male,Non-Smoker,50,single,10,1000,interpolated,40;45,,1133.658,,113365.8,113365.8,0.157732,0.37365,157.73,373.65,1157.73,1373.65,138927.8,164838.0,1.406,2.656,PI_20260611002424891.pdf;PI_20260611001849014.pdf
41,Male,Non-Smoker,50,single,15,1000,interpolated,40;45,,1683.754,,168375.4,168375.4,0.21401,0.481446,214.01,481.45,1214.01,1481.45,218521.0,266659.8,1.558,2.808,PI_20260611002440436.pdf;PI_20260611001900918.pdf
41,Male,Non-Smoker,50,single,20,1000,interpolated,40;45,,2222.372,,222237.2,222237.2,0.28485,0.60856,284.85,608.56,1284.85,1608.56,308364.0,386054.0,1.716,2.966,PI_20260611002451629.pdf;PI_20260611001912358.pdf
41,Male,Non-Smoker,50,single,lifetime,1000,interpolated,40;45,,5152.02202,,515202.2,515202.2,0.526132,1.190394,526.13,1190.39,1526.13,2190.39,,,,,PI_20260611002504519.pdf;PI_20260611001924643.pdf
41,Male,Non-Smoker,50,5,10,1000,extrapolated_proxy_slope,40,"[{""gender"": ""Male"", ""smoker_status"": ""Non-Smoker"", ""target_retirement_age"": 55, ""premium_payment_term"": 5, ""income_payout_period"": 10}, {""gender"": ""Male"", ""smoker_status"": ""Non-Smoker"", ""target_retirement_age"": 55, ""premium_payment_term"": 5, ""income_payout_period"": 10}, {""gender"": ""Male"", ""smoker_status"": ""Non-Smoker"", ""target_retirement_age"": 55, ""premium_payment_term"": 5, ""income_payout_period"": 10}, {""gender"": ""Male"", ""smoker_status"": ""Non-Smoker"", ""target_retirement_age"": 55, ""premium_payment_term"": 5, ""income_payout_period"": 10}, {""gender"": ""Male"", ""smoker_status"": ""Non-Smoker"", ""target_retirement_age"": 55, ""premium_payment_term"": 5, ""income_payout_period"": 10}, {""gender"": ""Male"", ""smoker_status"": ""Non-Smoker"", ""target_retirement_age"": 55, ""premium_payment_term"": 5, ""income_payout_period"": 10}, {""gender"": ""Male"", ""smoker_status"": ""Non-Smoker"", ""target_retirement_age"": 55, ""premium_payment_term"": 5, ""income_payout_period"": 10}]",228.636,22863.6,,114318.0,0.061984,0.22635,61.98,226.35,1061.98,1226.35,127438.0,147162.0,1.014,2.264,PI_20260610232648465.pdf
41,Male,Non-Smoker,50,5,15,1000,extrapolated_proxy_slope,40,"[{""gender"": ""Male"", ""smoker_status"": ""Non-Smoker"", ""target_retirement_age"": 55, ""premium_payment_term"": 5, ""income_payout_period"": 15}, {""gender"": ""Male"", ""smoker_status"": ""Non-Smoker"", ""target_retirement_age"": 55, ""premium_payment_term"": 5, ""income_payout_period"": 15}, {""gender"": ""Male"", ""smoker_status"": ""Non-Smoker"", ""target_retirement_age"": 55, ""premium_payment_term"": 5, ""income_payout_period"": 15}, {""gender"": ""Male"", ""smoker_status"": ""Non-Smoker"", ""target_retirement_age"": 55, ""premium_payment_term"": 5, ""income_payout_period"": 15}, {""gender"": ""Male"", ""smoker_status"": ""Non-Smoker"", ""target_retirement_age"": 55, ""premium_payment_term"": 5, ""income_payout_period"": 15}, {""gender"": ""Male"", ""smoker_status"": ""Non-Smoker"", ""target_retirement_age"": 55, ""premium_payment_term"": 5, ""income_payout_period"": 15}, {""gender"": ""Male"", ""smoker_status"": ""Non-Smoker"", ""target_retirement_age"": 55, ""premium_payment_term"": 5, ""income_payout_period"": 15}]",339.526,33952.6,,169763.0,0.11276,0.31961,112.76,319.61,1112.76,1319.61,200296.0,237529.0,1.238,2.488,PI_20260610232632950.pdf
41,Male,Non-Smoker,50,5,20,1000,extrapolated_proxy_slope,40,"[{""gender"": ""Male"", ""smoker_status"": ""Non-Smoker"", ""target_retirement_age"": 55, ""premium_payment_term"": 5, ""income_payout_period"": 20}, {""gender"": ""Male"", ""smoker_status"": ""Non-Smoker"", ""target_retirement_age"": 55, ""premium_payment_term"": 5, ""income_payout_period"": 20}, {""gender"": ""Male"", ""smoker_status"": ""Non-Smoker"", ""target_retirement_age"": 55, ""premium_payment_term"": 5, ""income_payout_period"": 20}, {""gender"": ""Male"", ""smoker_status"": ""Non-Smoker"", ""target_retirement_age"": 55, ""premium_payment_term"": 5, ""income_payout_period"": 20}, {""gender"": ""Male"", ""smoker_status"": ""Non-Smoker"", ""target_retirement_age"": 55, ""premium_payment_term"": 5, ""income_payout_period"": 20}, {""gender"": ""Male"", ""smoker_status"": ""Non-Smoker"", ""target_retirement_age"": 55, ""premium_payment_term"": 5, ""income_payout_period"": 20}, {""gender"": ""Male"", ""smoker_status"": ""Non-Smoker"", ""target_retirement_age"": 55, ""premium_payment_term"": 5, ""income_payout_period"": 20}]",451.3,45130.0,,225650.0,0.178982,0.43736,178.98,437.36,1178.98,1437.36,282955.6,344966.0,1.406,2.656,PI_20260610232612170.pdf
41,Male,Non-Smoker,50,5,lifetime,1000,extrapolated_proxy_slope,40,"[{""gender"": ""Male"", ""smoker_status"": ""Non-Smoker"", ""target_retirement_age"": 55, ""premium_payment_term"": 5, ""income_payout_period"": ""lifetime""}, {""gender"": ""Male"", ""smoker_status"": ""Non-Smoker"", ""target_retirement_age"": 55, ""premium_payment_term"": 5, ""income_payout_period"": ""lifetime""}, {""gender"": ""Male"", ""smoker_status"": ""Non-Smoker"", ""target_retirement_age"": 55, ""premium_payment_term"": 5, ""income_payout_period"": ""lifetime""}, {""gender"": ""Male"", ""smoker_status"": ""Non-Smoker"", ""target_retirement_age"": 55, ""premium_payment_term"": 5, ""income_payout_period"": ""lifetime""}, {""gender"": ""Male"", ""smoker_status"": ""Non-Smoker"", ""target_retirement_age"": 55, ""premium_payment_term"": 5, ""income_payout_period"": ""lifetime""}, {""gender"": ""Male"", ""smoker_status"": ""Non-Smoker"", ""target_retirement_age"": 55, ""premium_payment_term"": 5, ""income_payout_period"": ""lifetime""}, {""gender"": ""Male"", ""smoker_status"": ""Non-Smoker"", ""target_retirement_age"": 55, ""premium_payment_term"": 5, ""income_payout_period"": ""lifetime""}]",1040.982,104098.2,,520491.0,0.36558,0.915214,365.58,915.21,1365.58,1915.21,,,,,PI_20260610232704463.pdf
41,Male,Non-Smoker,55,single,10,1000,interpolated,40;45,,1111.062,,111106.2,111106.2,0.338594,0.685944,338.59,685.94,1338.59,1685.94,160631.0,202313.0,1.928,3.178,PI_20260611002552100.pdf;PI_20260611002047138.pdf
41,Male,Non-Smoker,55,single,15,1000,interpolated,40;45,,1650.938,,165093.8,165093.8,0.416582,0.832128,416.58,832.13,1416.58,1832.13,254984.6,329782.4,2.026,3.276,PI_20260611002541387.pdf;PI_20260611002032772.pdf
41,Male,Non-Smoker,55,single,20,1000,interpolated,40;45,,2136.566,,213656.6,213656.6,0.472646,0.955428,472.65,955.43,1472.65,1955.43,353434.8,469302.4,2.13,3.38,PI_20260611002530509.pdf;PI_20260611002020560.pdf
41,Male,Non-Smoker,55,single,lifetime,1000,interpolated,40;45,,4585.06,,458506.0,458506.0,0.8001,1.665896,800.1,1665.9,1800.1,2665.9,,,,,PI_20260611002519276.pdf;PI_20260611002007234.pdf
41,Male,Non-Smoker,55,5,10,1000,interpolated,40;45,,224.046,22404.6,,112023.0,0.273394,0.56818,273.39,568.18,1273.39,1568.18,152807.0,188181.0,1.794,3.044,PI_20260610232823308.pdf;PI_20260610235108912.pdf
41,Male,Non-Smoker,55,5,15,1000,interpolated,40;45,,332.506,33250.6,,166253.0,0.35385,0.7137,353.85,713.7,1353.85,1713.7,243693.0,308466.0,1.948,3.198,PI_20260610232807393.pdf;PI_20260610235128612.pdf
41,Male,Non-Smoker,55,5,20,1000,interpolated,40;45,,425.83,42583.0,,212915.0,0.382732,0.79153,382.73,791.53,1382.73,1791.53,331855.6,429967.0,2.026,3.276,PI_20260610232751428.pdf;PI_20260610235142517.pdf
41,Male,Non-Smoker,55,5,lifetime,1000,interpolated,40;45,,925.732,92573.2,,462866.0,0.72016,1.496214,720.16,1496.21,1720.16,2496.21,,,,,PI_20260610232724610.pdf;PI_20260610235158142.pdf
41,Male,Non-Smoker,55,10,5,1000,interpolated,40;45,,57.1461,5714.61,,57146.1,0.10521,0.2834,105.21,283.4,1105.21,1283.4,66312.0,77004.0,1.16,2.392,PI_20260610233454841.pdf;PI_20260610235518591.pdf
41,Male,Non-Smoker,55,10,10,1000,interpolated,40;45,,113.184,11318.4,,113184.0,0.19951,0.43468,199.51,434.68,1199.51,1434.68,143941.0,172161.0,1.6,2.85,PI_20260610233440842.pdf;PI_20260610235535999.pdf
41,Male,Non-Smoker,55,10,15,1000,interpolated,40;45,,168.016,16801.6,,168016.0,0.285132,0.57968,285.13,579.68,1285.13,1579.68,231323.6,284342.0,1.846,3.096,PI_20260610233354388.pdf;PI_20260610235549271.pdf
41,Male,Non-Smoker,55,10,20,1000,interpolated,40;45,,215.73402,21573.4,,215734.02,0.310464,0.6529,310.46,652.9,1310.46,1652.9,314511.2,396696.0,1.924,3.174,PI_20260610233340499.pdf;PI_20260610235604533.pdf
41,Male,Non-Smoker,55,10,lifetime,1000,interpolated,40;45,,469.28,46928.0,,469280.0,0.56475,1.217616,564.75,1217.62,1564.75,2217.62,,,,,PI_20260610233326005.pdf;PI_20260610235621805.pdf
41,Male,Non-Smoker,60,single,10,1000,interpolated,40;45,,1073.29408,,107329.41,107329.41,0.53473,1.050244,534.73,1050.24,1534.73,2050.24,184167.0,246029.0,2.258,3.508,PI_20260611002606265.pdf;PI_20260611002102372.pdf
41,Male,Non-Smoker,60,single,15,1000,interpolated,40;45,,1592.802,,159280.2,159280.2,0.641866,1.255546,641.87,1255.55,1641.87,2255.55,295535.8,405997.8,2.358,3.608,PI_20260611002620428.pdf;PI_20260611002114684.pdf
41,Male,Non-Smoker,60,single,20,1000,interpolated,40;45,,2068.85,,206885.0,206885.0,0.699482,1.39418,699.48,1394.18,1699.48,2394.18,407875.6,574603.0,2.382,3.632,PI_20260611002632784.pdf;PI_20260611002125428.pdf
41,Male,Non-Smoker,60,single,lifetime,1000,interpolated,40;45,,4033.92602,,403392.6,403392.6,1.03448,2.133732,1034.48,2133.73,2034.48,3133.73,,,,,PI_20260611002646256.pdf;PI_20260611002141455.pdf
41,Male,Non-Smoker,60,5,10,1000,interpolated,40;45,,215.696,21569.6,,107848.0,0.470732,0.922394,470.73,922.39,1470.73,1922.39,176487.8,230687.0,2.244,3.494,PI_20260610232848089.pdf;PI_20260610235214427.pdf
41,Male,Non-Smoker,60,5,15,1000,interpolated,40;45,,297.828,29782.8,,148914.0,0.462794,0.960778,462.79,960.78,1462.79,1960.78,263302.2,352939.4,2.358,3.608,PI_20260610232907656.pdf;PI_20260610235229251.pdf
41,Male,Non-Smoker,60,5,20,1000,interpolated,40;45,,387.046,38704.6,,193523.0,0.513744,1.080232,513.74,1080.23,1513.74,2080.23,363298.2,499255.6,2.38,3.63,PI_20260610232921970.pdf;PI_20260610235242161.pdf
41,Male,Non-Smoker,60,5,lifetime,1000,interpolated,40;45,,814.79,81479.0,,407395.0,0.960766,1.95055,960.77,1950.55,1960.77,2950.55,,,,,PI_20260610232937082.pdf;PI_20260610235259303.pdf
41,Male,Non-Smoker,60,10,5,1000,interpolated,40;45,,55.992,5599.2,,55992.0,0.26473,0.562814,264.73,562.81,1264.73,1562.81,75883.0,93768.2,1.758,3.008,PI_20260610233509661.pdf;PI_20260610235640379.pdf
41,Male,Non-Smoker,60,10,10,1000,interpolated,40;45,,110.8301,11083.01,,110830.1,0.40948,0.791946,409.48,791.95,1409.48,1791.95,169137.0,215033.0,2.154,3.404,PI_20260610233525371.pdf;PI_20260610235655908.pdf
41,Male,Non-Smoker,60,10,15,1000,interpolated,40;45,,152.6061,15260.61,,152606.1,0.405464,0.831266,405.46,831.27,1405.46,1831.27,252983.2,329627.8,2.316,3.566,PI_20260610233539267.pdf;PI_20260610235710040.pdf
41,Male,Non-Smoker,60,10,20,1000,interpolated,40;45,,198.5301,19853.01,,198530.1,0.460214,0.950666,460.21,950.67,1460.21,1950.67,350451.2,468159.8,2.356,3.606,PI_20260610233553543.pdf;PI_20260610235724523.pdf
41,Male,Non-Smoker,60,10,lifetime,1000,interpolated,40;45,,412.57402,41257.4,,412574.02,0.856764,1.721314,856.76,1721.31,1856.76,2721.31,,,,,PI_20260610233607427.pdf;PI_20260610235740981.pdf
41,Male,Non-Smoker,60,15,5,1000,interpolated,40;45,,37.714,3771.4,,56571.0,0.1897,0.428028,189.7,428.03,1189.7,1428.03,71382.0,85681.2,1.524,2.766,PI_20260610234353386.pdf;PI_20260611000823490.pdf
41,Male,Non-Smoker,60,15,10,1000,interpolated,40;45,,74.64,7464.0,,111960.0,0.277844,0.58011,277.84,580.11,1277.84,1580.11,153341.0,189613.0,1.808,3.058,PI_20260610234336514.pdf;PI_20260611000810114.pdf
41,Male,Non-Smoker,60,15,15,1000,interpolated,40;45,,108.062,10806.2,,162093.0,0.35055,0.715328,350.55,715.33,1350.55,1715.33,243099.0,308758.4,2.056,3.306,PI_20260610234319409.pdf;PI_20260611000746289.pdf
41,Male,Non-Smoker,60,15,20,1000,interpolated,40;45,,142.296,14229.6,,213444.0,0.41321,0.84201,413.21,842.01,1413.21,1842.01,339170.0,442082.0,2.112,3.362,PI_20260610234200464.pdf;PI_20260611000730113.pdf;PI_20260611001200767.pdf
41,Male,Non-Smoker,60,15,lifetime,1000,interpolated,40;45,,278.13,27813.0,,417195.0,0.65621,1.372896,656.21,1372.9,1656.21,2372.9,,,,,PI_20260610234143902.pdf;PI_20260611000703967.pdf;PI_20260611001217077.pdf
41,Male,Non-Smoker,65,single,10,1000,interpolated,40;45,,1009.902,,100990.2,100990.2,0.727614,1.45153,727.61,1451.53,1727.61,2451.53,207313.2,294183.0,2.506,3.756,PI_20260611002745617.pdf;PI_20260611002233997.pdf
41,Male,Non-Smoker,65,single,15,1000,interpolated,40;45,,1490.402,,149040.2,149040.2,0.840632,1.67976,840.63,1679.76,1840.63,2679.76,331313.6,482356.0,2.574,3.824,PI_20260611002732155.pdf;PI_20260611002221799.pdf
41,Male,Non-Smoker,65,single,20,1000,interpolated,40;45,,1956.826,,195682.6,195682.6,0.923682,1.878366,923.68,1878.37,1923.68,2878.37,461683.6,690807.8,2.58,3.83,PI_20260611002721437.pdf;PI_20260611002209718.pdf
41,Male,Non-Smoker,65,single,lifetime,1000,interpolated,40;45,,3496.654,,349665.4,349665.4,1.319478,2.712944,1319.48,2712.94,2319.48,3712.94,,,,,PI_20260611002703129.pdf;PI_20260611002157186.pdf
41,Male,Non-Smoker,65,5,10,1000,interpolated,40;45,,193.87,19387.0,,96935.0,0.57746,1.184594,577.46,1184.59,1577.46,2184.59,189295.0,262151.0,2.506,3.756,PI_20260610232957588.pdf;PI_20260610235358883.pdf
41,Male,Non-Smoker,65,5,15,1000,interpolated,40;45,,280.466,28046.6,,140233.0,0.648828,1.347144,648.83,1347.14,1648.83,2347.14,296788.4,422485.2,2.574,3.824,PI_20260610233012578.pdf;PI_20260610235344016.pdf
41,Male,Non-Smoker,65,5,20,1000,interpolated,40;45,,365.634,36563.4,,182817.0,0.710828,1.494278,710.83,1494.28,1710.83,2494.28,410598.4,598626.4,2.58,3.83,PI_20260610233026759.pdf;PI_20260610235330765.pdf
41,Male,Non-Smoker,65,5,lifetime,1000,interpolated,40;45,,705.816,70581.6,,352908.0,1.212844,2.453014,1212.84,2453.01,2212.84,3453.01,,,,,PI_20260610233042604.pdf;PI_20260610235316695.pdf
41,Male,Non-Smoker,65,10,5,1000,interpolated,40;45,,54.90202,5490.2,,54902.02,0.45548,0.91096,455.48,910.96,1455.48,1910.96,87328.0,114657.0,2.1,3.35,PI_20260610233726034.pdf;PI_20260610235921002.pdf
41,Male,Non-Smoker,65,10,10,1000,interpolated,40;45,,99.23802,9923.8,,99238.02,0.48608,1.000378,486.08,1000.38,1486.08,2000.38,178329.0,240045.2,2.412,3.662,PI_20260610233711769.pdf;PI_20260610235908656.pdf
41,Male,Non-Smoker,65,10,15,1000,interpolated,40;45,,143.32202,14332.2,,143322.02,0.560496,1.157216,560.5,1157.22,1560.5,2157.22,280888.8,388298.8,2.518,3.768,PI_20260610233655245.pdf;PI_20260610235854568.pdf
41,Male,Non-Smoker,65,10,20,1000,interpolated,40;45,,186.9901,18699.01,,186990.1,0.638464,1.324478,638.46,1324.48,1638.46,2324.48,393231.2,557874.4,2.564,3.814,PI_20260610233640429.pdf;PI_20260610235810971.pdf
41,Male,Non-Smoker,65,10,lifetime,1000,interpolated,40;45,,357.17402,35717.4,,357174.02,1.088896,2.181544,1088.9,2181.54,2088.9,3181.54,,,,,PI_20260610233623014.pdf;PI_20260610235756677.pdf
41,Male,Non-Smoker,65,15,5,1000,interpolated,40;45,,36.952,3695.2,,55428.0,0.393428,0.778066,393.43,778.07,1393.43,1778.07,83605.2,106683.8,2.07,3.32,PI_20260610234411907.pdf;PI_20260611000839195.pdf;PI_20260611001358706.pdf
41,Male,Non-Smoker,65,15,10,1000,interpolated,40;45,,67.502,6750.2,,101253.0,0.39488,0.831578,394.88,831.58,1394.88,1831.58,167385.0,219789.2,2.278,3.528,PI_20260610234426141.pdf;PI_20260611000855645.pdf;PI_20260611001345779.pdf
41,Male,Non-Smoker,65,15,15,1000,interpolated,40;45,,98.528,9852.8,,147792.0,0.4612,0.970844,461.2,970.84,1461.2,1970.84,263016.0,354751.2,2.366,3.616,PI_20260610234442077.pdf;PI_20260611001330671.pdf
41,Male,Non-Smoker,65,15,20,1000,interpolated,40;45,,128.996,12899.6,,193494.0,0.522982,1.103514,522.98,1103.51,1522.98,2103.51,365515.6,504843.2,2.388,3.638,PI_20260610234457507.pdf;PI_20260611001317465.pdf
41,Male,Non-Smoker,65,15,lifetime,1000,interpolated,40;45,,241.192,24119.2,,361788.0,0.89365,1.815916,893.65,1815.92,1893.65,2815.92,,,,,PI_20260610234513588.pdf;PI_20260611001303577.pdf
41,Male,Non-Smoker,65,20,5,1000,interpolated,40;45,,27.996,2799.6,,55992.0,0.312266,0.632932,312.27,632.93,1312.27,1632.93,78735.8,97975.8,1.942,3.192,PI_20260610234948038.pdf;PI_20260611001551247.pdf
41,Male,Non-Smoker,65,20,10,1000,interpolated,40;45,,53.68602,5368.6,,107372.04,0.380178,0.76806,380.18,768.06,1380.18,1768.06,165621.2,212167.0,2.192,3.442,PI_20260610234932568.pdf;PI_20260611001615743.pdf
41,Male,Non-Smoker,65,20,15,1000,interpolated,40;45,,79.372,7937.2,,158744.0,0.43891,0.893766,438.91,893.77,1438.91,1893.77,259003.0,340877.8,2.212,3.462,PI_20260610234916293.pdf;PI_20260611001629971.pdf
41,Male,Non-Smoker,65,20,20,1000,interpolated,40;45,,104.274,10427.4,,208548.0,0.504044,1.02926,504.04,1029.26,1504.04,2029.26,360970.2,487022.0,2.242,3.492,PI_20260610234902526.pdf;PI_20260611001643667.pdf
41,Male,Non-Smoker,65,20,lifetime,1000,interpolated,40;45,,183.002,18300.2,,366004.0,0.739844,1.52558,739.84,1525.58,1739.84,2525.58,,,,,PI_20260610234845576.pdf;PI_20260611001700520.pdf
41,Male,Non-Smoker,70,single,10,1000,interpolated,40;45,,967.78,,96778.0,96778.0,0.927046,1.906964,927.05,1906.96,1927.05,2906.96,231245.0,348835.2,2.59,3.84,PI_20260611002759246.pdf;PI_20260611002246017.pdf
41,Male,Non-Smoker,70,single,15,1000,interpolated,40;45,,1428.288,,142828.8,142828.8,1.030194,2.142096,1030.19,2142.1,2030.19,3142.1,365434.2,565576.8,2.614,3.864,PI_20260611002810349.pdf;PI_20260611002257162.pdf
41,Male,Non-Smoker,70,single,20,1000,interpolated,40;45,,1869.816,,186981.6,186981.6,1.11495,2.35505,1114.95,2355.05,2114.95,3355.05,507588.0,805212.0,2.616,3.866,PI_20260611002822242.pdf;PI_20260611002346458.pdf
41,Male,Non-Smoker,70,single,lifetime,1000,interpolated,40;45,,2971.532,,297153.2,297153.2,1.50203,3.1698,1502.03,3169.8,2502.03,4169.8,,,,,PI_20260611002836283.pdf;PI_20260611002359260.pdf
41,Male,Non-Smoker,70,5,10,1000,interpolated,40;45,,182.316,18231.6,,91158.0,0.724132,1.536246,724.13,1536.25,1724.13,2536.25,206895.8,304349.0,2.584,3.834,PI_20260610233143210.pdf;PI_20260610235415629.pdf
41,Male,Non-Smoker,70,5,15,1000,interpolated,40;45,,265.602,26560.2,,132801.0,0.79243,1.710044,792.43,1710.04,1792.43,2710.04,322637.0,487807.2,2.614,3.864,PI_20260610233128096.pdf;PI_20260610235429666.pdf
41,Male,Non-Smoker,70,5,20,1000,interpolated,40;45,,344.516,34451.6,,172258.0,0.853232,1.872216,853.23,1872.22,1853.23,2872.22,444775.6,689331.8,2.616,3.866,PI_20260610233113456.pdf;PI_20260610235443554.pdf
41,Male,Non-Smoker,70,5,lifetime,1000,interpolated,40;45,,599.494,59949.4,,299747.0,1.3935,2.896982,1393.5,2896.98,2393.5,3896.98,,,,,PI_20260610233100050.pdf;PI_20260610235457853.pdf
41,Male,Non-Smoker,70,10,5,1000,interpolated,40;45,,53.80408,5380.41,,53804.08,0.68366,1.35078,683.66,1350.78,1683.66,2350.78,101019.0,141046.0,2.336,3.586,PI_20260610233742614.pdf;PI_20260610235936106.pdf
41,Male,Non-Smoker,70,10,10,1000,interpolated,40;45,,93.19608,9319.61,,93196.08,0.609096,1.30565,609.1,1305.65,1609.1,2305.65,193091.0,276678.0,2.49,3.74,PI_20260610233757093.pdf;PI_20260610235949600.pdf
41,Male,Non-Smoker,70,10,15,1000,interpolated,40;45,,135.76008,13576.01,,135760.08,0.70846,1.51045,708.46,1510.45,1708.46,2510.45,307522.0,451881.0,2.588,3.838,PI_20260610233811472.pdf;PI_20260611000003719.pdf
41,Male,Non-Smoker,70,10,20,1000,interpolated,40;45,,176.04808,17604.81,,176048.08,0.76713,1.661746,767.13,1661.75,1767.13,2661.75,424111.0,638818.8,2.596,3.846,PI_20260610233915893.pdf;PI_20260611000023179.pdf
41,Male,Non-Smoker,70,10,lifetime,1000,interpolated,40;45,,303.528,30352.8,,303528.0,1.261194,2.582714,1261.19,2582.71,2261.19,3582.71,,,,,PI_20260610233951518.pdf;PI_20260611000039412.pdf
41,Male,Non-Smoker,70,15,5,1000,interpolated,40;45,,36.208,3620.8,,54312.0,0.602144,1.177078,602.14,1177.08,1602.14,2177.08,96128.0,130624.2,2.312,3.562,PI_20260610234639073.pdf;PI_20260611001414414.pdf
41,Male,Non-Smoker,70,15,10,1000,interpolated,40;45,,63.382,6338.2,,95073.0,0.523378,1.125296,523.38,1125.3,1523.38,2125.3,182805.2,255035.0,2.42,3.67,PI_20260610234622503.pdf;PI_20260611001427450.pdf
41,Male,Non-Smoker,70,15,15,1000,interpolated,40;45,,92.566,9256.6,,138849.0,0.5787,1.257382,578.7,1257.38,1578.7,2257.38,284166.0,406328.6,2.44,3.69,PI_20260610234604354.pdf;PI_20260611001448485.pdf
41,Male,Non-Smoker,70,15,20,1000,interpolated,40;45,,120.55,12055.0,,180825.0,0.645332,1.41505,645.33,1415.05,1645.33,2415.05,394879.6,579612.0,2.474,3.724,PI_20260610234548480.pdf;PI_20260611001503783.pdf
41,Male,Non-Smoker,70,15,lifetime,1000,interpolated,40;45,,204.84,20484.0,,307260.0,1.061466,2.18985,1061.47,2189.85,2061.47,3189.85,,,,,PI_20260610234533727.pdf;PI_20260611001521266.pdf
41,Male,Non-Smoker,70,20,5,1000,interpolated,40;45,,27.43,2743.0,,54860.0,0.493694,0.977644,493.69,977.64,1493.69,1977.64,89621.0,118658.0,2.192,3.442,PI_20260610235003364.pdf;RRP missing/PI_20260611005639488.pdf;PI_20260611001722547.pdf
41,Male,Non-Smoker,70,20,10,1000,interpolated,40;45,,51.642,5164.2,,103284.0,0.548964,1.107746,548.96,1107.75,1548.96,2107.75,185875.2,252929.0,2.378,3.628,RRP missing/PI_20260611005652260.pdf;PI_20260611001736237.pdf
41,Male,Non-Smoker,70,20,15,1000,interpolated,40;45,,76.33608,7633.61,,152672.16,0.616494,1.25971,616.49,1259.71,1616.49,2259.71,290968.2,406747.0,2.384,3.634,RRP missing/PI_20260611005705183.pdf;PI_20260611001749984.pdf
41,Male,Non-Smoker,70,20,20,1000,interpolated,40;45,,99.93608,9993.61,,199872.16,0.689166,1.41508,689.17,1415.08,1689.17,2415.08,405399.8,579619.0,2.408,3.658,RRP missing/PI_20260611005719222.pdf;PI_20260611001810299.pdf
41,Male,Non-Smoker,70,20,lifetime,1000,interpolated,40;45,,155.75,15575.0,,311500.0,0.931482,1.918466,931.48,1918.47,1931.48,2918.47,,,,,RRP missing/PI_20260611005734318.pdf;PI_20260611001824907.pdf
42,Male,Non-Smoker,50,single,10,1000,interpolated,40;45,,1138.386,,113838.6,113838.6,0.128214,0.32405,128.21,324.05,1128.21,1324.05,135385.6,158886.0,1.252,2.502,PI_20260611002424891.pdf;PI_20260611001849014.pdf
42,Male,Non-Smoker,50,single,15,1000,interpolated,40;45,,1690.638,,169063.8,169063.8,0.18061,0.425062,180.61,425.06,1180.61,1425.06,212509.0,256510.6,1.426,2.676,PI_20260611002440436.pdf;PI_20260611001900918.pdf
42,Male,Non-Smoker,50,single,20,1000,interpolated,40;45,,2231.574,,223157.4,223157.4,0.24395,0.54096,243.95,540.96,1243.95,1540.96,298548.0,369830.0,1.582,2.832,PI_20260611002451629.pdf;PI_20260611001912358.pdf
42,Male,Non-Smoker,50,single,lifetime,1000,interpolated,40;45,,5177.90404,,517790.4,517790.4,0.462264,1.082628,462.26,1082.63,1462.26,2082.63,,,,,PI_20260611002504519.pdf;PI_20260611001924643.pdf
42,Male,Non-Smoker,50,5,10,1000,extrapolated_proxy_slope,40,"[{""gender"": ""Male"", ""smoker_status"": ""Non-Smoker"", ""target_retirement_age"": 55, ""premium_payment_term"": 5, ""income_payout_period"": 10}, {""gender"": ""Male"", ""smoker_status"": ""Non-Smoker"", ""target_retirement_age"": 55, ""premium_payment_term"": 5, ""income_payout_period"": 10}, {""gender"": ""Male"", ""smoker_status"": ""Non-Smoker"", ""target_retirement_age"": 55, ""premium_payment_term"": 5, ""income_payout_period"": 10}, {""gender"": ""Male"", ""smoker_status"": ""Non-Smoker"", ""target_retirement_age"": 55, ""premium_payment_term"": 5, ""income_payout_period"": 10}, {""gender"": ""Male"", ""smoker_status"": ""Non-Smoker"", ""target_retirement_age"": 55, ""premium_payment_term"": 5, ""income_payout_period"": 10}, {""gender"": ""Male"", ""smoker_status"": ""Non-Smoker"", ""target_retirement_age"": 55, ""premium_payment_term"": 5, ""income_payout_period"": 10}, {""gender"": ""Male"", ""smoker_status"": ""Non-Smoker"", ""target_retirement_age"": 55, ""premium_payment_term"": 5, ""income_payout_period"": 10}]",229.562,22956.2,,114781.0,0.019718,0.15795,19.72,157.95,1019.72,1157.95,122366.0,138954.0,0.858,2.108,PI_20260610232648465.pdf
42,Male,Non-Smoker,50,5,15,1000,extrapolated_proxy_slope,40,"[{""gender"": ""Male"", ""smoker_status"": ""Non-Smoker"", ""target_retirement_age"": 55, ""premium_payment_term"": 5, ""income_payout_period"": 15}, {""gender"": ""Male"", ""smoker_status"": ""Non-Smoker"", ""target_retirement_age"": 55, ""premium_payment_term"": 5, ""income_payout_period"": 15}, {""gender"": ""Male"", ""smoker_status"": ""Non-Smoker"", ""target_retirement_age"": 55, ""premium_payment_term"": 5, ""income_payout_period"": 15}, {""gender"": ""Male"", ""smoker_status"": ""Non-Smoker"", ""target_retirement_age"": 55, ""premium_payment_term"": 5, ""income_payout_period"": 15}, {""gender"": ""Male"", ""smoker_status"": ""Non-Smoker"", ""target_retirement_age"": 55, ""premium_payment_term"": 5, ""income_payout_period"": 15}, {""gender"": ""Male"", ""smoker_status"": ""Non-Smoker"", ""target_retirement_age"": 55, ""premium_payment_term"": 5, ""income_payout_period"": 15}, {""gender"": ""Male"", ""smoker_status"": ""Non-Smoker"", ""target_retirement_age"": 55, ""premium_payment_term"": 5, ""income_payout_period"": 15}]",340.952,34095.2,,170476.0,0.06486,0.24106,64.86,241.06,1064.86,1241.06,191674.0,223390.0,1.096,2.346,PI_20260610232632950.pdf
42,Male,Non-Smoker,50,5,20,1000,extrapolated_proxy_slope,40,"[{""gender"": ""Male"", ""smoker_status"": ""Non-Smoker"", ""target_retirement_age"": 55, ""premium_payment_term"": 5, ""income_payout_period"": 20}, {""gender"": ""Male"", ""smoker_status"": ""Non-Smoker"", ""target_retirement_age"": 55, ""premium_payment_term"": 5, ""income_payout_period"": 20}, {""gender"": ""Male"", ""smoker_status"": ""Non-Smoker"", ""target_retirement_age"": 55, ""premium_payment_term"": 5, ""income_payout_period"": 20}, {""gender"": ""Male"", ""smoker_status"": ""Non-Smoker"", ""target_retirement_age"": 55, ""premium_payment_term"": 5, ""income_payout_period"": 20}, {""gender"": ""Male"", ""smoker_status"": ""Non-Smoker"", ""target_retirement_age"": 55, ""premium_payment_term"": 5, ""income_payout_period"": 20}, {""gender"": ""Male"", ""smoker_status"": ""Non-Smoker"", ""target_retirement_age"": 55, ""premium_payment_term"": 5, ""income_payout_period"": 20}, {""gender"": ""Male"", ""smoker_status"": ""Non-Smoker"", ""target_retirement_age"": 55, ""premium_payment_term"": 5, ""income_payout_period"": 20}]",456.47,45647.0,,228235.0,0.138214,0.36656,138.21,366.56,1138.21,1366.56,273171.2,327974.0,1.282,2.532,PI_20260610232612170.pdf
42,Male,Non-Smoker,50,5,lifetime,1000,extrapolated_proxy_slope,40,"[{""gender"": ""Male"", ""smoker_status"": ""Non-Smoker"", ""target_retirement_age"": 55, ""premium_payment_term"": 5, ""income_payout_period"": ""lifetime""}, {""gender"": ""Male"", ""smoker_status"": ""Non-Smoker"", ""target_retirement_age"": 55, ""premium_payment_term"": 5, ""income_payout_period"": ""lifetime""}, {""gender"": ""Male"", ""smoker_status"": ""Non-Smoker"", ""target_retirement_age"": 55, ""premium_payment_term"": 5, ""income_payout_period"": ""lifetime""}, {""gender"": ""Male"", ""smoker_status"": ""Non-Smoker"", ""target_retirement_age"": 55, ""premium_payment_term"": 5, ""income_payout_period"": ""lifetime""}, {""gender"": ""Male"", ""smoker_status"": ""Non-Smoker"", ""target_retirement_age"": 55, ""premium_payment_term"": 5, ""income_payout_period"": ""lifetime""}, {""gender"": ""Male"", ""smoker_status"": ""Non-Smoker"", ""target_retirement_age"": 55, ""premium_payment_term"": 5, ""income_payout_period"": ""lifetime""}, {""gender"": ""Male"", ""smoker_status"": ""Non-Smoker"", ""target_retirement_age"": 55, ""premium_payment_term"": 5, ""income_payout_period"": ""lifetime""}]",1045.944,104594.4,,522972.0,0.28383,0.776598,283.83,776.6,1283.83,1776.6,,,,,PI_20260610232704463.pdf
42,Male,Non-Smoker,55,single,10,1000,interpolated,40;45,,1115.664,,111566.4,111566.4,0.301028,0.620478,301.03,620.48,1301.03,1620.48,156123.0,194457.0,1.836,3.086,PI_20260611002552100.pdf;PI_20260611002047138.pdf
42,Male,Non-Smoker,55,single,15,1000,interpolated,40;45,,1657.346,,165734.6,165734.6,0.374164,0.758596,374.16,758.6,1374.16,1758.6,247349.2,316546.8,1.942,3.192,PI_20260611002541387.pdf;PI_20260611002032772.pdf
42,Male,Non-Smoker,55,single,20,1000,interpolated,40;45,,2156.402,,215640.2,215640.2,0.435962,0.886196,435.96,886.2,1435.96,1886.2,344630.6,452686.8,2.06,3.31,PI_20260611002530509.pdf;PI_20260611002020560.pdf
42,Male,Non-Smoker,55,single,lifetime,1000,interpolated,40;45,,4606.55,,460655.0,460655.0,0.7327,1.542212,732.7,1542.21,1732.7,2542.21,,,,,PI_20260611002519276.pdf;PI_20260611002007234.pdf
42,Male,Non-Smoker,55,5,10,1000,interpolated,40;45,,224.972,22497.2,,112486.0,0.231128,0.49978,231.13,499.78,1231.13,1499.78,147735.0,179973.0,1.638,2.888,PI_20260610232823308.pdf;PI_20260610235108912.pdf
42,Male,Non-Smoker,55,5,15,1000,interpolated,40;45,,333.932,33393.2,,166966.0,0.30595,0.63515,305.95,635.15,1305.95,1635.15,235071.0,294327.0,1.806,3.056,PI_20260610232807393.pdf;PI_20260610235128612.pdf
42,Male,Non-Smoker,55,5,20,1000,interpolated,40;45,,431.0,43100.0,,215500.0,0.341964,0.72073,341.96,720.73,1341.96,1720.73,322071.2,412975.0,1.902,3.152,PI_20260610232751428.pdf;PI_20260610235142517.pdf
42,Male,Non-Smoker,55,5,lifetime,1000,interpolated,40;45,,930.694,93069.4,,465347.0,0.63841,1.357598,638.41,1357.6,1638.41,2357.6,,,,,PI_20260610232724610.pdf;PI_20260610235158142.pdf
42,Male,Non-Smoker,55,10,5,1000,interpolated,40;45,,57.3821,5738.21,,57382.1,0.07901,0.23705,79.01,237.05,1079.01,1237.05,64740.0,74223.0,0.97,2.184,PI_20260610233454841.pdf;PI_20260610235518591.pdf
42,Male,Non-Smoker,55,10,10,1000,interpolated,40;45,,113.628,11362.8,,113628.0,0.16361,0.37653,163.61,376.53,1163.61,1376.53,139633.0,165183.0,1.43,2.68,PI_20260610233440842.pdf;PI_20260610235535999.pdf
42,Male,Non-Smoker,55,10,15,1000,interpolated,40;45,,168.712,16871.2,,168712.0,0.240764,0.50903,240.76,509.03,1240.76,1509.03,223337.2,271625.0,1.682,2.932,PI_20260610233354388.pdf;PI_20260610235549271.pdf
42,Male,Non-Smoker,55,10,20,1000,interpolated,40;45,,218.12804,21812.8,,218128.04,0.267598,0.5823,267.6,582.3,1267.6,1582.3,304223.4,379752.0,1.758,3.008,PI_20260610233340499.pdf;PI_20260610235604533.pdf
42,Male,Non-Smoker,55,10,lifetime,1000,interpolated,40;45,,471.48,47148.0,,471480.0,0.4845,1.088982,484.5,1088.98,1484.5,2088.98,,,,,PI_20260610233326005.pdf;PI_20260610235621805.pdf
42,Male,Non-Smoker,60,single,10,1000,interpolated,40;45,,1081.83806,,108183.81,108183.81,0.49488,0.975078,494.88,975.08,1494.88,1975.08,179385.0,237009.0,2.196,3.446,PI_20260611002606265.pdf;PI_20260611002102372.pdf
42,Male,Non-Smoker,60,single,15,1000,interpolated,40;45,,1605.644,,160564.4,160564.4,0.595982,1.168012,595.98,1168.01,1595.98,2168.01,287276.6,390241.6,2.296,3.546,PI_20260611002620428.pdf;PI_20260611002114684.pdf
42,Male,Non-Smoker,60,single,20,1000,interpolated,40;45,,2080.29,,208029.0,208029.0,0.650714,1.30053,650.71,1300.53,1650.71,2300.53,396171.2,552127.0,2.334,3.584,PI_20260611002632784.pdf;PI_20260611002125428.pdf
42,Male,Non-Smoker,60,single,lifetime,1000,interpolated,40;45,,4052.83204,,405283.2,405283.2,0.97088,2.004964,970.88,2004.96,1970.88,3004.96,,,,,PI_20260611002646256.pdf;PI_20260611002141455.pdf
42,Male,Non-Smoker,60,5,10,1000,interpolated,40;45,,217.552,21755.2,,108776.0,0.431714,0.850628,431.71,850.63,1431.71,1850.63,171805.6,222075.0,2.168,3.418,PI_20260610232848089.pdf;PI_20260610235214427.pdf
42,Male,Non-Smoker,60,5,15,1000,interpolated,40;45,,306.166,30616.6,,153083.0,0.449178,0.920646,449.18,920.65,1449.18,1920.65,260851.4,345715.8,2.296,3.546,PI_20260610232907656.pdf;PI_20260610235229251.pdf
42,Male,Non-Smoker,60,5,20,1000,interpolated,40;45,,395.592,39559.2,,197796.0,0.493828,1.029464,493.83,1029.46,1493.83,2029.46,358518.4,487071.2,2.33,3.58,PI_20260610232921970.pdf;PI_20260610235242161.pdf
42,Male,Non-Smoker,60,5,lifetime,1000,interpolated,40;45,,818.61,81861.0,,409305.0,0.900282,1.83085,900.28,1830.85,1900.28,2830.85,,,,,PI_20260610232937082.pdf;PI_20260610235259303.pdf
42,Male,Non-Smoker,60,10,5,1000,interpolated,40;45,,56.224,5622.4,,56224.0,0.23138,0.504548,231.38,504.55,1231.38,1504.55,73882.0,90272.4,1.656,2.906,PI_20260610233509661.pdf;PI_20260610235640379.pdf
42,Male,Non-Smoker,60,10,10,1000,interpolated,40;45,,111.2901,11129.01,,111290.1,0.36563,0.716812,365.63,716.81,1365.63,1716.81,163875.0,206017.0,2.058,3.308,PI_20260610233525371.pdf;PI_20260610235655908.pdf
42,Male,Non-Smoker,60,10,15,1000,interpolated,40;45,,156.3021,15630.21,,156302.1,0.387098,0.786782,387.1,786.78,1387.1,1786.78,249677.4,321620.6,2.242,3.492,PI_20260610233539267.pdf;PI_20260610235710040.pdf
42,Male,Non-Smoker,60,10,20,1000,interpolated,40;45,,202.2301,20223.01,,202230.1,0.434348,0.894832,434.35,894.83,1434.35,1894.83,344243.4,454759.6,2.292,3.542,PI_20260610233553543.pdf;PI_20260610235724523.pdf
42,Male,Non-Smoker,60,10,lifetime,1000,interpolated,40;45,,414.50804,41450.8,,414508.04,0.791948,1.599798,791.95,1599.8,1791.95,2599.8,,,,,PI_20260610233607427.pdf;PI_20260610235740981.pdf
42,Male,Non-Smoker,60,15,5,1000,interpolated,40;45,,37.868,3786.8,,56802.0,0.15265,0.368146,152.65,368.15,1152.65,1368.15,69159.0,82088.4,1.338,2.582,PI_20260610234353386.pdf;PI_20260611000823490.pdf
42,Male,Non-Smoker,60,15,10,1000,interpolated,40;45,,74.95,7495.0,,112425.0,0.240028,0.51656,240.03,516.56,1240.03,1516.56,148803.0,181987.0,1.686,2.936,PI_20260610234336514.pdf;PI_20260611000810114.pdf
42,Male,Non-Smoker,60,15,15,1000,interpolated,40;45,,109.204,10920.4,,163806.0,0.3116,0.647746,311.6,647.75,1311.6,1647.75,236088.0,296593.8,1.932,3.182,PI_20260610234319409.pdf;PI_20260611000746289.pdf
42,Male,Non-Smoker,60,15,20,1000,interpolated,40;45,,143.922,14392.2,,215883.0,0.37551,0.77336,375.51,773.36,1375.51,1773.36,330122.0,425606.0,2.014,3.264,PI_20260610234200464.pdf;PI_20260611000730113.pdf;PI_20260611001200767.pdf
42,Male,Non-Smoker,60,15,lifetime,1000,interpolated,40;45,,279.62,27962.0,,419430.0,0.59101,1.258212,591.01,1258.21,1591.01,2258.21,,,,,PI_20260610234143902.pdf;PI_20260611000703967.pdf;PI_20260611001217077.pdf
42,Male,Non-Smoker,65,single,10,1000,interpolated,40;45,,1024.004,,102400.4,102400.4,0.690648,1.37298,690.65,1372.98,1690.65,2372.98,202877.4,284757.0,2.462,3.712,PI_20260611002745617.pdf;PI_20260611002233997.pdf
42,Male,Non-Smoker,65,single,15,1000,interpolated,40;45,,1512.404,,151240.4,151240.4,0.803264,1.59711,803.26,1597.11,1803.26,2597.11,324587.2,467479.0,2.538,3.788,PI_20260611002732155.pdf;PI_20260611002221799.pdf
42,Male,Non-Smoker,65,single,20,1000,interpolated,40;45,,1981.922,,198192.2,198192.2,0.883364,1.786232,883.36,1786.23,1883.36,2786.23,452007.2,668695.6,2.55,3.8,PI_20260611002721437.pdf;PI_20260611002209718.pdf
42,Male,Non-Smoker,65,single,lifetime,1000,interpolated,40;45,,3513.048,,351304.8,351304.8,1.249546,2.561478,1249.55,2561.48,2249.55,3561.48,,,,,PI_20260611002703129.pdf;PI_20260611002157186.pdf
42,Male,Non-Smoker,65,5,10,1000,interpolated,40;45,,198.86,19886.0,,99430.0,0.56151,1.138278,561.51,1138.28,1561.51,2138.28,187381.0,256593.0,2.462,3.712,PI_20260610232957588.pdf;PI_20260610235358883.pdf
42,Male,Non-Smoker,65,5,15,1000,interpolated,40;45,,282.822,28282.2,,141411.0,0.606746,1.262628,606.75,1262.63,1606.75,2262.63,289213.8,407272.4,2.538,3.788,PI_20260610233012578.pdf;PI_20260610235344016.pdf
42,Male,Non-Smoker,65,5,20,1000,interpolated,40;45,,368.768,36876.8,,184384.0,0.669246,1.407146,669.25,1407.15,1669.25,2407.15,400618.8,577714.8,2.55,3.8,PI_20260610233026759.pdf;PI_20260610235330765.pdf
42,Male,Non-Smoker,65,5,lifetime,1000,interpolated,40;45,,709.362,70936.2,,354681.0,1.134528,2.297448,1134.53,2297.45,2134.53,3297.45,,,,,PI_20260610233042604.pdf;PI_20260610235316695.pdf
42,Male,Non-Smoker,65,10,5,1000,interpolated,40;45,,55.12404,5512.4,,55124.04,0.41638,0.83876,416.38,838.76,1416.38,1838.76,84982.0,110325.0,2.04,3.29,PI_20260610233726034.pdf;PI_20260610235921002.pdf
42,Male,Non-Smoker,65,10,10,1000,interpolated,40;45,,102.01604,10201.6,,102016.04,0.47858,0.967346,478.58,967.35,1478.58,1967.35,177429.0,236081.4,2.374,3.624,PI_20260610233711769.pdf;PI_20260610235908656.pdf
42,Male,Non-Smoker,65,10,15,1000,interpolated,40;45,,144.78404,14478.4,,144784.04,0.526912,1.087682,526.91,1087.68,1526.91,2087.68,274843.6,375782.6,2.486,3.736,PI_20260610233655245.pdf;PI_20260610235854568.pdf
42,Male,Non-Smoker,65,10,20,1000,interpolated,40;45,,188.9101,18891.01,,188910.1,0.603598,1.249296,603.6,1249.3,1603.6,2249.3,384863.4,539830.8,2.538,3.788,PI_20260610233640429.pdf;PI_20260610235810971.pdf
42,Male,Non-Smoker,65,10,lifetime,1000,interpolated,40;45,,359.08804,35908.8,,359088.04,1.019462,2.044428,1019.46,2044.43,2019.46,3044.43,,,,,PI_20260610233623014.pdf;PI_20260610235756677.pdf
42,Male,Non-Smoker,65,15,5,1000,interpolated,40;45,,37.104,3710.4,,55656.0,0.351696,0.705632,351.7,705.63,1351.7,1705.63,81101.4,102337.6,1.98,3.23,PI_20260610234411907.pdf;PI_20260611000839195.pdf;PI_20260611001358706.pdf
42,Male,Non-Smoker,65,15,10,1000,interpolated,40;45,,69.224,6922.4,,103836.0,0.37643,0.786746,376.43,786.75,1376.43,1786.75,165171.0,214409.4,2.196,3.446,PI_20260610234426141.pdf;PI_20260611000855645.pdf;PI_20260611001345779.pdf
42,Male,Non-Smoker,65,15,15,1000,interpolated,40;45,,100.616,10061.6,,150924.0,0.4439,0.924278,443.9,924.28,1443.9,1924.28,259902.0,346369.4,2.322,3.572,PI_20260610234442077.pdf;PI_20260611001330671.pdf
42,Male,Non-Smoker,65,15,20,1000,interpolated,40;45,,131.912,13191.2,,197868.0,0.506214,1.056448,506.21,1056.45,1506.21,2056.45,361491.2,493547.4,2.346,3.596,PI_20260610234457507.pdf;PI_20260611001317465.pdf
42,Male,Non-Smoker,65,15,lifetime,1000,interpolated,40;45,,242.404,24240.4,,363606.0,0.83805,1.702582,838.05,1702.58,1838.05,2702.58,,,,,PI_20260610234513588.pdf;PI_20260611001303577.pdf
42,Male,Non-Smoker,65,20,5,1000,interpolated,40;45,,28.112,2811.2,,56224.0,0.272282,0.565114,272.28,565.11,1272.28,1565.11,76336.6,93906.6,1.824,3.074,PI_20260610234948038.pdf;PI_20260611001551247.pdf
42,Male,Non-Smoker,65,20,10,1000,interpolated,40;45,,54.35204,5435.2,,108704.08,0.352446,0.71221,352.45,712.21,1352.45,1712.21,162293.4,205465.0,2.124,3.374,PI_20260610234932568.pdf;PI_20260611001615743.pdf
42,Male,Non-Smoker,65,20,15,1000,interpolated,40;45,,80.454,8045.4,,160908.0,0.40916,0.833532,409.16,833.53,1409.16,1833.53,253648.0,330035.6,2.144,3.394,PI_20260610234916293.pdf;PI_20260611001629971.pdf
42,Male,Non-Smoker,65,20,20,1000,interpolated,40;45,,105.828,10582.8,,211656.0,0.471928,0.96361,471.93,963.61,1471.93,1963.61,353262.4,471266.0,2.174,3.424,PI_20260610234902526.pdf;PI_20260611001643667.pdf
42,Male,Non-Smoker,65,20,lifetime,1000,interpolated,40;45,,183.984,18398.4,,367968.0,0.680528,1.41483,680.53,1414.83,1680.53,2414.83,,,,,PI_20260610234845576.pdf;PI_20260611001700520.pdf
42,Male,Non-Smoker,70,single,10,1000,interpolated,40;45,,974.6,,97460.0,97460.0,0.880762,1.805848,880.76,1805.85,1880.76,2805.85,225691.0,336701.4,2.57,3.82,PI_20260611002759246.pdf;PI_20260611002246017.pdf
42,Male,Non-Smoker,70,single,15,1000,interpolated,40;45,,1438.836,,143883.6,143883.6,0.989478,2.045362,989.48,2045.36,1989.48,3045.36,358105.4,548164.6,2.608,3.858,PI_20260611002810349.pdf;PI_20260611002257162.pdf
42,Male,Non-Smoker,70,single,20,1000,interpolated,40;45,,1884.892,,188489.2,188489.2,1.0754,2.25485,1075.4,2254.85,2075.4,3254.85,498096.0,781164.0,2.612,3.862,PI_20260611002822242.pdf;PI_20260611002346458.pdf
42,Male,Non-Smoker,70,single,lifetime,1000,interpolated,40;45,,2985.464,,298546.4,298546.4,1.44648,3.0301,1446.48,3030.1,2446.48,4030.1,,,,,PI_20260611002836283.pdf;PI_20260611002359260.pdf
42,Male,Non-Smoker,70,5,10,1000,interpolated,40;45,,183.972,18397.2,,91986.0,0.684014,1.450662,684.01,1450.66,1684.01,2450.66,202081.6,294079.0,2.558,3.808,PI_20260610233143210.pdf;PI_20260610235415629.pdf
42,Male,Non-Smoker,70,5,15,1000,interpolated,40;45,,268.644,26864.4,,134322.0,0.76403,1.635678,764.03,1635.68,1764.03,2635.68,317525.0,474421.4,2.608,3.858,PI_20260610233128096.pdf;PI_20260610235429666.pdf
42,Male,Non-Smoker,70,5,20,1000,interpolated,40;45,,349.112,34911.2,,174556.0,0.827214,1.798682,827.21,1798.68,1827.21,2798.68,438531.2,671683.6,2.612,3.862,PI_20260610233113456.pdf;PI_20260610235443554.pdf
42,Male,Non-Smoker,70,5,lifetime,1000,interpolated,40;45,,602.708,60270.8,,301354.0,1.343,2.769464,1343.0,2769.46,2343.0,3769.46,,,,,PI_20260610233100050.pdf;PI_20260610235457853.pdf
42,Male,Non-Smoker,70,10,5,1000,interpolated,40;45,,54.01806,5401.81,,54018.06,0.63616,1.25823,636.16,1258.23,1636.16,2258.23,98169.0,135493.0,2.292,3.542,PI_20260610233742614.pdf;PI_20260610235936106.pdf
42,Male,Non-Smoker,70,10,10,1000,interpolated,40;45,,94.04206,9404.21,,94042.06,0.580862,1.2388,580.86,1238.8,1580.86,2238.8,189703.0,268656.0,2.48,3.73,PI_20260610233757093.pdf;PI_20260610235949600.pdf
42,Male,Non-Smoker,70,10,15,1000,interpolated,40;45,,137.27006,13727.01,,137270.06,0.67801,1.43815,678.01,1438.15,1678.01,2438.15,302041.0,438867.0,2.576,3.826,PI_20260610233811472.pdf;PI_20260611000003719.pdf
42,Male,Non-Smoker,70,10,20,1000,interpolated,40;45,,178.30606,17830.61,,178306.06,0.74218,1.594412,742.18,1594.41,1742.18,2594.41,418123.0,622658.6,2.592,3.842,PI_20260610233915893.pdf;PI_20260611000023179.pdf
42,Male,Non-Smoker,70,10,lifetime,1000,interpolated,40;45,,305.156,30515.6,,305156.0,1.213478,2.466098,1213.48,2466.1,2213.48,3466.1,,,,,PI_20260610233951518.pdf;PI_20260611000039412.pdf
42,Male,Non-Smoker,70,15,5,1000,interpolated,40;45,,36.356,3635.6,,54534.0,0.551128,1.084496,551.13,1084.5,1551.13,2084.5,93067.0,125069.4,2.244,3.494,PI_20260610234639073.pdf;PI_20260611001414414.pdf
42,Male,Non-Smoker,70,15,10,1000,interpolated,40;45,,63.964,6396.4,,95946.0,0.487596,1.052012,487.6,1052.01,1487.6,2052.01,178511.4,246241.0,2.38,3.63,PI_20260610234622503.pdf;PI_20260611001427450.pdf
42,Male,Non-Smoker,70,15,15,1000,interpolated,40;45,,93.532,9353.2,,140298.0,0.5454,1.185514,545.4,1185.51,1545.4,2185.51,278172.0,393392.2,2.41,3.66,PI_20260610234604354.pdf;PI_20260611001448485.pdf
42,Male,Non-Smoker,70,15,20,1000,interpolated,40;45,,121.89,12189.0,,182835.0,0.616164,1.34635,616.16,1346.35,1616.16,2346.35,387879.2,563124.0,2.458,3.708,PI_20260610234548480.pdf;PI_20260611001503783.pdf
42,Male,Non-Smoker,70,15,lifetime,1000,interpolated,40;45,,205.87,20587.0,,308805.0,1.012682,2.07845,1012.68,2078.45,2012.68,3078.45,,,,,PI_20260610234533727.pdf;PI_20260611001521266.pdf
42,Male,Non-Smoker,70,20,5,1000,interpolated,40;45,,27.54,2754.0,,55080.0,0.449978,0.897628,449.98,897.63,1449.98,1897.63,86998.0,113857.0,2.124,3.374,PI_20260610235003364.pdf;RRP missing/PI_20260611005639488.pdf;PI_20260611001722547.pdf
42,Male,Non-Smoker,70,20,10,1000,interpolated,40;45,,51.974,5197.4,,103948.0,0.512598,1.035412,512.6,1035.41,1512.6,2035.41,181511.4,244249.0,2.346,3.596,RRP missing/PI_20260611005652260.pdf;PI_20260611001736237.pdf
42,Male,Non-Smoker,70,20,15,1000,interpolated,40;45,,76.82206,7682.21,,153644.12,0.579578,1.18351,579.58,1183.51,1579.58,2183.51,284323.4,393031.0,2.358,3.608,RRP missing/PI_20260611005705183.pdf;PI_20260611001749984.pdf
42,Male,Non-Smoker,70,20,20,1000,interpolated,40;45,,100.62206,10062.21,,201244.12,0.651582,1.33583,651.58,1335.83,1651.58,2335.83,396379.6,560599.0,2.386,3.636,RRP missing/PI_20260611005719222.pdf;PI_20260611001810299.pdf
42,Male,Non-Smoker,70,20,lifetime,1000,interpolated,40;45,,156.48,15648.0,,312960.0,0.883464,1.813182,883.46,1813.18,1883.46,2813.18,,,,,RRP missing/PI_20260611005734318.pdf;PI_20260611001824907.pdf
43,Male,Non-Smoker,50,single,10,1000,interpolated,40;45,,1143.114,,114311.4,114311.4,0.098696,0.27445,98.7,274.45,1098.7,1274.45,131843.4,152934.0,1.098,2.348,PI_20260611002424891.pdf;PI_20260611001849014.pdf
43,Male,Non-Smoker,50,single,15,1000,interpolated,40;45,,1697.522,,169752.2,169752.2,0.14721,0.368678,147.21,368.68,1147.21,1368.68,206497.0,246361.4,1.294,2.544,PI_20260611002440436.pdf;PI_20260611001900918.pdf
43,Male,Non-Smoker,50,single,20,1000,interpolated,40;45,,2240.776,,224077.6,224077.6,0.20305,0.47336,203.05,473.36,1203.05,1473.36,288732.0,353606.0,1.448,2.698,PI_20260611002451629.pdf;PI_20260611001912358.pdf
43,Male,Non-Smoker,50,single,lifetime,1000,interpolated,40;45,,5203.78606,,520378.61,520378.61,0.398396,0.974862,398.4,974.86,1398.4,1974.86,,,,,PI_20260611002504519.pdf;PI_20260611001924643.pdf
43,Male,Non-Smoker,50,5,10,1000,extrapolated_proxy_slope,40,"[{""gender"": ""Male"", ""smoker_status"": ""Non-Smoker"", ""target_retirement_age"": 55, ""premium_payment_term"": 5, ""income_payout_period"": 10}, {""gender"": ""Male"", ""smoker_status"": ""Non-Smoker"", ""target_retirement_age"": 55, ""premium_payment_term"": 5, ""income_payout_period"": 10}, {""gender"": ""Male"", ""smoker_status"": ""Non-Smoker"", ""target_retirement_age"": 55, ""premium_payment_term"": 5, ""income_payout_period"": 10}, {""gender"": ""Male"", ""smoker_status"": ""Non-Smoker"", ""target_retirement_age"": 55, ""premium_payment_term"": 5, ""income_payout_period"": 10}, {""gender"": ""Male"", ""smoker_status"": ""Non-Smoker"", ""target_retirement_age"": 55, ""premium_payment_term"": 5, ""income_payout_period"": 10}, {""gender"": ""Male"", ""smoker_status"": ""Non-Smoker"", ""target_retirement_age"": 55, ""premium_payment_term"": 5, ""income_payout_period"": 10}, {""gender"": ""Male"", ""smoker_status"": ""Non-Smoker"", ""target_retirement_age"": 55, ""premium_payment_term"": 5, ""income_payout_period"": 10}]",230.488,23048.8,,115244.0,-0.022548,0.08955,-22.55,89.55,977.45,1089.55,117294.0,130746.0,0.702,1.952,PI_20260610232648465.pdf
43,Male,Non-Smoker,50,5,15,1000,extrapolated_proxy_slope,40,"[{""gender"": ""Male"", ""smoker_status"": ""Non-Smoker"", ""target_retirement_age"": 55, ""premium_payment_term"": 5, ""income_payout_period"": 15}, {""gender"": ""Male"", ""smoker_status"": ""Non-Smoker"", ""target_retirement_age"": 55, ""premium_payment_term"": 5, ""income_payout_period"": 15}, {""gender"": ""Male"", ""smoker_status"": ""Non-Smoker"", ""target_retirement_age"": 55, ""premium_payment_term"": 5, ""income_payout_period"": 15}, {""gender"": ""Male"", ""smoker_status"": ""Non-Smoker"", ""target_retirement_age"": 55, ""premium_payment_term"": 5, ""income_payout_period"": 15}, {""gender"": ""Male"", ""smoker_status"": ""Non-Smoker"", ""target_retirement_age"": 55, ""premium_payment_term"": 5, ""income_payout_period"": 15}, {""gender"": ""Male"", ""smoker_status"": ""Non-Smoker"", ""target_retirement_age"": 55, ""premium_payment_term"": 5, ""income_payout_period"": 15}, {""gender"": ""Male"", ""smoker_status"": ""Non-Smoker"", ""target_retirement_age"": 55, ""premium_payment_term"": 5, ""income_payout_period"": 15}]",342.378,34237.8,,171189.0,0.01696,0.16251,16.96,162.51,1016.96,1162.51,183052.0,209251.0,0.954,2.204,PI_20260610232632950.pdf
43,Male,Non-Smoker,50,5,20,1000,extrapolated_proxy_slope,40,"[{""gender"": ""Male"", ""smoker_status"": ""Non-Smoker"", ""target_retirement_age"": 55, ""premium_payment_term"": 5, ""income_payout_period"": 20}, {""gender"": ""Male"", ""smoker_status"": ""Non-Smoker"", ""target_retirement_age"": 55, ""premium_payment_term"": 5, ""income_payout_period"": 20}, {""gender"": ""Male"", ""smoker_status"": ""Non-Smoker"", ""target_retirement_age"": 55, ""premium_payment_term"": 5, ""income_payout_period"": 20}, {""gender"": ""Male"", ""smoker_status"": ""Non-Smoker"", ""target_retirement_age"": 55, ""premium_payment_term"": 5, ""income_payout_period"": 20}, {""gender"": ""Male"", ""smoker_status"": ""Non-Smoker"", ""target_retirement_age"": 55, ""premium_payment_term"": 5, ""income_payout_period"": 20}, {""gender"": ""Male"", ""smoker_status"": ""Non-Smoker"", ""target_retirement_age"": 55, ""premium_payment_term"": 5, ""income_payout_period"": 20}, {""gender"": ""Male"", ""smoker_status"": ""Non-Smoker"", ""target_retirement_age"": 55, ""premium_payment_term"": 5, ""income_payout_period"": 20}]",461.64,46164.0,,230820.0,0.097446,0.29576,97.45,295.76,1097.45,1295.76,263386.8,310982.0,1.158,2.408,PI_20260610232612170.pdf
43,Male,Non-Smoker,50,5,lifetime,1000,extrapolated_proxy_slope,40,"[{""gender"": ""Male"", ""smoker_status"": ""Non-Smoker"", ""target_retirement_age"": 55, ""premium_payment_term"": 5, ""income_payout_period"": ""lifetime""}, {""gender"": ""Male"", ""smoker_status"": ""Non-Smoker"", ""target_retirement_age"": 55, ""premium_payment_term"": 5, ""income_payout_period"": ""lifetime""}, {""gender"": ""Male"", ""smoker_status"": ""Non-Smoker"", ""target_retirement_age"": 55, ""premium_payment_term"": 5, ""income_payout_period"": ""lifetime""}, {""gender"": ""Male"", ""smoker_status"": ""Non-Smoker"", ""target_retirement_age"": 55, ""premium_payment_term"": 5, ""income_payout_period"": ""lifetime""}, {""gender"": ""Male"", ""smoker_status"": ""Non-Smoker"", ""target_retirement_age"": 55, ""premium_payment_term"": 5, ""income_payout_period"": ""lifetime""}, {""gender"": ""Male"", ""smoker_status"": ""Non-Smoker"", ""target_retirement_age"": 55, ""premium_payment_term"": 5, ""income_payout_period"": ""lifetime""}, {""gender"": ""Male"", ""smoker_status"": ""Non-Smoker"", ""target_retirement_age"": 55, ""premium_payment_term"": 5, ""income_payout_period"": ""lifetime""}]",1050.906,105090.6,,525453.0,0.20208,0.637982,202.08,637.98,1202.08,1637.98,,,,,PI_20260610232704463.pdf
43,Male,Non-Smoker,55,single,10,1000,interpolated,40;45,,1120.266,,112026.6,112026.6,0.263462,0.555012,263.46,555.01,1263.46,1555.01,151615.0,186601.0,1.744,2.994,PI_20260611002552100.pdf;PI_20260611002047138.pdf
43,Male,Non-Smoker,55,single,15,1000,interpolated,40;45,,1663.754,,166375.4,166375.4,0.331746,0.685064,331.75,685.06,1331.75,1685.06,239713.8,303311.2,1.858,3.108,PI_20260611002541387.pdf;PI_20260611002032772.pdf
43,Male,Non-Smoker,55,single,20,1000,interpolated,40;45,,2176.238,,217623.8,217623.8,0.399278,0.816964,399.28,816.96,1399.28,1816.96,335826.4,436071.2,1.99,3.24,PI_20260611002530509.pdf;PI_20260611002020560.pdf
43,Male,Non-Smoker,55,single,lifetime,1000,interpolated,40;45,,4628.04,,462804.0,462804.0,0.6653,1.418528,665.3,1418.53,1665.3,2418.53,,,,,PI_20260611002519276.pdf;PI_20260611002007234.pdf
43,Male,Non-Smoker,55,5,10,1000,interpolated,40;45,,225.898,22589.8,,112949.0,0.188862,0.43138,188.86,431.38,1188.86,1431.38,142663.0,171765.0,1.482,2.732,PI_20260610232823308.pdf;PI_20260610235108912.pdf
43,Male,Non-Smoker,55,5,15,1000,interpolated,40;45,,335.358,33535.8,,167679.0,0.25805,0.5566,258.05,556.6,1258.05,1556.6,226449.0,280188.0,1.664,2.914,PI_20260610232807393.pdf;PI_20260610235128612.pdf
43,Male,Non-Smoker,55,5,20,1000,interpolated,40;45,,436.17,43617.0,,218085.0,0.301196,0.64993,301.2,649.93,1301.2,1649.93,312286.8,395983.0,1.778,3.028,PI_20260610232751428.pdf;PI_20260610235142517.pdf
43,Male,Non-Smoker,55,5,lifetime,1000,interpolated,40;45,,935.656,93565.6,,467828.0,0.55666,1.218982,556.66,1218.98,1556.66,2218.98,,,,,PI_20260610232724610.pdf;PI_20260610235158142.pdf
43,Male,Non-Smoker,55,10,5,1000,interpolated,40;45,,57.6181,5761.81,,57618.1,0.05281,0.1907,52.81,190.7,1052.81,1190.7,63168.0,71442.0,0.78,1.976,PI_20260610233454841.pdf;PI_20260610235518591.pdf
43,Male,Non-Smoker,55,10,10,1000,interpolated,40;45,,114.072,11407.2,,114072.0,0.12771,0.31838,127.71,318.38,1127.71,1318.38,135325.0,158205.0,1.26,2.51,PI_20260610233440842.pdf;PI_20260610235535999.pdf
43,Male,Non-Smoker,55,10,15,1000,interpolated,40;45,,169.408,16940.8,,169408.0,0.196396,0.43838,196.4,438.38,1196.4,1438.38,215350.8,258908.0,1.518,2.768,PI_20260610233354388.pdf;PI_20260610235549271.pdf
43,Male,Non-Smoker,55,10,20,1000,interpolated,40;45,,220.52206,22052.21,,220522.06,0.224732,0.5117,224.73,511.7,1224.73,1511.7,293935.6,362808.0,1.592,2.842,PI_20260610233340499.pdf;PI_20260610235604533.pdf
43,Male,Non-Smoker,55,10,lifetime,1000,interpolated,40;45,,473.68,47368.0,,473680.0,0.40425,0.960348,404.25,960.35,1404.25,1960.35,,,,,PI_20260610233326005.pdf;PI_20260610235621805.pdf
43,Male,Non-Smoker,60,single,10,1000,interpolated,40;45,,1090.38204,,109038.2,109038.2,0.45503,0.899912,455.03,899.91,1455.03,1899.91,174603.0,227989.0,2.134,3.384,PI_20260611002606265.pdf;PI_20260611002102372.pdf
43,Male,Non-Smoker,60,single,15,1000,interpolated,40;45,,1618.486,,161848.6,161848.6,0.550098,1.080478,550.1,1080.48,1550.1,2080.48,279017.4,374485.4,2.234,3.484,PI_20260611002620428.pdf;PI_20260611002114684.pdf
43,Male,Non-Smoker,60,single,20,1000,interpolated,40;45,,2091.73,,209173.0,209173.0,0.601946,1.20688,601.95,1206.88,1601.95,2206.88,384466.8,529651.0,2.286,3.536,PI_20260611002632784.pdf;PI_20260611002125428.pdf
43,Male,Non-Smoker,60,single,lifetime,1000,interpolated,40;45,,4071.73806,,407173.81,407173.81,0.90728,1.876196,907.28,1876.2,1907.28,2876.2,,,,,PI_20260611002646256.pdf;PI_20260611002141455.pdf
43,Male,Non-Smoker,60,5,10,1000,interpolated,40;45,,219.408,21940.8,,109704.0,0.392696,0.778862,392.7,778.86,1392.7,1778.86,167123.4,213463.0,2.092,3.342,PI_20260610232848089.pdf;PI_20260610235214427.pdf
43,Male,Non-Smoker,60,5,15,1000,interpolated,40;45,,314.504,31450.4,,157252.0,0.435562,0.880514,435.56,880.51,1435.56,1880.51,258400.6,338492.2,2.234,3.484,PI_20260610232907656.pdf;PI_20260610235229251.pdf
43,Male,Non-Smoker,60,5,20,1000,interpolated,40;45,,404.138,40413.8,,202069.0,0.473912,0.978696,473.91,978.7,1473.91,1978.7,353738.6,474886.8,2.28,3.53,PI_20260610232921970.pdf;PI_20260610235242161.pdf
43,Male,Non-Smoker,60,5,lifetime,1000,interpolated,40;45,,822.43,82243.0,,411215.0,0.839798,1.71115,839.8,1711.15,1839.8,2711.15,,,,,PI_20260610232937082.pdf;PI_20260610235259303.pdf
43,Male,Non-Smoker,60,10,5,1000,interpolated,40;45,,56.456,5645.6,,56456.0,0.19803,0.446282,198.03,446.28,1198.03,1446.28,71881.0,86776.6,1.554,2.804,PI_20260610233509661.pdf;PI_20260610235640379.pdf
43,Male,Non-Smoker,60,10,10,1000,interpolated,40;45,,111.7501,11175.01,,111750.1,0.32178,0.641678,321.78,641.68,1321.78,1641.68,158613.0,197001.0,1.962,3.212,PI_20260610233525371.pdf;PI_20260610235655908.pdf
43,Male,Non-Smoker,60,10,15,1000,interpolated,40;45,,159.9981,15999.81,,159998.1,0.368732,0.742298,368.73,742.3,1368.73,1742.3,246371.6,313613.4,2.168,3.418,PI_20260610233539267.pdf;PI_20260610235710040.pdf
43,Male,Non-Smoker,60,10,20,1000,interpolated,40;45,,205.9301,20593.01,,205930.1,0.408482,0.838998,408.48,839.0,1408.48,1839.0,338035.6,441359.4,2.228,3.478,PI_20260610233553543.pdf;PI_20260610235724523.pdf
43,Male,Non-Smoker,60,10,lifetime,1000,interpolated,40;45,,416.44206,41644.21,,416442.06,0.727132,1.478282,727.13,1478.28,1727.13,2478.28,,,,,PI_20260610233607427.pdf;PI_20260610235740981.pdf
43,Male,Non-Smoker,60,15,5,1000,interpolated,40;45,,38.022,3802.2,,57033.0,0.1156,0.308264,115.6,308.26,1115.6,1308.26,66936.0,78495.6,1.152,2.398,PI_20260610234353386.pdf;PI_20260611000823490.pdf
43,Male,Non-Smoker,60,15,10,1000,interpolated,40;45,,75.26,7526.0,,112890.0,0.202212,0.45301,202.21,453.01,1202.21,1453.01,144265.0,174361.0,1.564,2.814,PI_20260610234336514.pdf;PI_20260611000810114.pdf
43,Male,Non-Smoker,60,15,15,1000,interpolated,40;45,,110.346,11034.6,,165519.0,0.27265,0.580164,272.65,580.16,1272.65,1580.16,229077.0,284429.2,1.808,3.058,PI_20260610234319409.pdf;PI_20260611000746289.pdf
43,Male,Non-Smoker,60,15,20,1000,interpolated,40;45,,145.548,14554.8,,218322.0,0.33781,0.70471,337.81,704.71,1337.81,1704.71,321074.0,409130.0,1.916,3.166,PI_20260610234200464.pdf;PI_20260611000730113.pdf;PI_20260611001200767.pdf
43,Male,Non-Smoker,60,15,lifetime,1000,interpolated,40;45,,281.11,28111.0,,421665.0,0.52581,1.143528,525.81,1143.53,1525.81,2143.53,,,,,PI_20260610234143902.pdf;PI_20260611000703967.pdf;PI_20260611001217077.pdf
43,Male,Non-Smoker,65,single,10,1000,interpolated,40;45,,1038.106,,103810.6,103810.6,0.653682,1.29443,653.68,1294.43,1653.68,2294.43,198441.6,275331.0,2.418,3.668,PI_20260611002745617.pdf;PI_20260611002233997.pdf
43,Male,Non-Smoker,65,single,15,1000,interpolated,40;45,,1534.406,,153440.6,153440.6,0.765896,1.51446,765.9,1514.46,1765.9,2514.46,317860.8,452602.0,2.502,3.752,PI_20260611002732155.pdf;PI_20260611002221799.pdf
43,Male,Non-Smoker,65,single,20,1000,interpolated,40;45,,2007.018,,200701.8,200701.8,0.843046,1.694098,843.05,1694.1,1843.05,2694.1,442330.8,646583.4,2.52,3.77,PI_20260611002721437.pdf;PI_20260611002209718.pdf
43,Male,Non-Smoker,65,single,lifetime,1000,interpolated,40;45,,3529.442,,352944.2,352944.2,1.179614,2.410012,1179.61,2410.01,2179.61,3410.01,,,,,PI_20260611002703129.pdf;PI_20260611002157186.pdf
43,Male,Non-Smoker,65,5,10,1000,interpolated,40;45,,203.85,20385.0,,101925.0,0.54556,1.091962,545.56,1091.96,1545.56,2091.96,185467.0,251035.0,2.418,3.668,PI_20260610232957588.pdf;PI_20260610235358883.pdf
43,Male,Non-Smoker,65,5,15,1000,interpolated,40;45,,285.178,28517.8,,142589.0,0.564664,1.178112,564.66,1178.11,1564.66,2178.11,281639.2,392059.6,2.502,3.752,PI_20260610233012578.pdf;PI_20260610235344016.pdf
43,Male,Non-Smoker,65,5,20,1000,interpolated,40;45,,371.902,37190.2,,185951.0,0.627664,1.320014,627.66,1320.01,1627.66,2320.01,390639.2,556803.2,2.52,3.77,PI_20260610233026759.pdf;PI_20260610235330765.pdf
43,Male,Non-Smoker,65,5,lifetime,1000,interpolated,40;45,,712.908,71290.8,,356454.0,1.056212,2.141882,1056.21,2141.88,2056.21,3141.88,,,,,PI_20260610233042604.pdf;PI_20260610235316695.pdf
43,Male,Non-Smoker,65,10,5,1000,interpolated,40;45,,55.34606,5534.61,,55346.06,0.37728,0.76656,377.28,766.56,1377.28,1766.56,82636.0,105993.0,1.98,3.23,PI_20260610233726034.pdf;PI_20260610235921002.pdf
43,Male,Non-Smoker,65,10,10,1000,interpolated,40;45,,104.79406,10479.41,,104794.06,0.47108,0.934314,471.08,934.31,1471.08,1934.31,176529.0,232117.6,2.336,3.586,PI_20260610233711769.pdf;PI_20260610235908656.pdf
43,Male,Non-Smoker,65,10,15,1000,interpolated,40;45,,146.24606,14624.61,,146246.06,0.493328,1.018148,493.33,1018.15,1493.33,2018.15,268798.4,363266.4,2.454,3.704,PI_20260610233655245.pdf;PI_20260610235854568.pdf
43,Male,Non-Smoker,65,10,20,1000,interpolated,40;45,,190.8301,19083.01,,190830.1,0.568732,1.174114,568.73,1174.11,1568.73,2174.11,376495.6,521787.2,2.512,3.762,PI_20260610233640429.pdf;PI_20260610235810971.pdf
43,Male,Non-Smoker,65,10,lifetime,1000,interpolated,40;45,,361.00206,36100.21,,361002.06,0.950028,1.907312,950.03,1907.31,1950.03,2907.31,,,,,PI_20260610233623014.pdf;PI_20260610235756677.pdf
43,Male,Non-Smoker,65,15,5,1000,interpolated,40;45,,37.256,3725.6,,55884.0,0.309964,0.633198,309.96,633.2,1309.96,1633.2,78597.6,97991.4,1.89,3.14,PI_20260610234411907.pdf;PI_20260611000839195.pdf;PI_20260611001358706.pdf
43,Male,Non-Smoker,65,15,10,1000,interpolated,40;45,,70.946,7094.6,,106419.0,0.35798,0.741914,357.98,741.91,1357.98,1741.91,162957.0,209029.6,2.114,3.364,PI_20260610234426141.pdf;PI_20260611000855645.pdf;PI_20260611001345779.pdf
43,Male,Non-Smoker,65,15,15,1000,interpolated,40;45,,102.704,10270.4,,154056.0,0.4266,0.877712,426.6,877.71,1426.6,1877.71,256788.0,337987.6,2.278,3.528,PI_20260610234442077.pdf;PI_20260611001330671.pdf
43,Male,Non-Smoker,65,15,20,1000,interpolated,40;45,,134.828,13482.8,,202242.0,0.489446,1.009382,489.45,1009.38,1489.45,2009.38,357466.8,482251.6,2.304,3.554,PI_20260610234457507.pdf;PI_20260611001317465.pdf
43,Male,Non-Smoker,65,15,lifetime,1000,interpolated,40;45,,243.616,24361.6,,365424.0,0.78245,1.589248,782.45,1589.25,1782.45,2589.25,,,,,PI_20260610234513588.pdf;PI_20260611001303577.pdf
43,Male,Non-Smoker,65,20,5,1000,interpolated,40;45,,28.228,2822.8,,56456.0,0.232298,0.497296,232.3,497.3,1232.3,1497.3,73937.4,89837.4,1.706,2.956,PI_20260610234948038.pdf;PI_20260611001551247.pdf
43,Male,Non-Smoker,65,20,10,1000,interpolated,40;45,,55.01806,5501.81,,110036.12,0.324714,0.65636,324.71,656.36,1324.71,1656.36,158965.6,198763.0,2.056,3.306,PI_20260610234932568.pdf;PI_20260611001615743.pdf
43,Male,Non-Smoker,65,20,15,1000,interpolated,40;45,,81.536,8153.6,,163072.0,0.37941,0.773298,379.41,773.3,1379.41,1773.3,248293.0,319193.4,2.076,3.326,PI_20260610234916293.pdf;PI_20260611001629971.pdf
43,Male,Non-Smoker,65,20,20,1000,interpolated,40;45,,107.382,10738.2,,214764.0,0.439812,0.89796,439.81,897.96,1439.81,1897.96,345554.6,455510.0,2.106,3.356,PI_20260610234902526.pdf;PI_20260611001643667.pdf
43,Male,Non-Smoker,65,20,lifetime,1000,interpolated,40;45,,184.966,18496.6,,369932.0,0.621212,1.30408,621.21,1304.08,1621.21,2304.08,,,,,PI_20260610234845576.pdf;PI_20260611001700520.pdf
43,Male,Non-Smoker,70,single,10,1000,interpolated,40;45,,981.42,,98142.0,98142.0,0.834478,1.704732,834.48,1704.73,1834.48,2704.73,220137.0,324567.6,2.55,3.8,PI_20260611002759246.pdf;PI_20260611002246017.pdf
43,Male,Non-Smoker,70,single,15,1000,interpolated,40;45,,1449.384,,144938.4,144938.4,0.948762,1.948628,948.76,1948.63,1948.76,2948.63,350776.6,530752.4,2.602,3.852,PI_20260611002810349.pdf;PI_20260611002257162.pdf
43,Male,Non-Smoker,70,single,20,1000,interpolated,40;45,,1899.968,,189996.8,189996.8,1.03585,2.15465,1035.85,2154.65,2035.85,3154.65,488604.0,757116.0,2.608,3.858,PI_20260611002822242.pdf;PI_20260611002346458.pdf
43,Male,Non-Smoker,70,single,lifetime,1000,interpolated,40;45,,2999.396,,299939.6,299939.6,1.39093,2.8904,1390.93,2890.4,2390.93,3890.4,,,,,PI_20260611002836283.pdf;PI_20260611002359260.pdf
43,Male,Non-Smoker,70,5,10,1000,interpolated,40;45,,185.628,18562.8,,92814.0,0.643896,1.365078,643.9,1365.08,1643.9,2365.08,197267.4,283809.0,2.532,3.782,PI_20260610233143210.pdf;PI_20260610235415629.pdf
43,Male,Non-Smoker,70,5,15,1000,interpolated,40;45,,271.686,27168.6,,135843.0,0.73563,1.561312,735.63,1561.31,1735.63,2561.31,312413.0,461035.6,2.602,3.852,PI_20260610233128096.pdf;PI_20260610235429666.pdf
43,Male,Non-Smoker,70,5,20,1000,interpolated,40;45,,353.708,35370.8,,176854.0,0.801196,1.725148,801.2,1725.15,1801.2,2725.15,432286.8,654035.4,2.608,3.858,PI_20260610233113456.pdf;PI_20260610235443554.pdf
43,Male,Non-Smoker,70,5,lifetime,1000,interpolated,40;45,,605.922,60592.2,,302961.0,1.2925,2.641946,1292.5,2641.95,2292.5,3641.95,,,,,PI_20260610233100050.pdf;PI_20260610235457853.pdf
43,Male,Non-Smoker,70,10,5,1000,interpolated,40;45,,54.23204,5423.2,,54232.04,0.58866,1.16568,588.66,1165.68,1588.66,2165.68,95319.0,129940.0,2.248,3.498,PI_20260610233742614.pdf;PI_20260610235936106.pdf
43,Male,Non-Smoker,70,10,10,1000,interpolated,40;45,,94.88804,9488.8,,94888.04,0.552628,1.17195,552.63,1171.95,1552.63,2171.95,186315.0,260634.0,2.47,3.72,PI_20260610233757093.pdf;PI_20260610235949600.pdf
43,Male,Non-Smoker,70,10,15,1000,interpolated,40;45,,138.78004,13878.0,,138780.04,0.64756,1.36585,647.56,1365.85,1647.56,2365.85,296560.0,425853.0,2.564,3.814,PI_20260610233811472.pdf;PI_20260611000003719.pdf
43,Male,Non-Smoker,70,10,20,1000,interpolated,40;45,,180.56404,18056.4,,180564.04,0.71723,1.527078,717.23,1527.08,1717.23,2527.08,412135.0,606498.4,2.588,3.838,PI_20260610233915893.pdf;PI_20260611000023179.pdf
43,Male,Non-Smoker,70,10,lifetime,1000,interpolated,40;45,,306.784,30678.4,,306784.0,1.165762,2.349482,1165.76,2349.48,2165.76,3349.48,,,,,PI_20260610233951518.pdf;PI_20260611000039412.pdf
43,Male,Non-Smoker,70,15,5,1000,interpolated,40;45,,36.504,3650.4,,54756.0,0.500112,0.991914,500.11,991.91,1500.11,1991.91,90006.0,119514.6,2.176,3.426,PI_20260610234639073.pdf;PI_20260611001414414.pdf
43,Male,Non-Smoker,70,15,10,1000,interpolated,40;45,,64.546,6454.6,,96819.0,0.451814,0.978728,451.81,978.73,1451.81,1978.73,174217.6,237447.0,2.34,3.59,PI_20260610234622503.pdf;PI_20260611001427450.pdf
43,Male,Non-Smoker,70,15,15,1000,interpolated,40;45,,94.498,9449.8,,141747.0,0.5121,1.113646,512.1,1113.65,1512.1,2113.65,272178.0,380455.8,2.38,3.63,PI_20260610234604354.pdf;PI_20260611001448485.pdf
43,Male,Non-Smoker,70,15,20,1000,interpolated,40;45,,123.23,12323.0,,184845.0,0.586996,1.27765,587.0,1277.65,1587.0,2277.65,380878.8,546636.0,2.442,3.692,PI_20260610234548480.pdf;PI_20260611001503783.pdf
43,Male,Non-Smoker,70,15,lifetime,1000,interpolated,40;45,,206.9,20690.0,,310350.0,0.963898,1.96705,963.9,1967.05,1963.9,2967.05,,,,,PI_20260610234533727.pdf;PI_20260611001521266.pdf
43,Male,Non-Smoker,70,20,5,1000,interpolated,40;45,,27.65,2765.0,,55300.0,0.406262,0.817612,406.26,817.61,1406.26,1817.61,84375.0,109056.0,2.056,3.306,PI_20260610235003364.pdf;RRP missing/PI_20260611005639488.pdf;PI_20260611001722547.pdf
43,Male,Non-Smoker,70,20,10,1000,interpolated,40;45,,52.306,5230.6,,104612.0,0.476232,0.963078,476.23,963.08,1476.23,1963.08,177147.6,235569.0,2.314,3.564,RRP missing/PI_20260611005652260.pdf;PI_20260611001736237.pdf
43,Male,Non-Smoker,70,20,15,1000,interpolated,40;45,,77.30804,7730.8,,154616.08,0.542662,1.10731,542.66,1107.31,1542.66,2107.31,277678.6,379315.0,2.332,3.582,RRP missing/PI_20260611005705183.pdf;PI_20260611001749984.pdf
43,Male,Non-Smoker,70,20,20,1000,interpolated,40;45,,101.30804,10130.8,,202616.08,0.613998,1.25658,614.0,1256.58,1614.0,2256.58,387359.4,541579.0,2.364,3.614,RRP missing/PI_20260611005719222.pdf;PI_20260611001810299.pdf
43,Male,Non-Smoker,70,20,lifetime,1000,interpolated,40;45,,157.21,15721.0,,314420.0,0.835446,1.707898,835.45,1707.9,1835.45,2707.9,,,,,RRP missing/PI_20260611005734318.pdf;PI_20260611001824907.pdf
44,Male,Non-Smoker,55,single,10,1000,interpolated,40;45,,1124.868,,112486.8,112486.8,0.225896,0.489546,225.9,489.55,1225.9,1489.55,147107.0,178745.0,1.652,2.902,PI_20260611002552100.pdf;PI_20260611002047138.pdf
44,Male,Non-Smoker,55,single,15,1000,interpolated,40;45,,1670.162,,167016.2,167016.2,0.289328,0.611532,289.33,611.53,1289.33,1611.53,232078.4,290075.6,1.774,3.024,PI_20260611002541387.pdf;PI_20260611002032772.pdf
44,Male,Non-Smoker,55,single,20,1000,interpolated,40;45,,2196.074,,219607.4,219607.4,0.362594,0.747732,362.59,747.73,1362.59,1747.73,327022.2,419455.6,1.92,3.17,PI_20260611002530509.pdf;PI_20260611002020560.pdf
44,Male,Non-Smoker,55,single,lifetime,1000,interpolated,40;45,,4649.53,,464953.0,464953.0,0.5979,1.294844,597.9,1294.84,1597.9,2294.84,,,,,PI_20260611002519276.pdf;PI_20260611002007234.pdf
44,Male,Non-Smoker,55,5,10,1000,interpolated,40;45,,226.824,22682.4,,113412.0,0.146596,0.36298,146.6,362.98,1146.6,1362.98,137591.0,163557.0,1.326,2.576,PI_20260610232823308.pdf;PI_20260610235108912.pdf
44,Male,Non-Smoker,55,5,15,1000,interpolated,40;45,,336.784,33678.4,,168392.0,0.21015,0.47805,210.15,478.05,1210.15,1478.05,217827.0,266049.0,1.522,2.772,PI_20260610232807393.pdf;PI_20260610235128612.pdf
44,Male,Non-Smoker,55,5,20,1000,interpolated,40;45,,441.34,44134.0,,220670.0,0.260428,0.57913,260.43,579.13,1260.43,1579.13,302502.4,378991.0,1.654,2.904,PI_20260610232751428.pdf;PI_20260610235142517.pdf
44,Male,Non-Smoker,55,5,lifetime,1000,interpolated,40;45,,940.618,94061.8,,470309.0,0.47491,1.080366,474.91,1080.37,1474.91,2080.37,,,,,PI_20260610232724610.pdf;PI_20260610235158142.pdf
44,Male,Non-Smoker,55,10,5,1000,interpolated,40;45,,57.8541,5785.41,,57854.1,0.02661,0.14435,26.61,144.35,1026.61,1144.35,61596.0,68661.0,0.59,1.768,PI_20260610233454841.pdf;PI_20260610235518591.pdf
44,Male,Non-Smoker,55,10,10,1000,interpolated,40;45,,114.516,11451.6,,114516.0,0.09181,0.26023,91.81,260.23,1091.81,1260.23,131017.0,151227.0,1.09,2.34,PI_20260610233440842.pdf;PI_20260610235535999.pdf
44,Male,Non-Smoker,55,10,15,1000,interpolated,40;45,,170.104,17010.4,,170104.0,0.152028,0.36773,152.03,367.73,1152.03,1367.73,207364.4,246191.0,1.354,2.604,PI_20260610233354388.pdf;PI_20260610235549271.pdf
44,Male,Non-Smoker,55,10,20,1000,interpolated,40;45,,222.91608,22291.61,,222916.08,0.181866,0.4411,181.87,441.1,1181.87,1441.1,283647.8,345864.0,1.426,2.676,PI_20260610233340499.pdf;PI_20260610235604533.pdf
44,Male,Non-Smoker,55,10,lifetime,1000,interpolated,40;45,,475.88,47588.0,,475880.0,0.324,0.831714,324.0,831.71,1324.0,1831.71,,,,,PI_20260610233326005.pdf;PI_20260610235621805.pdf
44,Male,Non-Smoker,60,single,10,1000,interpolated,40;45,,1098.92602,,109892.6,109892.6,0.41518,0.824746,415.18,824.75,1415.18,1824.75,169821.0,218969.0,2.072,3.322,PI_20260611002606265.pdf;PI_20260611002102372.pdf
44,Male,Non-Smoker,60,single,15,1000,interpolated,40;45,,1631.328,,163132.8,163132.8,0.504214,0.992944,504.21,992.94,1504.21,1992.94,270758.2,358729.2,2.172,3.422,PI_20260611002620428.pdf;PI_20260611002114684.pdf
44,Male,Non-Smoker,60,single,20,1000,interpolated,40;45,,2103.17,,210317.0,210317.0,0.553178,1.11323,553.18,1113.23,1553.18,2113.23,372762.4,507175.0,2.238,3.488,PI_20260611002632784.pdf;PI_20260611002125428.pdf
44,Male,Non-Smoker,60,single,lifetime,1000,interpolated,40;45,,4090.64408,,409064.41,409064.41,0.84368,1.747428,843.68,1747.43,1843.68,2747.43,,,,,PI_20260611002646256.pdf;PI_20260611002141455.pdf
44,Male,Non-Smoker,60,5,10,1000,interpolated,40;45,,221.264,22126.4,,110632.0,0.353678,0.707096,353.68,707.1,1353.68,1707.1,162441.2,204851.0,2.016,3.266,PI_20260610232848089.pdf;PI_20260610235214427.pdf
44,Male,Non-Smoker,60,5,15,1000,interpolated,40;45,,322.842,32284.2,,161421.0,0.421946,0.840382,421.95,840.38,1421.95,1840.38,255949.8,331268.6,2.172,3.422,PI_20260610232907656.pdf;PI_20260610235229251.pdf
44,Male,Non-Smoker,60,5,20,1000,interpolated,40;45,,412.684,41268.4,,206342.0,0.453996,0.927928,454.0,927.93,1454.0,1927.93,348958.8,462702.4,2.23,3.48,PI_20260610232921970.pdf;PI_20260610235242161.pdf
44,Male,Non-Smoker,60,5,lifetime,1000,interpolated,40;45,,826.25,82625.0,,413125.0,0.779314,1.59145,779.31,1591.45,1779.31,2591.45,,,,,PI_20260610232937082.pdf;PI_20260610235259303.pdf
44,Male,Non-Smoker,60,10,5,1000,interpolated,40;45,,56.688,5668.8,,56688.0,0.16468,0.388016,164.68,388.02,1164.68,1388.02,69880.0,83280.8,1.452,2.702,PI_20260610233509661.pdf;PI_20260610235640379.pdf
44,Male,Non-Smoker,60,10,10,1000,interpolated,40;45,,112.2101,11221.01,,112210.1,0.27793,0.566544,277.93,566.54,1277.93,1566.54,153351.0,187985.0,1.866,3.116,PI_20260610233525371.pdf;PI_20260610235655908.pdf
44,Male,Non-Smoker,60,10,15,1000,interpolated,40;45,,163.6941,16369.41,,163694.1,0.350366,0.697814,350.37,697.81,1350.37,1697.81,243065.8,305606.2,2.094,3.344,PI_20260610233539267.pdf;PI_20260610235710040.pdf
44,Male,Non-Smoker,60,10,20,1000,interpolated,40;45,,209.6301,20963.01,,209630.1,0.382616,0.783164,382.62,783.16,1382.62,1783.16,331827.8,427959.2,2.164,3.414,PI_20260610233553543.pdf;PI_20260610235724523.pdf
44,Male,Non-Smoker,60,10,lifetime,1000,interpolated,40;45,,418.37608,41837.61,,418376.08,0.662316,1.356766,662.32,1356.77,1662.32,2356.77,,,,,PI_20260610233607427.pdf;PI_20260610235740981.pdf
44,Male,Non-Smoker,60,15,5,1000,interpolated,40;45,,38.176,3817.6,,57264.0,0.07855,0.248382,78.55,248.38,1078.55,1248.38,64713.0,74902.8,0.966,2.214,PI_20260610234353386.pdf;PI_20260611000823490.pdf
44,Male,Non-Smoker,60,15,10,1000,interpolated,40;45,,75.57,7557.0,,113355.0,0.164396,0.38946,164.4,389.46,1164.4,1389.46,139727.0,166735.0,1.442,2.692,PI_20260610234336514.pdf;PI_20260611000810114.pdf
44,Male,Non-Smoker,60,15,15,1000,interpolated,40;45,,111.488,11148.8,,167232.0,0.2337,0.512582,233.7,512.58,1233.7,1512.58,222066.0,272264.6,1.684,2.934,PI_20260610234319409.pdf;PI_20260611000746289.pdf
44,Male,Non-Smoker,60,15,20,1000,interpolated,40;45,,147.174,14717.4,,220761.0,0.30011,0.63606,300.11,636.06,1300.11,1636.06,312026.0,392654.0,1.818,3.068,PI_20260610234200464.pdf;PI_20260611000730113.pdf;PI_20260611001200767.pdf
44,Male,Non-Smoker,60,15,lifetime,1000,interpolated,40;45,,282.6,28260.0,,423900.0,0.46061,1.028844,460.61,1028.84,1460.61,2028.84,,,,,PI_20260610234143902.pdf;PI_20260611000703967.pdf;PI_20260611001217077.pdf
44,Male,Non-Smoker,65,single,10,1000,interpolated,40;45,,1052.208,,105220.8,105220.8,0.616716,1.21588,616.72,1215.88,1616.72,2215.88,194005.8,265905.0,2.374,3.624,PI_20260611002745617.pdf;PI_20260611002233997.pdf
44,Male,Non-Smoker,65,single,15,1000,interpolated,40;45,,1556.408,,155640.8,155640.8,0.728528,1.43181,728.53,1431.81,1728.53,2431.81,311134.4,437725.0,2.466,3.716,PI_20260611002732155.pdf;PI_20260611002221799.pdf
44,Male,Non-Smoker,65,single,20,1000,interpolated,40;45,,2032.114,,203211.4,203211.4,0.802728,1.601964,802.73,1601.96,1802.73,2601.96,432654.4,624471.2,2.49,3.74,PI_20260611002721437.pdf;PI_20260611002209718.pdf
44,Male,Non-Smoker,65,single,lifetime,1000,interpolated,40;45,,3545.836,,354583.6,354583.6,1.109682,2.258546,1109.68,2258.55,2109.68,3258.55,,,,,PI_20260611002703129.pdf;PI_20260611002157186.pdf
44,Male,Non-Smoker,65,5,10,1000,interpolated,40;45,,208.84,20884.0,,104420.0,0.52961,1.045646,529.61,1045.65,1529.61,2045.65,183553.0,245477.0,2.374,3.624,PI_20260610232957588.pdf;PI_20260610235358883.pdf
44,Male,Non-Smoker,65,5,15,1000,interpolated,40;45,,287.534,28753.4,,143767.0,0.522582,1.093596,522.58,1093.6,1522.58,2093.6,274064.6,376846.8,2.466,3.716,PI_20260610233012578.pdf;PI_20260610235344016.pdf
44,Male,Non-Smoker,65,5,20,1000,interpolated,40;45,,375.036,37503.6,,187518.0,0.586082,1.232882,586.08,1232.88,1586.08,2232.88,380659.6,535891.6,2.49,3.74,PI_20260610233026759.pdf;PI_20260610235330765.pdf
44,Male,Non-Smoker,65,5,lifetime,1000,interpolated,40;45,,716.454,71645.4,,358227.0,0.977896,1.986316,977.9,1986.32,1977.9,2986.32,,,,,PI_20260610233042604.pdf;PI_20260610235316695.pdf
44,Male,Non-Smoker,65,10,5,1000,interpolated,40;45,,55.56808,5556.81,,55568.08,0.33818,0.69436,338.18,694.36,1338.18,1694.36,80290.0,101661.0,1.92,3.17,PI_20260610233726034.pdf;PI_20260610235921002.pdf
44,Male,Non-Smoker,65,10,10,1000,interpolated,40;45,,107.57208,10757.21,,107572.08,0.46358,0.901282,463.58,901.28,1463.58,1901.28,175629.0,228153.8,2.298,3.548,PI_20260610233711769.pdf;PI_20260610235908656.pdf
44,Male,Non-Smoker,65,10,15,1000,interpolated,40;45,,147.70808,14770.81,,147708.08,0.459744,0.948614,459.74,948.61,1459.74,1948.61,262753.2,350750.2,2.422,3.672,PI_20260610233655245.pdf;PI_20260610235854568.pdf
44,Male,Non-Smoker,65,10,20,1000,interpolated,40;45,,192.7501,19275.01,,192750.1,0.533866,1.098932,533.87,1098.93,1533.87,2098.93,368127.8,503743.6,2.486,3.736,PI_20260610233640429.pdf;PI_20260610235810971.pdf
44,Male,Non-Smoker,65,10,lifetime,1000,interpolated,40;45,,362.91608,36291.61,,362916.08,0.880594,1.770196,880.59,1770.2,1880.59,2770.2,,,,,PI_20260610233623014.pdf;PI_20260610235756677.pdf
44,Male,Non-Smoker,65,15,5,1000,interpolated,40;45,,37.408,3740.8,,56112.0,0.268232,0.560764,268.23,560.76,1268.23,1560.76,76093.8,93645.2,1.8,3.05,PI_20260610234411907.pdf;PI_20260611000839195.pdf;PI_20260611001358706.pdf
44,Male,Non-Smoker,65,15,10,1000,interpolated,40;45,,72.668,7266.8,,109002.0,0.33953,0.697082,339.53,697.08,1339.53,1697.08,160743.0,203649.8,2.032,3.282,PI_20260610234426141.pdf;PI_20260611000855645.pdf;PI_20260611001345779.pdf
44,Male,Non-Smoker,65,15,15,1000,interpolated,40;45,,104.792,10479.2,,157188.0,0.4093,0.831146,409.3,831.15,1409.3,1831.15,253674.0,329605.8,2.234,3.484,PI_20260610234442077.pdf;PI_20260611001330671.pdf
44,Male,Non-Smoker,65,15,20,1000,interpolated,40;45,,137.744,13774.4,,206616.0,0.472678,0.962316,472.68,962.32,1472.68,1962.32,353442.4,470955.8,2.262,3.512,PI_20260610234457507.pdf;PI_20260611001317465.pdf
44,Male,Non-Smoker,65,15,lifetime,1000,interpolated,40;45,,244.828,24482.8,,367242.0,0.72685,1.475914,726.85,1475.91,1726.85,2475.91,,,,,PI_20260610234513588.pdf;PI_20260611001303577.pdf
44,Male,Non-Smoker,65,20,5,1000,interpolated,40;45,,28.344,2834.4,,56688.0,0.192314,0.429478,192.31,429.48,1192.31,1429.48,71538.2,85768.2,1.588,2.838,PI_20260610234948038.pdf;PI_20260611001551247.pdf
44,Male,Non-Smoker,65,20,10,1000,interpolated,40;45,,55.68408,5568.41,,111368.16,0.296982,0.60051,296.98,600.51,1296.98,1600.51,155637.8,192061.0,1.988,3.238,PI_20260610234932568.pdf;PI_20260611001615743.pdf
44,Male,Non-Smoker,65,20,15,1000,interpolated,40;45,,82.618,8261.8,,165236.0,0.34966,0.713064,349.66,713.06,1349.66,1713.06,242938.0,308351.2,2.008,3.258,PI_20260610234916293.pdf;PI_20260611001629971.pdf
44,Male,Non-Smoker,65,20,20,1000,interpolated,40;45,,108.936,10893.6,,217872.0,0.407696,0.83231,407.7,832.31,1407.7,1832.31,337846.8,439754.0,2.038,3.288,PI_20260610234902526.pdf;PI_20260611001643667.pdf
44,Male,Non-Smoker,65,20,lifetime,1000,interpolated,40;45,,185.948,18594.8,,371896.0,0.561896,1.19333,561.9,1193.33,1561.9,2193.33,,,,,PI_20260610234845576.pdf;PI_20260611001700520.pdf
44,Male,Non-Smoker,70,single,10,1000,interpolated,40;45,,988.24,,98824.0,98824.0,0.788194,1.603616,788.19,1603.62,1788.19,2603.62,214583.0,312433.8,2.53,3.78,PI_20260611002759246.pdf;PI_20260611002246017.pdf
44,Male,Non-Smoker,70,single,15,1000,interpolated,40;45,,1459.932,,145993.2,145993.2,0.908046,1.851894,908.05,1851.89,1908.05,2851.89,343447.8,513340.2,2.596,3.846,PI_20260611002810349.pdf;PI_20260611002257162.pdf
44,Male,Non-Smoker,70,single,20,1000,interpolated,40;45,,1915.044,,191504.4,191504.4,0.9963,2.05445,996.3,2054.45,1996.3,3054.45,479112.0,733068.0,2.604,3.854,PI_20260611002822242.pdf;PI_20260611002346458.pdf
44,Male,Non-Smoker,70,single,lifetime,1000,interpolated,40;45,,3013.328,,301332.8,301332.8,1.33538,2.7507,1335.38,2750.7,2335.38,3750.7,,,,,PI_20260611002836283.pdf;PI_20260611002359260.pdf
44,Male,Non-Smoker,70,5,10,1000,interpolated,40;45,,187.284,18728.4,,93642.0,0.603778,1.279494,603.78,1279.49,1603.78,2279.49,192453.2,273539.0,2.506,3.756,PI_20260610233143210.pdf;PI_20260610235415629.pdf
44,Male,Non-Smoker,70,5,15,1000,interpolated,40;45,,274.728,27472.8,,137364.0,0.70723,1.486946,707.23,1486.95,1707.23,2486.95,307301.0,447649.8,2.596,3.846,PI_20260610233128096.pdf;PI_20260610235429666.pdf
44,Male,Non-Smoker,70,5,20,1000,interpolated,40;45,,358.304,35830.4,,179152.0,0.775178,1.651614,775.18,1651.61,1775.18,2651.61,426042.4,636387.2,2.604,3.854,PI_20260610233113456.pdf;PI_20260610235443554.pdf
44,Male,Non-Smoker,70,5,lifetime,1000,interpolated,40;45,,609.136,60913.6,,304568.0,1.242,2.514428,1242.0,2514.43,2242.0,3514.43,,,,,PI_20260610233100050.pdf;PI_20260610235457853.pdf
44,Male,Non-Smoker,70,10,5,1000,interpolated,40;45,,54.44602,5444.6,,54446.02,0.54116,1.07313,541.16,1073.13,1541.16,2073.13,92469.0,124387.0,2.204,3.454,PI_20260610233742614.pdf;PI_20260610235936106.pdf
44,Male,Non-Smoker,70,10,10,1000,interpolated,40;45,,95.73402,9573.4,,95734.02,0.524394,1.1051,524.39,1105.1,1524.39,2105.1,182927.0,252612.0,2.46,3.71,PI_20260610233757093.pdf;PI_20260610235949600.pdf
44,Male,Non-Smoker,70,10,15,1000,interpolated,40;45,,140.29002,14029.0,,140290.02,0.61711,1.29355,617.11,1293.55,1617.11,2293.55,291079.0,412839.0,2.552,3.802,PI_20260610233811472.pdf;PI_20260611000003719.pdf
44,Male,Non-Smoker,70,10,20,1000,interpolated,40;45,,182.82202,18282.2,,182822.02,0.69228,1.459744,692.28,1459.74,1692.28,2459.74,406147.0,590338.2,2.584,3.834,PI_20260610233915893.pdf;PI_20260611000023179.pdf
44,Male,Non-Smoker,70,10,lifetime,1000,interpolated,40;45,,308.412,30841.2,,308412.0,1.118046,2.232866,1118.05,2232.87,2118.05,3232.87,,,,,PI_20260610233951518.pdf;PI_20260611000039412.pdf
44,Male,Non-Smoker,70,15,5,1000,interpolated,40;45,,36.652,3665.2,,54978.0,0.449096,0.899332,449.1,899.33,1449.1,1899.33,86945.0,113959.8,2.108,3.358,PI_20260610234639073.pdf;PI_20260611001414414.pdf
44,Male,Non-Smoker,70,15,10,1000,interpolated,40;45,,65.128,6512.8,,97692.0,0.416032,0.905444,416.03,905.44,1416.03,1905.44,169923.8,228653.0,2.3,3.55,PI_20260610234622503.pdf;PI_20260611001427450.pdf
44,Male,Non-Smoker,70,15,15,1000,interpolated,40;45,,95.464,9546.4,,143196.0,0.4788,1.041778,478.8,1041.78,1478.8,2041.78,266184.0,367519.4,2.35,3.6,PI_20260610234604354.pdf;PI_20260611001448485.pdf
44,Male,Non-Smoker,70,15,20,1000,interpolated,40;45,,124.57,12457.0,,186855.0,0.557828,1.20895,557.83,1208.95,1557.83,2208.95,373878.4,530148.0,2.426,3.676,PI_20260610234548480.pdf;PI_20260611001503783.pdf
44,Male,Non-Smoker,70,15,lifetime,1000,interpolated,40;45,,207.93,20793.0,,311895.0,0.915114,1.85565,915.11,1855.65,1915.11,2855.65,,,,,PI_20260610234533727.pdf;PI_20260611001521266.pdf
44,Male,Non-Smoker,70,20,5,1000,interpolated,40;45,,27.76,2776.0,,55520.0,0.362546,0.737596,362.55,737.6,1362.55,1737.6,81752.0,104255.0,1.988,3.238,PI_20260610235003364.pdf;RRP missing/PI_20260611005639488.pdf;PI_20260611001722547.pdf
44,Male,Non-Smoker,70,20,10,1000,interpolated,40;45,,52.638,5263.8,,105276.0,0.439866,0.890744,439.87,890.74,1439.87,1890.74,172783.8,226889.0,2.282,3.532,RRP missing/PI_20260611005652260.pdf;PI_20260611001736237.pdf
44,Male,Non-Smoker,70,20,15,1000,interpolated,40;45,,77.79402,7779.4,,155588.04,0.505746,1.03111,505.75,1031.11,1505.75,2031.11,271033.8,365599.0,2.306,3.556,RRP missing/PI_20260611005705183.pdf;PI_20260611001749984.pdf
44,Male,Non-Smoker,70,20,20,1000,interpolated,40;45,,101.99402,10199.4,,203988.04,0.576414,1.17733,576.41,1177.33,1576.41,2177.33,378339.2,522559.0,2.342,3.592,RRP missing/PI_20260611005719222.pdf;PI_20260611001810299.pdf
44,Male,Non-Smoker,70,20,lifetime,1000,interpolated,40;45,,157.94,15794.0,,315880.0,0.787428,1.602614,787.43,1602.61,1787.43,2602.61,,,,,RRP missing/PI_20260611005734318.pdf;PI_20260611001824907.pdf
45,Male,Non-Smoker,50,single,10,1000,source_exact,40;45,,1152.57,,115257.0,115257.0,0.03966,0.17525,39.66,175.25,1039.66,1175.25,124759.0,141030.0,0.79,2.04,PI_20260611002424891.pdf;PI_20260611001849014.pdf
45,Male,Non-Smoker,50,single,15,1000,source_exact,40;45,,1711.29,,171129.0,171129.0,0.08041,0.25591,80.41,255.91,1080.41,1255.91,194473.0,226063.0,1.03,2.28,PI_20260611002440436.pdf;PI_20260611001900918.pdf
45,Male,Non-Smoker,50,single,20,1000,source_exact,40;45,,2259.18,,225918.0,225918.0,0.12125,0.33816,121.25,338.16,1121.25,1338.16,269100.0,321158.0,1.18,2.43,PI_20260611002451629.pdf;PI_20260611001912358.pdf
45,Male,Non-Smoker,50,single,lifetime,1000,source_exact,40;45,,5255.5501,,525555.01,525555.01,0.27066,0.75933,270.66,759.33,1270.66,1759.33,,,,,PI_20260611002504519.pdf;PI_20260611001924643.pdf
45,Male,Non-Smoker,55,single,10,1000,source_exact,40;45,,1129.47,,112947.0,112947.0,0.18833,0.42408,188.33,424.08,1188.33,1424.08,142599.0,170889.0,1.56,2.81,PI_20260611002552100.pdf;PI_20260611002047138.pdf
45,Male,Non-Smoker,55,single,15,1000,source_exact,40;45,,1676.57,,167657.0,167657.0,0.24691,0.538,246.91,538.0,1246.91,1538.0,224443.0,276840.0,1.69,2.94,PI_20260611002541387.pdf;PI_20260611002032772.pdf
45,Male,Non-Smoker,55,single,20,1000,source_exact,40;45,,2215.91,,221591.0,221591.0,0.32591,0.6785,325.91,678.5,1325.91,1678.5,318218.0,402840.0,1.85,3.1,PI_20260611002530509.pdf;PI_20260611002020560.pdf
45,Male,Non-Smoker,55,single,lifetime,1000,source_exact,40;45,,4671.02,,467102.0,467102.0,0.5305,1.17116,530.5,1171.16,1530.5,2171.16,,,,,PI_20260611002519276.pdf;PI_20260611002007234.pdf
45,Male,Non-Smoker,55,5,10,1000,source_exact,40;45,,227.75,22775.0,,113875.0,0.10433,0.29458,104.33,294.58,1104.33,1294.58,132519.0,155349.0,1.17,2.42,PI_20260610232823308.pdf;PI_20260610235108912.pdf
45,Male,Non-Smoker,55,5,15,1000,source_exact,40;45,,338.21,33821.0,,169105.0,0.16225,0.3995,162.25,399.5,1162.25,1399.5,209205.0,251910.0,1.38,2.63,PI_20260610232807393.pdf;PI_20260610235128612.pdf
45,Male,Non-Smoker,55,5,20,1000,source_exact,40;45,,446.51,44651.0,,223255.0,0.21966,0.50833,219.66,508.33,1219.66,1508.33,292718.0,361999.0,1.53,2.78,PI_20260610232751428.pdf;PI_20260610235142517.pdf
45,Male,Non-Smoker,55,5,lifetime,1000,source_exact,40;45,,945.58,94558.0,,472790.0,0.39316,0.94175,393.16,941.75,1393.16,1941.75,,,,,PI_20260610232724610.pdf;PI_20260610235158142.pdf
45,Male,Non-Smoker,55,10,5,1000,source_exact,40;45,,58.0901,5809.01,,58090.1,0.00041,0.098,0.41,98.0,1000.41,1098.0,60024.0,65880.0,0.4,1.56,PI_20260610233454841.pdf;PI_20260610235518591.pdf
45,Male,Non-Smoker,55,10,10,1000,source_exact,40;45,,114.96,11496.0,,114960.0,0.05591,0.20208,55.91,202.08,1055.91,1202.08,126709.0,144249.0,0.92,2.17,PI_20260610233440842.pdf;PI_20260610235535999.pdf
45,Male,Non-Smoker,55,10,15,1000,source_exact,40;45,,170.8,17080.0,,170800.0,0.10766,0.29708,107.66,297.08,1107.66,1297.08,199378.0,233474.0,1.19,2.44,PI_20260610233354388.pdf;PI_20260610235549271.pdf
45,Male,Non-Smoker,55,10,20,1000,source_exact,40;45,,225.3101,22531.01,,225310.1,0.139,0.3705,139.0,370.5,1139.0,1370.5,273360.0,328920.0,1.26,2.51,PI_20260610233340499.pdf;PI_20260610235604533.pdf
45,Male,Non-Smoker,55,10,lifetime,1000,source_exact,40;45,,478.08,47808.0,,478080.0,0.24375,0.70308,243.75,703.08,1243.75,1703.08,,,,,PI_20260610233326005.pdf;PI_20260610235621805.pdf
45,Male,Non-Smoker,60,single,10,1000,source_exact,40;45,,1107.47,,110747.0,110747.0,0.37533,0.74958,375.33,749.58,1375.33,1749.58,165039.0,209949.0,2.01,3.26,PI_20260611002606265.pdf;PI_20260611002102372.pdf
45,Male,Non-Smoker,60,single,15,1000,source_exact,40;45,,1644.17,,164417.0,164417.0,0.45833,0.90541,458.33,905.41,1458.33,1905.41,262499.0,342973.0,2.11,3.36,PI_20260611002620428.pdf;PI_20260611002114684.pdf
45,Male,Non-Smoker,60,single,20,1000,source_exact,40;45,,2114.61,,211461.0,211461.0,0.50441,1.01958,504.41,1019.58,1504.41,2019.58,361058.0,484699.0,2.19,3.44,PI_20260611002632784.pdf;PI_20260611002125428.pdf
45,Male,Non-Smoker,60,single,lifetime,1000,source_exact,40;45,,4109.5501,,410955.01,410955.01,0.78008,1.61866,780.08,1618.66,1780.08,2618.66,,,,,PI_20260611002646256.pdf;PI_20260611002141455.pdf
45,Male,Non-Smoker,60,5,10,1000,source_exact,40;45,,223.12,22312.0,,111560.0,0.31466,0.63533,314.66,635.33,1314.66,1635.33,157759.0,196239.0,1.94,3.19,PI_20260610232848089.pdf;PI_20260610235214427.pdf
45,Male,Non-Smoker,60,5,15,1000,source_exact,40;45,,331.18,33118.0,,165590.0,0.40833,0.80025,408.33,800.25,1408.33,1800.25,253499.0,324045.0,2.11,3.36,PI_20260610232907656.pdf;PI_20260610235229251.pdf
45,Male,Non-Smoker,60,5,20,1000,source_exact,40;45,,421.23,42123.0,,210615.0,0.43408,0.87716,434.08,877.16,1434.08,1877.16,344179.0,450518.0,2.18,3.43,PI_20260610232921970.pdf;PI_20260610235242161.pdf
45,Male,Non-Smoker,60,5,lifetime,1000,source_exact,40;45,,830.07,83007.0,,415035.0,0.71883,1.47175,718.83,1471.75,1718.83,2471.75,,,,,PI_20260610232937082.pdf;PI_20260610235259303.pdf
45,Male,Non-Smoker,60,10,5,1000,source_exact,40;45,,56.92,5692.0,,56920.0,0.13133,0.32975,131.33,329.75,1131.33,1329.75,67879.0,79785.0,1.35,2.6,PI_20260610233509661.pdf;PI_20260610235640379.pdf
45,Male,Non-Smoker,60,10,10,1000,source_exact,40;45,,112.6701,11267.01,,112670.1,0.23408,0.49141,234.08,491.41,1234.08,1491.41,148089.0,178969.0,1.77,3.02,PI_20260610233525371.pdf;PI_20260610235655908.pdf
45,Male,Non-Smoker,60,10,15,1000,source_exact,40;45,,167.3901,16739.01,,167390.1,0.332,0.65333,332.0,653.33,1332.0,1653.33,239760.0,297599.0,2.02,3.27,PI_20260610233539267.pdf;PI_20260610235710040.pdf
45,Male,Non-Smoker,60,10,20,1000,source_exact,40;45,,213.3301,21333.01,,213330.1,0.35675,0.72733,356.75,727.33,1356.75,1727.33,325620.0,414559.0,2.1,3.35,PI_20260610233553543.pdf;PI_20260610235724523.pdf
45,Male,Non-Smoker,60,10,lifetime,1000,source_exact,40;45,,420.3101,42031.01,,420310.1,0.5975,1.23525,597.5,1235.25,1597.5,2235.25,,,,,PI_20260610233607427.pdf;PI_20260610235740981.pdf
45,Male,Non-Smoker,60,15,5,1000,source_exact,40;45,,38.33,3833.0,,57495.0,0.0415,0.1885,41.5,188.5,1041.5,1188.5,62490.0,71310.0,0.78,2.03,PI_20260610234353386.pdf;PI_20260611000823490.pdf
45,Male,Non-Smoker,60,15,10,1000,source_exact,40;45,,75.88,7588.0,,113820.0,0.12658,0.32591,126.58,325.91,1126.58,1325.91,135189.0,159109.0,1.32,2.57,PI_20260610234336514.pdf;PI_20260611000810114.pdf
45,Male,Non-Smoker,60,15,15,1000,source_exact,40;45,,112.63,11263.0,,168945.0,0.19475,0.445,194.75,445.0,1194.75,1445.0,215055.0,260100.0,1.56,2.81,PI_20260610234319409.pdf;PI_20260611000746289.pdf
45,Male,Non-Smoker,60,15,20,1000,source_exact,40;45,,148.8,14880.0,,223200.0,0.26241,0.56741,262.41,567.41,1262.41,1567.41,302978.0,376178.0,1.72,2.97,PI_20260610234200464.pdf;PI_20260611000730113.pdf;PI_20260611001200767.pdf
45,Male,Non-Smoker,60,15,lifetime,1000,source_exact,40;45,,284.09,28409.0,,426135.0,0.39541,0.91416,395.41,914.16,1395.41,1914.16,,,,,PI_20260610234143902.pdf;PI_20260611000703967.pdf;PI_20260611001217077.pdf
45,Male,Non-Smoker,65,single,10,1000,source_exact,40;45,,1066.31,,106631.0,106631.0,0.57975,1.13733,579.75,1137.33,1579.75,2137.33,189570.0,256479.0,2.33,3.58,PI_20260611002745617.pdf;PI_20260611002233997.pdf
45,Male,Non-Smoker,65,single,15,1000,source_exact,40;45,,1578.41,,157841.0,157841.0,0.69116,1.34916,691.16,1349.16,1691.16,2349.16,304408.0,422848.0,2.43,3.68,PI_20260611002732155.pdf;PI_20260611002221799.pdf
45,Male,Non-Smoker,65,single,20,1000,source_exact,40;45,,2057.21,,205721.0,205721.0,0.76241,1.50983,762.41,1509.83,1762.41,2509.83,422978.0,602359.0,2.46,3.71,PI_20260611002721437.pdf;PI_20260611002209718.pdf
45,Male,Non-Smoker,65,single,lifetime,1000,source_exact,40;45,,3562.23,,356223.0,356223.0,1.03975,2.10708,1039.75,2107.08,2039.75,3107.08,,,,,PI_20260611002703129.pdf;PI_20260611002157186.pdf
45,Male,Non-Smoker,65,5,10,1000,source_exact,40;45,,213.83,21383.0,,106915.0,0.51366,0.99933,513.66,999.33,1513.66,1999.33,181639.0,239919.0,2.33,3.58,PI_20260610232957588.pdf;PI_20260610235358883.pdf
45,Male,Non-Smoker,65,5,15,1000,source_exact,40;45,,289.89,28989.0,,144945.0,0.4805,1.00908,480.5,1009.08,1480.5,2009.08,266490.0,361634.0,2.43,3.68,PI_20260610233012578.pdf;PI_20260610235344016.pdf
45,Male,Non-Smoker,65,5,20,1000,source_exact,40;45,,378.17,37817.0,,189085.0,0.5445,1.14575,544.5,1145.75,1544.5,2145.75,370680.0,514980.0,2.46,3.71,PI_20260610233026759.pdf;PI_20260610235330765.pdf
45,Male,Non-Smoker,65,5,lifetime,1000,source_exact,40;45,,720.0,72000.0,,360000.0,0.89958,1.83075,899.58,1830.75,1899.58,2830.75,,,,,PI_20260610233042604.pdf;PI_20260610235316695.pdf
45,Male,Non-Smoker,65,10,5,1000,source_exact,40;45,,55.7901,5579.01,,55790.1,0.29908,0.62216,299.08,622.16,1299.08,1622.16,77944.0,97329.0,1.86,3.11,PI_20260610233726034.pdf;PI_20260610235921002.pdf
45,Male,Non-Smoker,65,10,10,1000,source_exact,40;45,,110.3501,11035.01,,110350.1,0.45608,0.86825,456.08,868.25,1456.08,1868.25,174729.0,224190.0,2.26,3.51,PI_20260610233711769.pdf;PI_20260610235908656.pdf
45,Male,Non-Smoker,65,10,15,1000,source_exact,40;45,,149.1701,14917.01,,149170.1,0.42616,0.87908,426.16,879.08,1426.16,1879.08,256708.0,338234.0,2.39,3.64,PI_20260610233655245.pdf;PI_20260610235854568.pdf
45,Male,Non-Smoker,65,10,20,1000,source_exact,40;45,,194.6701,19467.01,,194670.1,0.499,1.02375,499.0,1023.75,1499.0,2023.75,359760.0,485700.0,2.46,3.71,PI_20260610233640429.pdf;PI_20260610235810971.pdf
45,Male,Non-Smoker,65,10,lifetime,1000,source_exact,40;45,,364.8301,36483.01,,364830.1,0.81116,1.63308,811.16,1633.08,1811.16,2633.08,,,,,PI_20260610233623014.pdf;PI_20260610235756677.pdf
45,Male,Non-Smoker,65,15,5,1000,source_exact,40;45,,37.56,3756.0,,56340.0,0.2265,0.48833,226.5,488.33,1226.5,1488.33,73590.0,89299.0,1.71,2.96,PI_20260610234411907.pdf;PI_20260611000839195.pdf;PI_20260611001358706.pdf
45,Male,Non-Smoker,65,15,10,1000,source_exact,40;45,,74.39,7439.0,,111585.0,0.32108,0.65225,321.08,652.25,1321.08,1652.25,158529.0,198270.0,1.95,3.2,PI_20260610234426141.pdf;PI_20260611000855645.pdf;PI_20260611001345779.pdf
45,Male,Non-Smoker,65,15,15,1000,source_exact,40;45,,106.88,10688.0,,160320.0,0.392,0.78458,392.0,784.58,1392.0,1784.58,250560.0,321224.0,2.19,3.44,PI_20260610234442077.pdf;PI_20260611001330671.pdf
45,Male,Non-Smoker,65,15,20,1000,source_exact,40;45,,140.66,14066.0,,210990.0,0.45591,0.91525,455.91,915.25,1455.91,1915.25,349418.0,459660.0,2.22,3.47,PI_20260610234457507.pdf;PI_20260611001317465.pdf
45,Male,Non-Smoker,65,15,lifetime,1000,source_exact,40;45,,246.04,24604.0,,369060.0,0.67125,1.36258,671.25,1362.58,1671.25,2362.58,,,,,PI_20260610234513588.pdf;PI_20260611001303577.pdf
45,Male,Non-Smoker,65,20,5,1000,source_exact,40;45,,28.46,2846.0,,56920.0,0.15233,0.36166,152.33,361.66,1152.33,1361.66,69139.0,81699.0,1.47,2.72,PI_20260610234948038.pdf;PI_20260611001551247.pdf
45,Male,Non-Smoker,65,20,10,1000,source_exact,40;45,,56.3501,5635.01,,112700.2,0.26925,0.54466,269.25,544.66,1269.25,1544.66,152310.0,185359.0,1.92,3.17,PI_20260610234932568.pdf;PI_20260611001615743.pdf
45,Male,Non-Smoker,65,20,15,1000,source_exact,40;45,,83.7,8370.0,,167400.0,0.31991,0.65283,319.91,652.83,1319.91,1652.83,237583.0,297509.0,1.94,3.19,PI_20260610234916293.pdf;PI_20260611001629971.pdf
45,Male,Non-Smoker,65,20,20,1000,source_exact,40;45,,110.49,11049.0,,220980.0,0.37558,0.76666,375.58,766.66,1375.58,1766.66,330139.0,423998.0,1.97,3.22,PI_20260610234902526.pdf;PI_20260611001643667.pdf
45,Male,Non-Smoker,65,20,lifetime,1000,source_exact,40;45,,186.93,18693.0,,373860.0,0.50258,1.08258,502.58,1082.58,1502.58,2082.58,,,,,PI_20260610234845576.pdf;PI_20260611001700520.pdf
45,Male,Non-Smoker,70,single,10,1000,source_exact,40;45,,995.06,,99506.0,99506.0,0.74191,1.5025,741.91,1502.5,1741.91,2502.5,209029.0,300300.0,2.51,3.76,PI_20260611002759246.pdf;PI_20260611002246017.pdf
45,Male,Non-Smoker,70,single,15,1000,source_exact,40;45,,1470.48,,147048.0,147048.0,0.86733,1.75516,867.33,1755.16,1867.33,2755.16,336119.0,495928.0,2.59,3.84,PI_20260611002810349.pdf;PI_20260611002257162.pdf
45,Male,Non-Smoker,70,single,20,1000,source_exact,40;45,,1930.12,,193012.0,193012.0,0.95675,1.95425,956.75,1954.25,1956.75,2954.25,469620.0,709020.0,2.6,3.85,PI_20260611002822242.pdf;PI_20260611002346458.pdf
45,Male,Non-Smoker,70,single,lifetime,1000,source_exact,40;45,,3027.26,,302726.0,302726.0,1.27983,2.611,1279.83,2611.0,2279.83,3611.0,,,,,PI_20260611002836283.pdf;PI_20260611002359260.pdf
45,Male,Non-Smoker,70,5,10,1000,source_exact,40;45,,188.94,18894.0,,94470.0,0.56366,1.19391,563.66,1193.91,1563.66,2193.91,187639.0,263269.0,2.48,3.73,PI_20260610233143210.pdf;PI_20260610235415629.pdf
45,Male,Non-Smoker,70,5,15,1000,source_exact,40;45,,277.77,27777.0,,138885.0,0.67883,1.41258,678.83,1412.58,1678.83,2412.58,302189.0,434264.0,2.59,3.84,PI_20260610233128096.pdf;PI_20260610235429666.pdf
45,Male,Non-Smoker,70,5,20,1000,source_exact,40;45,,362.9,36290.0,,181450.0,0.74916,1.57808,749.16,1578.08,1749.16,2578.08,419798.0,618739.0,2.6,3.85,PI_20260610233113456.pdf;PI_20260610235443554.pdf
45,Male,Non-Smoker,70,5,lifetime,1000,source_exact,40;45,,612.35,61235.0,,306175.0,1.1915,2.38691,1191.5,2386.91,2191.5,3386.91,,,,,PI_20260610233100050.pdf;PI_20260610235457853.pdf
45,Male,Non-Smoker,70,10,5,1000,source_exact,40;45,,54.66,5466.0,,54660.0,0.49366,0.98058,493.66,980.58,1493.66,1980.58,89619.0,118834.0,2.16,3.41,PI_20260610233742614.pdf;PI_20260610235936106.pdf
45,Male,Non-Smoker,70,10,10,1000,source_exact,40;45,,96.58,9658.0,,96580.0,0.49616,1.03825,496.16,1038.25,1496.16,2038.25,179539.0,244590.0,2.45,3.7,PI_20260610233757093.pdf;PI_20260610235949600.pdf
45,Male,Non-Smoker,70,10,15,1000,source_exact,40;45,,141.8,14180.0,,141800.0,0.58666,1.22125,586.66,1221.25,1586.66,2221.25,285598.0,399825.0,2.54,3.79,PI_20260610233811472.pdf;PI_20260611000003719.pdf
45,Male,Non-Smoker,70,10,20,1000,source_exact,40;45,,185.08,18508.0,,185080.0,0.66733,1.39241,667.33,1392.41,1667.33,2392.41,400159.0,574178.0,2.58,3.83,PI_20260610233915893.pdf;PI_20260611000023179.pdf
45,Male,Non-Smoker,70,10,lifetime,1000,source_exact,40;45,,310.04,31004.0,,310040.0,1.07033,2.11625,1070.33,2116.25,2070.33,3116.25,,,,,PI_20260610233951518.pdf;PI_20260611000039412.pdf
45,Male,Non-Smoker,70,15,5,1000,source_exact,40;45,,36.8,3680.0,,55200.0,0.39808,0.80675,398.08,806.75,1398.08,1806.75,83884.0,108405.0,2.04,3.29,PI_20260610234639073.pdf;PI_20260611001414414.pdf
45,Male,Non-Smoker,70,15,10,1000,source_exact,40;45,,65.71,6571.0,,98565.0,0.38025,0.83216,380.25,832.16,1380.25,1832.16,165630.0,219859.0,2.26,3.51,PI_20260610234622503.pdf;PI_20260611001427450.pdf
45,Male,Non-Smoker,70,15,15,1000,source_exact,40;45,,96.43,9643.0,,144645.0,0.4455,0.96991,445.5,969.91,1445.5,1969.91,260190.0,354583.0,2.32,3.57,PI_20260610234604354.pdf;PI_20260611001448485.pdf
45,Male,Non-Smoker,70,15,20,1000,source_exact,40;45,,125.91,12591.0,,188865.0,0.52866,1.14025,528.66,1140.25,1528.66,2140.25,366878.0,513660.0,2.41,3.66,PI_20260610234548480.pdf;PI_20260611001503783.pdf
45,Male,Non-Smoker,70,15,lifetime,1000,source_exact,40;45,,208.96,20896.0,,313440.0,0.86633,1.74425,866.33,1744.25,1866.33,2744.25,,,,,PI_20260610234533727.pdf;PI_20260611001521266.pdf
45,Male,Non-Smoker,70,20,5,1000,source_exact,40;45,,27.87,2787.0,,55740.0,0.31883,0.65758,318.83,657.58,1318.83,1657.58,79129.0,99454.0,1.92,3.17,PI_20260610235003364.pdf;RRP missing/PI_20260611005639488.pdf;PI_20260611001722547.pdf
45,Male,Non-Smoker,70,20,10,1000,source_exact,40;45,,52.97,5297.0,,105940.0,0.4035,0.81841,403.5,818.41,1403.5,1818.41,168420.0,218209.0,2.25,3.5,RRP missing/PI_20260611005652260.pdf;PI_20260611001736237.pdf
45,Male,Non-Smoker,70,20,15,1000,source_exact,40;45,,78.28,7828.0,,156560.0,0.46883,0.95491,468.83,954.91,1468.83,1954.91,264389.0,351883.0,2.28,3.53,RRP missing/PI_20260611005705183.pdf;PI_20260611001749984.pdf
45,Male,Non-Smoker,70,20,20,1000,source_exact,40;45,,102.68,10268.0,,205360.0,0.53883,1.09808,538.83,1098.08,1538.83,2098.08,369319.0,503539.0,2.32,3.57,RRP missing/PI_20260611005719222.pdf;PI_20260611001810299.pdf
45,Male,Non-Smoker,70,20,lifetime,1000,source_exact,40;45,,158.67,15867.0,,317340.0,0.73941,1.49733,739.41,1497.33,1739.41,2497.33,,,,,RRP missing/PI_20260611005734318.pdf;PI_20260611001824907.pdf
46,Male,Non-Smoker,55,single,10,1000,extrapolated,40;45,,1134.072,,113407.2,113407.2,0.150764,0.358614,150.76,358.61,1150.76,1358.61,138091.0,163033.0,1.468,2.718,PI_20260611002552100.pdf;PI_20260611002047138.pdf
46,Male,Non-Smoker,55,single,15,1000,extrapolated,40;45,,1682.978,,168297.8,168297.8,0.204492,0.464468,204.49,464.47,1204.49,1464.47,216807.6,263604.4,1.606,2.856,PI_20260611002541387.pdf;PI_20260611002032772.pdf
46,Male,Non-Smoker,55,single,20,1000,extrapolated,40;45,,2235.746,,223574.6,223574.6,0.289226,0.609268,289.23,609.27,1289.23,1609.27,309413.8,386224.4,1.78,3.03,PI_20260611002530509.pdf;PI_20260611002020560.pdf
46,Male,Non-Smoker,55,single,lifetime,1000,extrapolated,40;45,,4692.51,,469251.0,469251.0,0.4631,1.047476,463.1,1047.48,1463.1,2047.48,,,,,PI_20260611002519276.pdf;PI_20260611002007234.pdf
46,Male,Non-Smoker,55,5,10,1000,extrapolated,40;45,,228.676,22867.6,,114338.0,0.062064,0.22618,62.06,226.18,1062.06,1226.18,127447.0,147141.0,1.014,2.264,PI_20260610232823308.pdf;PI_20260610235108912.pdf
46,Male,Non-Smoker,55,5,15,1000,extrapolated,40;45,,339.636,33963.6,,169818.0,0.11435,0.32095,114.35,320.95,1114.35,1320.95,200583.0,237771.0,1.238,2.488,PI_20260610232807393.pdf;PI_20260610235128612.pdf
46,Male,Non-Smoker,55,5,20,1000,extrapolated,40;45,,451.68,45168.0,,225840.0,0.178892,0.43753,178.89,437.53,1178.89,1437.53,282933.6,345007.0,1.406,2.656,PI_20260610232751428.pdf;PI_20260610235142517.pdf
46,Male,Non-Smoker,55,5,lifetime,1000,extrapolated,40;45,,950.542,95054.2,,475271.0,0.31141,0.803134,311.41,803.13,1311.41,1803.13,,,,,PI_20260610232724610.pdf;PI_20260610235158142.pdf
46,Male,Non-Smoker,60,single,10,1000,extrapolated,40;45,,1116.01398,,111601.4,111601.4,0.33548,0.674414,335.48,674.41,1335.48,1674.41,160257.0,200929.0,1.948,3.198,PI_20260611002606265.pdf;PI_20260611002102372.pdf
46,Male,Non-Smoker,60,single,15,1000,extrapolated,40;45,,1657.012,,165701.2,165701.2,0.412446,0.817876,412.45,817.88,1412.45,1817.88,254239.8,327216.8,2.048,3.298,PI_20260611002620428.pdf;PI_20260611002114684.pdf
46,Male,Non-Smoker,60,single,20,1000,extrapolated,40;45,,2126.05,,212605.0,212605.0,0.455642,0.92593,455.64,925.93,1455.64,1925.93,349353.6,462223.0,2.142,3.392,PI_20260611002632784.pdf;PI_20260611002125428.pdf
46,Male,Non-Smoker,60,single,lifetime,1000,extrapolated,40;45,,4128.45612,,412845.61,412845.61,0.71648,1.489892,716.48,1489.89,1716.48,2489.89,,,,,PI_20260611002646256.pdf;PI_20260611002141455.pdf
46,Male,Non-Smoker,60,5,10,1000,extrapolated,40;45,,224.976,22497.6,,112488.0,0.275642,0.563564,275.64,563.56,1275.64,1563.56,153076.8,187627.0,1.864,3.114,PI_20260610232848089.pdf;PI_20260610235214427.pdf
46,Male,Non-Smoker,60,5,15,1000,extrapolated,40;45,,339.518,33951.8,,169759.0,0.394714,0.760118,394.71,760.12,1394.71,1760.12,251048.2,316821.4,2.048,3.298,PI_20260610232907656.pdf;PI_20260610235229251.pdf
46,Male,Non-Smoker,60,5,20,1000,extrapolated,40;45,,429.776,42977.6,,214888.0,0.414164,0.826392,414.16,826.39,1414.16,1826.39,339399.2,438333.6,2.13,3.38,PI_20260610232921970.pdf;PI_20260610235242161.pdf
46,Male,Non-Smoker,60,5,lifetime,1000,extrapolated,40;45,,833.89,83389.0,,416945.0,0.658346,1.35205,658.35,1352.05,1658.35,2352.05,,,,,PI_20260610232937082.pdf;PI_20260610235259303.pdf
46,Male,Non-Smoker,60,10,5,1000,extrapolated,40;45,,57.152,5715.2,,57152.0,0.09798,0.271484,97.98,271.48,1097.98,1271.48,65878.0,76289.2,1.248,2.498,PI_20260610233509661.pdf;PI_20260610235640379.pdf
46,Male,Non-Smoker,60,10,10,1000,extrapolated,40;45,,113.1301,11313.01,,113130.1,0.19023,0.416276,190.23,416.28,1190.23,1416.28,142827.0,169953.0,1.674,2.924,PI_20260610233525371.pdf;PI_20260610235655908.pdf
46,Male,Non-Smoker,60,10,15,1000,extrapolated,40;45,,171.0861,17108.61,,171086.1,0.313634,0.608846,313.63,608.85,1313.63,1608.85,236454.2,289591.8,1.946,3.196,PI_20260610233539267.pdf;PI_20260610235710040.pdf
46,Male,Non-Smoker,60,10,20,1000,extrapolated,40;45,,217.0301,21703.01,,217030.1,0.330884,0.671496,330.88,671.5,1330.88,1671.5,319412.2,401158.8,2.036,3.286,PI_20260610233553543.pdf;PI_20260610235724523.pdf
46,Male,Non-Smoker,60,10,lifetime,1000,extrapolated,40;45,,422.24412,42224.41,,422244.12,0.532684,1.113734,532.68,1113.73,1532.68,2113.73,,,,,PI_20260610233607427.pdf;PI_20260610235740981.pdf
46,Male,Non-Smoker,65,single,10,1000,extrapolated,40;45,,1080.412,,108041.2,108041.2,0.542784,1.05878,542.78,1058.78,1542.78,2058.78,185134.2,247053.0,2.286,3.536,PI_20260611002745617.pdf;PI_20260611002233997.pdf
46,Male,Non-Smoker,65,single,15,1000,extrapolated,40;45,,1600.412,,160041.2,160041.2,0.653792,1.26651,653.79,1266.51,1653.79,2266.51,297681.6,407971.0,2.394,3.644,PI_20260611002732155.pdf;PI_20260611002221799.pdf
46,Male,Non-Smoker,65,single,20,1000,extrapolated,40;45,,2082.306,,208230.6,208230.6,0.722092,1.417696,722.09,1417.7,1722.09,2417.7,413301.6,580246.8,2.43,3.68,PI_20260611002721437.pdf;PI_20260611002209718.pdf
46,Male,Non-Smoker,65,single,lifetime,1000,extrapolated,40;45,,3578.624,,357862.4,357862.4,0.969818,1.955614,969.82,1955.61,1969.82,2955.61,,,,,PI_20260611002703129.pdf;PI_20260611002157186.pdf
46,Male,Non-Smoker,65,5,10,1000,extrapolated,40;45,,218.82,21882.0,,109410.0,0.49771,0.953014,497.71,953.01,1497.71,1953.01,179725.0,234361.0,2.286,3.536,PI_20260610232957588.pdf;PI_20260610235358883.pdf
46,Male,Non-Smoker,65,5,15,1000,extrapolated,40;45,,292.246,29224.6,,146123.0,0.438418,0.924564,438.42,924.56,1438.42,1924.56,258915.4,346421.2,2.394,3.644,PI_20260610233012578.pdf;PI_20260610235344016.pdf
46,Male,Non-Smoker,65,5,20,1000,extrapolated,40;45,,381.304,38130.4,,190652.0,0.502918,1.058618,502.92,1058.62,1502.92,2058.62,360700.4,494068.4,2.43,3.68,PI_20260610233026759.pdf;PI_20260610235330765.pdf
46,Male,Non-Smoker,65,5,lifetime,1000,extrapolated,40;45,,723.546,72354.6,,361773.0,0.821264,1.675184,821.26,1675.18,1821.26,2675.18,,,,,PI_20260610233042604.pdf;PI_20260610235316695.pdf
46,Male,Non-Smoker,65,10,5,1000,extrapolated,40;45,,56.01212,5601.21,,56012.12,0.25998,0.54996,259.98,549.96,1259.98,1549.96,75598.0,92997.0,1.8,3.05,PI_20260610233726034.pdf;PI_20260610235921002.pdf
46,Male,Non-Smoker,65,10,10,1000,extrapolated,40;45,,113.12812,11312.81,,113128.12,0.44858,0.835218,448.58,835.22,1448.58,1835.22,173829.0,220226.2,2.222,3.472,PI_20260610233711769.pdf;PI_20260610235908656.pdf
46,Male,Non-Smoker,65,10,15,1000,extrapolated,40;45,,150.63212,15063.21,,150632.12,0.392576,0.809546,392.58,809.55,1392.58,1809.55,250662.8,325717.8,2.358,3.608,PI_20260610233655245.pdf;PI_20260610235854568.pdf
46,Male,Non-Smoker,65,10,20,1000,extrapolated,40;45,,196.5901,19659.01,,196590.1,0.464134,0.948568,464.13,948.57,1464.13,1948.57,351392.2,467656.4,2.434,3.684,PI_20260610233640429.pdf;PI_20260610235810971.pdf
46,Male,Non-Smoker,65,10,lifetime,1000,extrapolated,40;45,,366.74412,36674.41,,366744.12,0.741726,1.495964,741.73,1495.96,1741.73,2495.96,,,,,PI_20260610233623014.pdf;PI_20260610235756677.pdf
46,Male,Non-Smoker,65,15,5,1000,extrapolated,40;45,,37.712,3771.2,,56568.0,0.184768,0.415896,184.77,415.9,1184.77,1415.9,71086.2,84952.8,1.62,2.87,PI_20260610234411907.pdf;PI_20260611000839195.pdf;PI_20260611001358706.pdf
46,Male,Non-Smoker,65,15,10,1000,extrapolated,40;45,,76.112,7611.2,,114168.0,0.30263,0.607418,302.63,607.42,1302.63,1607.42,156315.0,192890.2,1.868,3.118,PI_20260610234426141.pdf;PI_20260611000855645.pdf;PI_20260611001345779.pdf
46,Male,Non-Smoker,65,15,15,1000,extrapolated,40;45,,108.968,10896.8,,163452.0,0.3747,0.738014,374.7,738.01,1374.7,1738.01,247446.0,312842.2,2.146,3.396,PI_20260610234442077.pdf;PI_20260611001330671.pdf
46,Male,Non-Smoker,65,15,20,1000,extrapolated,40;45,,143.576,14357.6,,215364.0,0.439142,0.868184,439.14,868.18,1439.14,1868.18,345393.6,448364.2,2.178,3.428,PI_20260610234457507.pdf;PI_20260611001317465.pdf
46,Male,Non-Smoker,65,15,lifetime,1000,extrapolated,40;45,,247.252,24725.2,,370878.0,0.61565,1.249246,615.65,1249.25,1615.65,2249.25,,,,,PI_20260610234513588.pdf;PI_20260611001303577.pdf
46,Male,Non-Smoker,70,single,10,1000,extrapolated,40;45,,1001.88,,100188.0,100188.0,0.695626,1.401384,695.63,1401.38,1695.63,2401.38,203475.0,288166.2,2.49,3.74,PI_20260611002759246.pdf;PI_20260611002246017.pdf
46,Male,Non-Smoker,70,single,15,1000,extrapolated,40;45,,1481.028,,148102.8,148102.8,0.826614,1.658426,826.61,1658.43,1826.61,2658.43,328790.2,478515.8,2.584,3.834,PI_20260611002810349.pdf;PI_20260611002257162.pdf
46,Male,Non-Smoker,70,single,20,1000,extrapolated,40;45,,1945.196,,194519.6,194519.6,0.9172,1.85405,917.2,1854.05,1917.2,2854.05,460128.0,684972.0,2.596,3.846,PI_20260611002822242.pdf;PI_20260611002346458.pdf
46,Male,Non-Smoker,70,single,lifetime,1000,extrapolated,40;45,,3041.192,,304119.2,304119.2,1.22428,2.4713,1224.28,2471.3,2224.28,3471.3,,,,,PI_20260611002836283.pdf;PI_20260611002359260.pdf
46,Male,Non-Smoker,70,5,10,1000,extrapolated,40;45,,190.596,19059.6,,95298.0,0.523542,1.108326,523.54,1108.33,1523.54,2108.33,182824.8,252999.0,2.454,3.704,PI_20260610233143210.pdf;PI_20260610235415629.pdf
46,Male,Non-Smoker,70,5,15,1000,extrapolated,40;45,,280.812,28081.2,,140406.0,0.65043,1.338214,650.43,1338.21,1650.43,2338.21,297077.0,420878.2,2.584,3.834,PI_20260610233128096.pdf;PI_20260610235429666.pdf
46,Male,Non-Smoker,70,5,20,1000,extrapolated,40;45,,367.496,36749.6,,183748.0,0.723142,1.504546,723.14,1504.55,1723.14,2504.55,413553.6,601090.8,2.596,3.846,PI_20260610233113456.pdf;PI_20260610235443554.pdf
46,Male,Non-Smoker,70,5,lifetime,1000,extrapolated,40;45,,615.564,61556.4,,307782.0,1.141,2.259392,1141.0,2259.39,2141.0,3259.39,,,,,PI_20260610233100050.pdf;PI_20260610235457853.pdf
46,Male,Non-Smoker,70,10,5,1000,extrapolated,40;45,,54.87398,5487.4,,54873.98,0.44616,0.88803,446.16,888.03,1446.16,1888.03,86769.0,113281.0,2.116,3.366,PI_20260610233742614.pdf;PI_20260610235936106.pdf
46,Male,Non-Smoker,70,10,10,1000,extrapolated,40;45,,97.42598,9742.6,,97425.98,0.467926,0.9714,467.93,971.4,1467.93,1971.4,176151.0,236568.0,2.44,3.69,PI_20260610233757093.pdf;PI_20260610235949600.pdf
46,Male,Non-Smoker,70,10,15,1000,extrapolated,40;45,,143.30998,14331.0,,143309.98,0.55621,1.14895,556.21,1148.95,1556.21,2148.95,280117.0,386811.0,2.528,3.778,PI_20260610233811472.pdf;PI_20260611000003719.pdf
46,Male,Non-Smoker,70,10,20,1000,extrapolated,40;45,,187.33798,18733.8,,187337.98,0.64238,1.325076,642.38,1325.08,1642.38,2325.08,394171.0,558017.8,2.576,3.826,PI_20260610233915893.pdf;PI_20260611000023179.pdf
46,Male,Non-Smoker,70,10,lifetime,1000,extrapolated,40;45,,311.668,31166.8,,311668.0,1.022614,1.999634,1022.61,1999.63,2022.61,2999.63,,,,,PI_20260610233951518.pdf;PI_20260611000039412.pdf
46,Male,Non-Smoker,70,15,5,1000,extrapolated,40;45,,36.948,3694.8,,55422.0,0.347064,0.714168,347.06,714.17,1347.06,1714.17,80823.0,102850.2,1.972,3.222,PI_20260610234639073.pdf;PI_20260611001414414.pdf
46,Male,Non-Smoker,70,15,10,1000,extrapolated,40;45,,66.292,6629.2,,99438.0,0.344468,0.758876,344.47,758.88,1344.47,1758.88,161336.2,211065.0,2.22,3.47,PI_20260610234622503.pdf;PI_20260611001427450.pdf
46,Male,Non-Smoker,70,15,15,1000,extrapolated,40;45,,97.396,9739.6,,146094.0,0.4122,0.898042,412.2,898.04,1412.2,1898.04,254196.0,341646.6,2.29,3.54,PI_20260610234604354.pdf;PI_20260611001448485.pdf
46,Male,Non-Smoker,70,15,20,1000,extrapolated,40;45,,127.25,12725.0,,190875.0,0.499492,1.07155,499.49,1071.55,1499.49,2071.55,359877.6,497172.0,2.394,3.644,PI_20260610234548480.pdf;PI_20260611001503783.pdf
46,Male,Non-Smoker,70,15,lifetime,1000,extrapolated,40;45,,209.99,20999.0,,314985.0,0.817546,1.63285,817.55,1632.85,1817.55,2632.85,,,,,PI_20260610234533727.pdf;PI_20260611001521266.pdf
46,Male,Non-Smoker,70,20,5,1000,extrapolated,40;45,,27.98,2798.0,,55960.0,0.275114,0.577564,275.11,577.56,1275.11,1577.56,76506.0,94653.0,1.852,3.102,PI_20260610235003364.pdf;RRP missing/PI_20260611005639488.pdf;PI_20260611001722547.pdf
46,Male,Non-Smoker,70,20,10,1000,extrapolated,40;45,,53.302,5330.2,,106604.0,0.367134,0.746076,367.13,746.08,1367.13,1746.08,164056.2,209529.0,2.218,3.468,RRP missing/PI_20260611005652260.pdf;PI_20260611001736237.pdf
46,Male,Non-Smoker,70,20,15,1000,extrapolated,40;45,,78.76598,7876.6,,157531.96,0.431914,0.87871,431.91,878.71,1431.91,1878.71,257744.2,338167.0,2.254,3.504,RRP missing/PI_20260611005705183.pdf;PI_20260611001749984.pdf
46,Male,Non-Smoker,70,20,20,1000,extrapolated,40;45,,103.36598,10336.6,,206731.96,0.501246,1.01883,501.25,1018.83,1501.25,2018.83,360298.8,484519.0,2.298,3.548,RRP missing/PI_20260611005719222.pdf;PI_20260611001810299.pdf
46,Male,Non-Smoker,70,20,lifetime,1000,extrapolated,40;45,,159.4,15940.0,,318800.0,0.691392,1.392046,691.39,1392.05,1691.39,2392.05,,,,,RRP missing/PI_20260611005734318.pdf;PI_20260611001824907.pdf
47,Male,Non-Smoker,55,single,10,1000,extrapolated,40;45,,1138.674,,113867.4,113867.4,0.113198,0.293148,113.2,293.15,1113.2,1293.15,133583.0,155177.0,1.376,2.626,PI_20260611002552100.pdf;PI_20260611002047138.pdf
47,Male,Non-Smoker,55,single,15,1000,extrapolated,40;45,,1689.386,,168938.6,168938.6,0.162074,0.390936,162.07,390.94,1162.07,1390.94,209172.2,250368.8,1.522,2.772,PI_20260611002541387.pdf;PI_20260611002032772.pdf
47,Male,Non-Smoker,55,single,20,1000,extrapolated,40;45,,2255.582,,225558.2,225558.2,0.252542,0.540036,252.54,540.04,1252.54,1540.04,300609.6,369608.8,1.71,2.96,PI_20260611002530509.pdf;PI_20260611002020560.pdf
47,Male,Non-Smoker,55,single,lifetime,1000,extrapolated,40;45,,4714.0,,471400.0,471400.0,0.3957,0.923792,395.7,923.79,1395.7,1923.79,,,,,PI_20260611002519276.pdf;PI_20260611002007234.pdf
47,Male,Non-Smoker,55,5,10,1000,extrapolated,40;45,,229.602,22960.2,,114801.0,0.019798,0.15778,19.8,157.78,1019.8,1157.78,122375.0,138933.0,0.858,2.108,PI_20260610232823308.pdf;PI_20260610235108912.pdf
47,Male,Non-Smoker,55,5,15,1000,extrapolated,40;45,,341.062,34106.2,,170531.0,0.06645,0.2424,66.45,242.4,1066.45,1242.4,191961.0,223632.0,1.096,2.346,PI_20260610232807393.pdf;PI_20260610235128612.pdf
47,Male,Non-Smoker,55,5,20,1000,extrapolated,40;45,,456.85,45685.0,,228425.0,0.138124,0.36673,138.12,366.73,1138.12,1366.73,273149.2,328015.0,1.282,2.532,PI_20260610232751428.pdf;PI_20260610235142517.pdf
47,Male,Non-Smoker,55,5,lifetime,1000,extrapolated,40;45,,955.504,95550.4,,477752.0,0.22966,0.664518,229.66,664.52,1229.66,1664.52,,,,,PI_20260610232724610.pdf;PI_20260610235158142.pdf
47,Male,Non-Smoker,60,single,10,1000,extrapolated,40;45,,1124.55796,,112455.8,112455.8,0.29563,0.599248,295.63,599.25,1295.63,1599.25,155475.0,191909.0,1.886,3.136,PI_20260611002606265.pdf;PI_20260611002102372.pdf
47,Male,Non-Smoker,60,single,15,1000,extrapolated,40;45,,1669.854,,166985.4,166985.4,0.366562,0.730342,366.56,730.34,1366.56,1730.34,245980.6,311460.6,1.986,3.236,PI_20260611002620428.pdf;PI_20260611002114684.pdf
47,Male,Non-Smoker,60,single,20,1000,extrapolated,40;45,,2137.49,,213749.0,213749.0,0.406874,0.83228,406.87,832.28,1406.87,1832.28,337649.2,439747.0,2.094,3.344,PI_20260611002632784.pdf;PI_20260611002125428.pdf
47,Male,Non-Smoker,60,single,lifetime,1000,extrapolated,40;45,,4147.36214,,414736.21,414736.21,0.65288,1.361124,652.88,1361.12,1652.88,2361.12,,,,,PI_20260611002646256.pdf;PI_20260611002141455.pdf
47,Male,Non-Smoker,60,5,10,1000,extrapolated,40;45,,226.832,22683.2,,113416.0,0.236624,0.491798,236.62,491.8,1236.62,1491.8,148394.6,179015.0,1.788,3.038,PI_20260610232848089.pdf;PI_20260610235214427.pdf
47,Male,Non-Smoker,60,5,15,1000,extrapolated,40;45,,347.856,34785.6,,173928.0,0.381098,0.719986,381.1,719.99,1381.1,1719.99,248597.4,309597.8,1.986,3.236,PI_20260610232907656.pdf;PI_20260610235229251.pdf
47,Male,Non-Smoker,60,5,20,1000,extrapolated,40;45,,438.322,43832.2,,219161.0,0.394248,0.775624,394.25,775.62,1394.25,1775.62,334619.4,426149.2,2.08,3.33,PI_20260610232921970.pdf;PI_20260610235242161.pdf
47,Male,Non-Smoker,60,5,lifetime,1000,extrapolated,40;45,,837.71,83771.0,,418855.0,0.597862,1.23235,597.86,1232.35,1597.86,2232.35,,,,,PI_20260610232937082.pdf;PI_20260610235259303.pdf
47,Male,Non-Smoker,60,10,5,1000,extrapolated,40;45,,57.384,5738.4,,57384.0,0.06463,0.213218,64.63,213.22,1064.63,1213.22,63877.0,72793.4,1.146,2.396,PI_20260610233509661.pdf;PI_20260610235640379.pdf
47,Male,Non-Smoker,60,10,10,1000,extrapolated,40;45,,113.5901,11359.01,,113590.1,0.14638,0.341142,146.38,341.14,1146.38,1341.14,137565.0,160937.0,1.578,2.828,PI_20260610233525371.pdf;PI_20260610235655908.pdf
47,Male,Non-Smoker,60,10,15,1000,extrapolated,40;45,,174.7821,17478.21,,174782.1,0.295268,0.564362,295.27,564.36,1295.27,1564.36,233148.4,281584.6,1.872,3.122,PI_20260610233539267.pdf;PI_20260610235710040.pdf
47,Male,Non-Smoker,60,10,20,1000,extrapolated,40;45,,220.7301,22073.01,,220730.1,0.305018,0.615662,305.02,615.66,1305.02,1615.66,313204.4,387758.6,1.972,3.222,PI_20260610233553543.pdf;PI_20260610235724523.pdf
47,Male,Non-Smoker,60,10,lifetime,1000,extrapolated,40;45,,424.17814,42417.81,,424178.14,0.467868,0.992218,467.87,992.22,1467.87,1992.22,,,,,PI_20260610233607427.pdf;PI_20260610235740981.pdf
47,Male,Non-Smoker,65,single,10,1000,extrapolated,40;45,,1094.514,,109451.4,109451.4,0.505818,0.98023,505.82,980.23,1505.82,1980.23,180698.4,237627.0,2.242,3.492,PI_20260611002745617.pdf;PI_20260611002233997.pdf
47,Male,Non-Smoker,65,single,15,1000,extrapolated,40;45,,1622.414,,162241.4,162241.4,0.616424,1.18386,616.42,1183.86,1616.42,2183.86,290955.2,393094.0,2.358,3.608,PI_20260611002732155.pdf;PI_20260611002221799.pdf
47,Male,Non-Smoker,65,single,20,1000,extrapolated,40;45,,2107.402,,210740.2,210740.2,0.681774,1.325562,681.77,1325.56,1681.77,2325.56,403625.2,558134.6,2.4,3.65,PI_20260611002721437.pdf;PI_20260611002209718.pdf
47,Male,Non-Smoker,65,single,lifetime,1000,extrapolated,40;45,,3595.018,,359501.8,359501.8,0.899886,1.804148,899.89,1804.15,1899.89,2804.15,,,,,PI_20260611002703129.pdf;PI_20260611002157186.pdf
47,Male,Non-Smoker,65,5,10,1000,extrapolated,40;45,,223.81,22381.0,,111905.0,0.48176,0.906698,481.76,906.7,1481.76,1906.7,177811.0,228803.0,2.242,3.492,PI_20260610232957588.pdf;PI_20260610235358883.pdf
47,Male,Non-Smoker,65,5,15,1000,extrapolated,40;45,,294.602,29460.2,,147301.0,0.396336,0.840048,396.34,840.05,1396.34,1840.05,251340.8,331208.4,2.358,3.608,PI_20260610233012578.pdf;PI_20260610235344016.pdf
47,Male,Non-Smoker,65,5,20,1000,extrapolated,40;45,,384.438,38443.8,,192219.0,0.461336,0.971486,461.34,971.49,1461.34,1971.49,350720.8,473156.8,2.4,3.65,PI_20260610233026759.pdf;PI_20260610235330765.pdf
47,Male,Non-Smoker,65,5,lifetime,1000,extrapolated,40;45,,727.092,72709.2,,363546.0,0.742948,1.519618,742.95,1519.62,1742.95,2519.62,,,,,PI_20260610233042604.pdf;PI_20260610235316695.pdf
47,Male,Non-Smoker,65,10,5,1000,extrapolated,40;45,,56.23414,5623.41,,56234.14,0.22088,0.47776,220.88,477.76,1220.88,1477.76,73252.0,88665.0,1.74,2.99,PI_20260610233726034.pdf;PI_20260610235921002.pdf
47,Male,Non-Smoker,65,10,10,1000,extrapolated,40;45,,115.90614,11590.61,,115906.14,0.44108,0.802186,441.08,802.19,1441.08,1802.19,172929.0,216262.4,2.184,3.434,PI_20260610233711769.pdf;PI_20260610235908656.pdf
47,Male,Non-Smoker,65,10,15,1000,extrapolated,40;45,,152.09414,15209.41,,152094.14,0.358992,0.740012,358.99,740.01,1358.99,1740.01,244617.6,313201.6,2.326,3.576,PI_20260610233655245.pdf;PI_20260610235854568.pdf
47,Male,Non-Smoker,65,10,20,1000,extrapolated,40;45,,198.5101,19851.01,,198510.1,0.429268,0.873386,429.27,873.39,1429.27,1873.39,343024.4,449612.8,2.408,3.658,PI_20260610233640429.pdf;PI_20260610235810971.pdf
47,Male,Non-Smoker,65,10,lifetime,1000,extrapolated,40;45,,368.65814,36865.81,,368658.14,0.672292,1.358848,672.29,1358.85,1672.29,2358.85,,,,,PI_20260610233623014.pdf;PI_20260610235756677.pdf
47,Male,Non-Smoker,65,15,5,1000,extrapolated,40;45,,37.864,3786.4,,56796.0,0.143036,0.343462,143.04,343.46,1143.04,1343.46,68582.4,80606.6,1.53,2.78,PI_20260610234411907.pdf;PI_20260611000839195.pdf;PI_20260611001358706.pdf
47,Male,Non-Smoker,65,15,10,1000,extrapolated,40;45,,77.834,7783.4,,116751.0,0.28418,0.562586,284.18,562.59,1284.18,1562.59,154101.0,187510.4,1.786,3.036,PI_20260610234426141.pdf;PI_20260611000855645.pdf;PI_20260611001345779.pdf
47,Male,Non-Smoker,65,15,15,1000,extrapolated,40;45,,111.056,11105.6,,166584.0,0.3574,0.691448,357.4,691.45,1357.4,1691.45,244332.0,304460.4,2.102,3.352,PI_20260610234442077.pdf;PI_20260611001330671.pdf
47,Male,Non-Smoker,65,15,20,1000,extrapolated,40;45,,146.492,14649.2,,219738.0,0.422374,0.821118,422.37,821.12,1422.37,1821.12,341369.2,437068.4,2.136,3.386,PI_20260610234457507.pdf;PI_20260611001317465.pdf
47,Male,Non-Smoker,65,15,lifetime,1000,extrapolated,40;45,,248.464,24846.4,,372696.0,0.56005,1.135912,560.05,1135.91,1560.05,2135.91,,,,,PI_20260610234513588.pdf;PI_20260611001303577.pdf
47,Male,Non-Smoker,70,single,10,1000,extrapolated,40;45,,1008.7,,100870.0,100870.0,0.649342,1.300268,649.34,1300.27,1649.34,2300.27,197921.0,276032.4,2.47,3.72,PI_20260611002759246.pdf;PI_20260611002246017.pdf
47,Male,Non-Smoker,70,single,15,1000,extrapolated,40;45,,1491.576,,149157.6,149157.6,0.785898,1.561692,785.9,1561.69,1785.9,2561.69,321461.4,461103.6,2.578,3.828,PI_20260611002810349.pdf;PI_20260611002257162.pdf
47,Male,Non-Smoker,70,single,20,1000,extrapolated,40;45,,1960.272,,196027.2,196027.2,0.87765,1.75385,877.65,1753.85,1877.65,2753.85,450636.0,660924.0,2.592,3.842,PI_20260611002822242.pdf;PI_20260611002346458.pdf
47,Male,Non-Smoker,70,single,lifetime,1000,extrapolated,40;45,,3055.124,,305512.4,305512.4,1.16873,2.3316,1168.73,2331.6,2168.73,3331.6,,,,,PI_20260611002836283.pdf;PI_20260611002359260.pdf
47,Male,Non-Smoker,70,5,10,1000,extrapolated,40;45,,192.252,19225.2,,96126.0,0.483424,1.022742,483.42,1022.74,1483.42,2022.74,178010.6,242729.0,2.428,3.678,PI_20260610233143210.pdf;PI_20260610235415629.pdf
47,Male,Non-Smoker,70,5,15,1000,extrapolated,40;45,,283.854,28385.4,,141927.0,0.62203,1.263848,622.03,1263.85,1622.03,2263.85,291965.0,407492.4,2.578,3.828,PI_20260610233128096.pdf;PI_20260610235429666.pdf
47,Male,Non-Smoker,70,5,20,1000,extrapolated,40;45,,372.092,37209.2,,186046.0,0.697124,1.431012,697.12,1431.01,1697.12,2431.01,407309.2,583442.6,2.592,3.842,PI_20260610233113456.pdf;PI_20260610235443554.pdf
47,Male,Non-Smoker,70,5,lifetime,1000,extrapolated,40;45,,618.778,61877.8,,309389.0,1.0905,2.131874,1090.5,2131.87,2090.5,3131.87,,,,,PI_20260610233100050.pdf;PI_20260610235457853.pdf
47,Male,Non-Smoker,70,10,5,1000,extrapolated,40;45,,55.08796,5508.8,,55087.96,0.39866,0.79548,398.66,795.48,1398.66,1795.48,83919.0,107728.0,2.072,3.322,PI_20260610233742614.pdf;PI_20260610235936106.pdf
47,Male,Non-Smoker,70,10,10,1000,extrapolated,40;45,,98.27196,9827.2,,98271.96,0.439692,0.90455,439.69,904.55,1439.69,1904.55,172763.0,228546.0,2.43,3.68,PI_20260610233757093.pdf;PI_20260610235949600.pdf
47,Male,Non-Smoker,70,10,15,1000,extrapolated,40;45,,144.81996,14482.0,,144819.96,0.52576,1.07665,525.76,1076.65,1525.76,2076.65,274636.0,373797.0,2.516,3.766,PI_20260610233811472.pdf;PI_20260611000003719.pdf
47,Male,Non-Smoker,70,10,20,1000,extrapolated,40;45,,189.59596,18959.6,,189595.96,0.61743,1.257742,617.43,1257.74,1617.43,2257.74,388183.0,541857.6,2.572,3.822,PI_20260610233915893.pdf;PI_20260611000023179.pdf
47,Male,Non-Smoker,70,10,lifetime,1000,extrapolated,40;45,,313.296,31329.6,,313296.0,0.974898,1.883018,974.9,1883.02,1974.9,2883.02,,,,,PI_20260610233951518.pdf;PI_20260611000039412.pdf
47,Male,Non-Smoker,70,15,5,1000,extrapolated,40;45,,37.096,3709.6,,55644.0,0.296048,0.621586,296.05,621.59,1296.05,1621.59,77762.0,97295.4,1.904,3.154,PI_20260610234639073.pdf;PI_20260611001414414.pdf
47,Male,Non-Smoker,70,15,10,1000,extrapolated,40;45,,66.874,6687.4,,100311.0,0.308686,0.685592,308.69,685.59,1308.69,1685.59,157042.4,202271.0,2.18,3.43,PI_20260610234622503.pdf;PI_20260611001427450.pdf
47,Male,Non-Smoker,70,15,15,1000,extrapolated,40;45,,98.362,9836.2,,147543.0,0.3789,0.826174,378.9,826.17,1378.9,1826.17,248202.0,328710.2,2.26,3.51,PI_20260610234604354.pdf;PI_20260611001448485.pdf
47,Male,Non-Smoker,70,15,20,1000,extrapolated,40;45,,128.59,12859.0,,192885.0,0.470324,1.00285,470.32,1002.85,1470.32,2002.85,352877.2,480684.0,2.378,3.628,PI_20260610234548480.pdf;PI_20260611001503783.pdf
47,Male,Non-Smoker,70,15,lifetime,1000,extrapolated,40;45,,211.02,21102.0,,316530.0,0.768762,1.52145,768.76,1521.45,1768.76,2521.45,,,,,PI_20260610234533727.pdf;PI_20260611001521266.pdf
47,Male,Non-Smoker,70,20,5,1000,extrapolated,40;45,,28.09,2809.0,,56180.0,0.231398,0.497548,231.4,497.55,1231.4,1497.55,73883.0,89852.0,1.784,3.034,PI_20260610235003364.pdf;RRP missing/PI_20260611005639488.pdf;PI_20260611001722547.pdf
47,Male,Non-Smoker,70,20,10,1000,extrapolated,40;45,,53.634,5363.4,,107268.0,0.330768,0.673742,330.77,673.74,1330.77,1673.74,159692.4,200849.0,2.186,3.436,RRP missing/PI_20260611005652260.pdf;PI_20260611001736237.pdf
47,Male,Non-Smoker,70,20,15,1000,extrapolated,40;45,,79.25196,7925.2,,158503.92,0.394998,0.80251,395.0,802.51,1395.0,1802.51,251099.4,324451.0,2.228,3.478,RRP missing/PI_20260611005705183.pdf;PI_20260611001749984.pdf
47,Male,Non-Smoker,70,20,20,1000,extrapolated,40;45,,104.05196,10405.2,,208103.92,0.463662,0.93958,463.66,939.58,1463.66,1939.58,351278.6,465499.0,2.276,3.526,RRP missing/PI_20260611005719222.pdf;PI_20260611001810299.pdf
47,Male,Non-Smoker,70,20,lifetime,1000,extrapolated,40;45,,160.13,16013.0,,320260.0,0.643374,1.286762,643.37,1286.76,1643.37,2286.76,,,,,RRP missing/PI_20260611005734318.pdf;PI_20260611001824907.pdf
48,Male,Non-Smoker,55,single,10,1000,extrapolated,40;45,,1143.276,,114327.6,114327.6,0.075632,0.227682,75.63,227.68,1075.63,1227.68,129075.0,147321.0,1.284,2.534,PI_20260611002552100.pdf;PI_20260611002047138.pdf
48,Male,Non-Smoker,55,single,15,1000,extrapolated,40;45,,1695.794,,169579.4,169579.4,0.119656,0.317404,119.66,317.4,1119.66,1317.4,201536.8,237133.2,1.438,2.688,PI_20260611002541387.pdf;PI_20260611002032772.pdf
48,Male,Non-Smoker,55,single,20,1000,extrapolated,40;45,,2275.418,,227541.8,227541.8,0.215858,0.470804,215.86,470.8,1215.86,1470.8,291805.4,352993.2,1.64,2.89,PI_20260611002530509.pdf;PI_20260611002020560.pdf
48,Male,Non-Smoker,55,single,lifetime,1000,extrapolated,40;45,,4735.49,,473549.0,473549.0,0.3283,0.800108,328.3,800.11,1328.3,1800.11,,,,,PI_20260611002519276.pdf;PI_20260611002007234.pdf
48,Male,Non-Smoker,55,5,10,1000,extrapolated,40;45,,230.528,23052.8,,115264.0,-0.022468,0.08938,-22.47,89.38,977.53,1089.38,117303.0,130725.0,0.702,1.952,PI_20260610232823308.pdf;PI_20260610235108912.pdf
48,Male,Non-Smoker,55,5,15,1000,extrapolated,40;45,,342.488,34248.8,,171244.0,0.01855,0.16385,18.55,163.85,1018.55,1163.85,183339.0,209493.0,0.954,2.204,PI_20260610232807393.pdf;PI_20260610235128612.pdf
48,Male,Non-Smoker,55,5,20,1000,extrapolated,40;45,,462.02,46202.0,,231010.0,0.097356,0.29593,97.36,295.93,1097.36,1295.93,263364.8,311023.0,1.158,2.408,PI_20260610232751428.pdf;PI_20260610235142517.pdf
48,Male,Non-Smoker,55,5,lifetime,1000,extrapolated,40;45,,960.466,96046.6,,480233.0,0.14791,0.525902,147.91,525.9,1147.91,1525.9,,,,,PI_20260610232724610.pdf;PI_20260610235158142.pdf
48,Male,Non-Smoker,60,single,10,1000,extrapolated,40;45,,1133.10194,,113310.19,113310.19,0.25578,0.524082,255.78,524.08,1255.78,1524.08,150693.0,182889.0,1.824,3.074,PI_20260611002606265.pdf;PI_20260611002102372.pdf
48,Male,Non-Smoker,60,single,15,1000,extrapolated,40;45,,1682.696,,168269.6,168269.6,0.320678,0.642808,320.68,642.81,1320.68,1642.81,237721.4,295704.4,1.924,3.174,PI_20260611002620428.pdf;PI_20260611002114684.pdf
48,Male,Non-Smoker,60,single,20,1000,extrapolated,40;45,,2148.93,,214893.0,214893.0,0.358106,0.73863,358.11,738.63,1358.11,1738.63,325944.8,417271.0,2.046,3.296,PI_20260611002632784.pdf;PI_20260611002125428.pdf
48,Male,Non-Smoker,60,single,lifetime,1000,extrapolated,40;45,,4166.26816,,416626.82,416626.82,0.58928,1.232356,589.28,1232.36,1589.28,2232.36,,,,,PI_20260611002646256.pdf;PI_20260611002141455.pdf
48,Male,Non-Smoker,60,5,10,1000,extrapolated,40;45,,228.688,22868.8,,114344.0,0.197606,0.420032,197.61,420.03,1197.61,1420.03,143712.4,170403.0,1.712,2.962,PI_20260610232848089.pdf;PI_20260610235214427.pdf
48,Male,Non-Smoker,60,5,15,1000,extrapolated,40;45,,356.194,35619.4,,178097.0,0.367482,0.679854,367.48,679.85,1367.48,1679.85,246146.6,302374.2,1.924,3.174,PI_20260610232907656.pdf;PI_20260610235229251.pdf
48,Male,Non-Smoker,60,5,20,1000,extrapolated,40;45,,446.868,44686.8,,223434.0,0.374332,0.724856,374.33,724.86,1374.33,1724.86,329839.6,413964.8,2.03,3.28,PI_20260610232921970.pdf;PI_20260610235242161.pdf
48,Male,Non-Smoker,60,5,lifetime,1000,extrapolated,40;45,,841.53,84153.0,,420765.0,0.537378,1.11265,537.38,1112.65,1537.38,2112.65,,,,,PI_20260610232937082.pdf;PI_20260610235259303.pdf
48,Male,Non-Smoker,60,10,5,1000,extrapolated,40;45,,57.616,5761.6,,57616.0,0.03128,0.154952,31.28,154.95,1031.28,1154.95,61876.0,69297.6,1.044,2.294,PI_20260610233509661.pdf;PI_20260610235640379.pdf
48,Male,Non-Smoker,60,10,10,1000,extrapolated,40;45,,114.0501,11405.01,,114050.1,0.10253,0.266008,102.53,266.01,1102.53,1266.01,132303.0,151921.0,1.482,2.732,PI_20260610233525371.pdf;PI_20260610235655908.pdf
48,Male,Non-Smoker,60,10,15,1000,extrapolated,40;45,,178.4781,17847.81,,178478.1,0.276902,0.519878,276.9,519.88,1276.9,1519.88,229842.6,273577.4,1.798,3.048,PI_20260610233539267.pdf;PI_20260610235710040.pdf
48,Male,Non-Smoker,60,10,20,1000,extrapolated,40;45,,224.4301,22443.01,,224430.1,0.279152,0.559828,279.15,559.83,1279.15,1559.83,306996.6,374358.4,1.908,3.158,PI_20260610233553543.pdf;PI_20260610235724523.pdf
48,Male,Non-Smoker,60,10,lifetime,1000,extrapolated,40;45,,426.11216,42611.22,,426112.16,0.403052,0.870702,403.05,870.7,1403.05,1870.7,,,,,PI_20260610233607427.pdf;PI_20260610235740981.pdf
48,Male,Non-Smoker,65,single,10,1000,extrapolated,40;45,,1108.616,,110861.6,110861.6,0.468852,0.90168,468.85,901.68,1468.85,1901.68,176262.6,228201.0,2.198,3.448,PI_20260611002745617.pdf;PI_20260611002233997.pdf
48,Male,Non-Smoker,65,single,15,1000,extrapolated,40;45,,1644.416,,164441.6,164441.6,0.579056,1.10121,579.06,1101.21,1579.06,2101.21,284228.8,378217.0,2.322,3.572,PI_20260611002732155.pdf;PI_20260611002221799.pdf
48,Male,Non-Smoker,65,single,20,1000,extrapolated,40;45,,2132.498,,213249.8,213249.8,0.641456,1.233428,641.46,1233.43,1641.46,2233.43,393948.8,536022.4,2.37,3.62,PI_20260611002721437.pdf;PI_20260611002209718.pdf
48,Male,Non-Smoker,65,single,lifetime,1000,extrapolated,40;45,,3611.412,,361141.2,361141.2,0.829954,1.652682,829.95,1652.68,1829.95,2652.68,,,,,PI_20260611002703129.pdf;PI_20260611002157186.pdf
48,Male,Non-Smoker,65,5,10,1000,extrapolated,40;45,,228.8,22880.0,,114400.0,0.46581,0.860382,465.81,860.38,1465.81,1860.38,175897.0,223245.0,2.198,3.448,PI_20260610232957588.pdf;PI_20260610235358883.pdf
48,Male,Non-Smoker,65,5,15,1000,extrapolated,40;45,,296.958,29695.8,,148479.0,0.354254,0.755532,354.25,755.53,1354.25,1755.53,243766.2,315995.6,2.322,3.572,PI_20260610233012578.pdf;PI_20260610235344016.pdf
48,Male,Non-Smoker,65,5,20,1000,extrapolated,40;45,,387.572,38757.2,,193786.0,0.419754,0.884354,419.75,884.35,1419.75,1884.35,340741.2,452245.2,2.37,3.62,PI_20260610233026759.pdf;PI_20260610235330765.pdf
48,Male,Non-Smoker,65,5,lifetime,1000,extrapolated,40;45,,730.638,73063.8,,365319.0,0.664632,1.364052,664.63,1364.05,1664.63,2364.05,,,,,PI_20260610233042604.pdf;PI_20260610235316695.pdf
48,Male,Non-Smoker,65,10,5,1000,extrapolated,40;45,,56.45616,5645.62,,56456.16,0.18178,0.40556,181.78,405.56,1181.78,1405.56,70906.0,84333.0,1.68,2.93,PI_20260610233726034.pdf;PI_20260610235921002.pdf
48,Male,Non-Smoker,65,10,10,1000,extrapolated,40;45,,118.68416,11868.42,,118684.16,0.43358,0.769154,433.58,769.15,1433.58,1769.15,172029.0,212298.6,2.146,3.396,PI_20260610233711769.pdf;PI_20260610235908656.pdf
48,Male,Non-Smoker,65,10,15,1000,extrapolated,40;45,,153.55616,15355.62,,153556.16,0.325408,0.670478,325.41,670.48,1325.41,1670.48,238572.4,300685.4,2.294,3.544,PI_20260610233655245.pdf;PI_20260610235854568.pdf
48,Male,Non-Smoker,65,10,20,1000,extrapolated,40;45,,200.4301,20043.01,,200430.1,0.394402,0.798204,394.4,798.2,1394.4,1798.2,334656.6,431569.2,2.382,3.632,PI_20260610233640429.pdf;PI_20260610235810971.pdf
48,Male,Non-Smoker,65,10,lifetime,1000,extrapolated,40;45,,370.57216,37057.22,,370572.16,0.602858,1.221732,602.86,1221.73,1602.86,2221.73,,,,,PI_20260610233623014.pdf;PI_20260610235756677.pdf
48,Male,Non-Smoker,65,15,5,1000,extrapolated,40;45,,38.016,3801.6,,57024.0,0.101304,0.271028,101.3,271.03,1101.3,1271.03,66078.6,76260.4,1.44,2.69,PI_20260610234411907.pdf;PI_20260611000839195.pdf;PI_20260611001358706.pdf
48,Male,Non-Smoker,65,15,10,1000,extrapolated,40;45,,79.556,7955.6,,119334.0,0.26573,0.517754,265.73,517.75,1265.73,1517.75,151887.0,182130.6,1.704,2.954,PI_20260610234426141.pdf;PI_20260611000855645.pdf;PI_20260611001345779.pdf
48,Male,Non-Smoker,65,15,15,1000,extrapolated,40;45,,113.144,11314.4,,169716.0,0.3401,0.644882,340.1,644.88,1340.1,1644.88,241218.0,296078.6,2.058,3.308,PI_20260610234442077.pdf;PI_20260611001330671.pdf
48,Male,Non-Smoker,65,15,20,1000,extrapolated,40;45,,149.408,14940.8,,224112.0,0.405606,0.774052,405.61,774.05,1405.61,1774.05,337344.8,425772.6,2.094,3.344,PI_20260610234457507.pdf;PI_20260611001317465.pdf
48,Male,Non-Smoker,65,15,lifetime,1000,extrapolated,40;45,,249.676,24967.6,,374514.0,0.50445,1.022578,504.45,1022.58,1504.45,2022.58,,,,,PI_20260610234513588.pdf;PI_20260611001303577.pdf
48,Male,Non-Smoker,70,single,10,1000,extrapolated,40;45,,1015.52,,101552.0,101552.0,0.603058,1.199152,603.06,1199.15,1603.06,2199.15,192367.0,263898.6,2.45,3.7,PI_20260611002759246.pdf;PI_20260611002246017.pdf
48,Male,Non-Smoker,70,single,15,1000,extrapolated,40;45,,1502.124,,150212.4,150212.4,0.745182,1.464958,745.18,1464.96,1745.18,2464.96,314132.6,443691.4,2.572,3.822,PI_20260611002810349.pdf;PI_20260611002257162.pdf
48,Male,Non-Smoker,70,single,20,1000,extrapolated,40;45,,1975.348,,197534.8,197534.8,0.8381,1.65365,838.1,1653.65,1838.1,2653.65,441144.0,636876.0,2.588,3.838,PI_20260611002822242.pdf;PI_20260611002346458.pdf
48,Male,Non-Smoker,70,single,lifetime,1000,extrapolated,40;45,,3069.056,,306905.6,306905.6,1.11318,2.1919,1113.18,2191.9,2113.18,3191.9,,,,,PI_20260611002836283.pdf;PI_20260611002359260.pdf
48,Male,Non-Smoker,70,5,10,1000,extrapolated,40;45,,193.908,19390.8,,96954.0,0.443306,0.937158,443.31,937.16,1443.31,1937.16,173196.4,232459.0,2.402,3.652,PI_20260610233143210.pdf;PI_20260610235415629.pdf
48,Male,Non-Smoker,70,5,15,1000,extrapolated,40;45,,286.896,28689.6,,143448.0,0.59363,1.189482,593.63,1189.48,1593.63,2189.48,286853.0,394106.6,2.572,3.822,PI_20260610233128096.pdf;PI_20260610235429666.pdf
48,Male,Non-Smoker,70,5,20,1000,extrapolated,40;45,,376.688,37668.8,,188344.0,0.671106,1.357478,671.11,1357.48,1671.11,2357.48,401064.8,565794.4,2.588,3.838,PI_20260610233113456.pdf;PI_20260610235443554.pdf
48,Male,Non-Smoker,70,5,lifetime,1000,extrapolated,40;45,,621.992,62199.2,,310996.0,1.04,2.004356,1040.0,2004.36,2040.0,3004.36,,,,,PI_20260610233100050.pdf;PI_20260610235457853.pdf
48,Male,Non-Smoker,70,10,5,1000,extrapolated,40;45,,55.30194,5530.19,,55301.94,0.35116,0.70293,351.16,702.93,1351.16,1702.93,81069.0,102175.0,2.028,3.278,PI_20260610233742614.pdf;PI_20260610235936106.pdf
48,Male,Non-Smoker,70,10,10,1000,extrapolated,40;45,,99.11794,9911.79,,99117.94,0.411458,0.8377,411.46,837.7,1411.46,1837.7,169375.0,220524.0,2.42,3.67,PI_20260610233757093.pdf;PI_20260610235949600.pdf
48,Male,Non-Smoker,70,10,15,1000,extrapolated,40;45,,146.32994,14632.99,,146329.94,0.49531,1.00435,495.31,1004.35,1495.31,2004.35,269155.0,360783.0,2.504,3.754,PI_20260610233811472.pdf;PI_20260611000003719.pdf
48,Male,Non-Smoker,70,10,20,1000,extrapolated,40;45,,191.85394,19185.39,,191853.94,0.59248,1.190408,592.48,1190.41,1592.48,2190.41,382195.0,525697.4,2.568,3.818,PI_20260610233915893.pdf;PI_20260611000023179.pdf
48,Male,Non-Smoker,70,10,lifetime,1000,extrapolated,40;45,,314.924,31492.4,,314924.0,0.927182,1.766402,927.18,1766.4,1927.18,2766.4,,,,,PI_20260610233951518.pdf;PI_20260611000039412.pdf
48,Male,Non-Smoker,70,15,5,1000,extrapolated,40;45,,37.244,3724.4,,55866.0,0.245032,0.529004,245.03,529.0,1245.03,1529.0,74701.0,91740.6,1.836,3.086,PI_20260610234639073.pdf;PI_20260611001414414.pdf
48,Male,Non-Smoker,70,15,10,1000,extrapolated,40;45,,67.456,6745.6,,101184.0,0.272904,0.612308,272.9,612.31,1272.9,1612.31,152748.6,193477.0,2.14,3.39,PI_20260610234622503.pdf;PI_20260611001427450.pdf
48,Male,Non-Smoker,70,15,15,1000,extrapolated,40;45,,99.328,9932.8,,148992.0,0.3456,0.754306,345.6,754.31,1345.6,1754.31,242208.0,315773.8,2.23,3.48,PI_20260610234604354.pdf;PI_20260611001448485.pdf
48,Male,Non-Smoker,70,15,20,1000,extrapolated,40;45,,129.93,12993.0,,194895.0,0.441156,0.93415,441.16,934.15,1441.16,1934.15,345876.8,464196.0,2.362,3.612,PI_20260610234548480.pdf;PI_20260611001503783.pdf
48,Male,Non-Smoker,70,15,lifetime,1000,extrapolated,40;45,,212.05,21205.0,,318075.0,0.719978,1.41005,719.98,1410.05,1719.98,2410.05,,,,,PI_20260610234533727.pdf;PI_20260611001521266.pdf
48,Male,Non-Smoker,70,20,5,1000,extrapolated,40;45,,28.2,2820.0,,56400.0,0.187682,0.417532,187.68,417.53,1187.68,1417.53,71260.0,85051.0,1.716,2.966,PI_20260610235003364.pdf;RRP missing/PI_20260611005639488.pdf;PI_20260611001722547.pdf
48,Male,Non-Smoker,70,20,10,1000,extrapolated,40;45,,53.966,5396.6,,107932.0,0.294402,0.601408,294.4,601.41,1294.4,1601.41,155328.6,192169.0,2.154,3.404,RRP missing/PI_20260611005652260.pdf;PI_20260611001736237.pdf
48,Male,Non-Smoker,70,20,15,1000,extrapolated,40;45,,79.73794,7973.79,,159475.88,0.358082,0.72631,358.08,726.31,1358.08,1726.31,244454.6,310735.0,2.202,3.452,RRP missing/PI_20260611005705183.pdf;PI_20260611001749984.pdf
48,Male,Non-Smoker,70,20,20,1000,extrapolated,40;45,,104.73794,10473.79,,209475.88,0.426078,0.86033,426.08,860.33,1426.08,1860.33,342258.4,446479.0,2.254,3.504,RRP missing/PI_20260611005719222.pdf;PI_20260611001810299.pdf
48,Male,Non-Smoker,70,20,lifetime,1000,extrapolated,40;45,,160.86,16086.0,,321720.0,0.595356,1.181478,595.36,1181.48,1595.36,2181.48,,,,,RRP missing/PI_20260611005734318.pdf;PI_20260611001824907.pdf
49,Male,Non-Smoker,60,single,10,1000,extrapolated,40;45,,1141.64592,,114164.59,114164.59,0.21593,0.448916,215.93,448.92,1215.93,1448.92,145911.0,173869.0,1.762,3.012,PI_20260611002606265.pdf;PI_20260611002102372.pdf
49,Male,Non-Smoker,60,single,15,1000,extrapolated,40;45,,1695.538,,169553.8,169553.8,0.274794,0.555274,274.79,555.27,1274.79,1555.27,229462.2,279948.2,1.862,3.112,PI_20260611002620428.pdf;PI_20260611002114684.pdf
49,Male,Non-Smoker,60,single,20,1000,extrapolated,40;45,,2160.37,,216037.0,216037.0,0.309338,0.64498,309.34,644.98,1309.34,1644.98,314240.4,394795.0,1.998,3.248,PI_20260611002632784.pdf;PI_20260611002125428.pdf
49,Male,Non-Smoker,60,single,lifetime,1000,extrapolated,40;45,,4185.17418,,418517.42,418517.42,0.52568,1.103588,525.68,1103.59,1525.68,2103.59,,,,,PI_20260611002646256.pdf;PI_20260611002141455.pdf
49,Male,Non-Smoker,60,5,10,1000,extrapolated,40;45,,230.544,23054.4,,115272.0,0.158588,0.348266,158.59,348.27,1158.59,1348.27,139030.2,161791.0,1.636,2.886,PI_20260610232848089.pdf;PI_20260610235214427.pdf
49,Male,Non-Smoker,60,5,15,1000,extrapolated,40;45,,364.532,36453.2,,182266.0,0.353866,0.639722,353.87,639.72,1353.87,1639.72,243695.8,295150.6,1.862,3.112,PI_20260610232907656.pdf;PI_20260610235229251.pdf
49,Male,Non-Smoker,60,5,20,1000,extrapolated,40;45,,455.414,45541.4,,227707.0,0.354416,0.674088,354.42,674.09,1354.42,1674.09,325059.8,401780.4,1.98,3.23,PI_20260610232921970.pdf;PI_20260610235242161.pdf
49,Male,Non-Smoker,60,5,lifetime,1000,extrapolated,40;45,,845.35,84535.0,,422675.0,0.476894,0.99295,476.89,992.95,1476.89,1992.95,,,,,PI_20260610232937082.pdf;PI_20260610235259303.pdf
49,Male,Non-Smoker,60,10,5,1000,extrapolated,40;45,,57.848,5784.8,,57848.0,-0.00207,0.096686,-2.07,96.69,997.93,1096.69,59875.0,65801.8,0.942,2.192,PI_20260610233509661.pdf;PI_20260610235640379.pdf
49,Male,Non-Smoker,60,10,10,1000,extrapolated,40;45,,114.5101,11451.01,,114510.1,0.05868,0.190874,58.68,190.87,1058.68,1190.87,127041.0,142905.0,1.386,2.636,PI_20260610233525371.pdf;PI_20260610235655908.pdf
49,Male,Non-Smoker,60,10,15,1000,extrapolated,40;45,,182.1741,18217.41,,182174.1,0.258536,0.475394,258.54,475.39,1258.54,1475.39,226536.8,265570.2,1.724,2.974,PI_20260610233539267.pdf;PI_20260610235710040.pdf
49,Male,Non-Smoker,60,10,20,1000,extrapolated,40;45,,228.1301,22813.01,,228130.1,0.253286,0.503994,253.29,503.99,1253.29,1503.99,300788.8,360958.2,1.844,3.094,PI_20260610233553543.pdf;PI_20260610235724523.pdf
49,Male,Non-Smoker,60,10,lifetime,1000,extrapolated,40;45,,428.04618,42804.62,,428046.18,0.338236,0.749186,338.24,749.19,1338.24,1749.19,,,,,PI_20260610233607427.pdf;PI_20260610235740981.pdf
49,Male,Non-Smoker,65,single,10,1000,extrapolated,40;45,,1122.718,,112271.8,112271.8,0.431886,0.82313,431.89,823.13,1431.89,1823.13,171826.8,218775.0,2.154,3.404,PI_20260611002745617.pdf;PI_20260611002233997.pdf
49,Male,Non-Smoker,65,single,15,1000,extrapolated,40;45,,1666.418,,166641.8,166641.8,0.541688,1.01856,541.69,1018.56,1541.69,2018.56,277502.4,363340.0,2.286,3.536,PI_20260611002732155.pdf;PI_20260611002221799.pdf
49,Male,Non-Smoker,65,single,20,1000,extrapolated,40;45,,2157.594,,215759.4,215759.4,0.601138,1.141294,601.14,1141.29,1601.14,2141.29,384272.4,513910.2,2.34,3.59,PI_20260611002721437.pdf;PI_20260611002209718.pdf
49,Male,Non-Smoker,65,single,lifetime,1000,extrapolated,40;45,,3627.806,,362780.6,362780.6,0.760022,1.501216,760.02,1501.22,1760.02,2501.22,,,,,PI_20260611002703129.pdf;PI_20260611002157186.pdf
49,Male,Non-Smoker,65,5,10,1000,extrapolated,40;45,,233.79,23379.0,,116895.0,0.44986,0.814066,449.86,814.07,1449.86,1814.07,173983.0,217687.0,2.154,3.404,PI_20260610232957588.pdf;PI_20260610235358883.pdf
49,Male,Non-Smoker,65,5,15,1000,extrapolated,40;45,,299.314,29931.4,,149657.0,0.312172,0.671016,312.17,671.02,1312.17,1671.02,236191.6,300782.8,2.286,3.536,PI_20260610233012578.pdf;PI_20260610235344016.pdf
49,Male,Non-Smoker,65,5,20,1000,extrapolated,40;45,,390.706,39070.6,,195353.0,0.378172,0.797222,378.17,797.22,1378.17,1797.22,330761.6,431333.6,2.34,3.59,PI_20260610233026759.pdf;PI_20260610235330765.pdf
49,Male,Non-Smoker,65,5,lifetime,1000,extrapolated,40;45,,734.184,73418.4,,367092.0,0.586316,1.208486,586.32,1208.49,1586.32,2208.49,,,,,PI_20260610233042604.pdf;PI_20260610235316695.pdf
49,Male,Non-Smoker,65,10,5,1000,extrapolated,40;45,,56.67818,5667.82,,56678.18,0.14268,0.33336,142.68,333.36,1142.68,1333.36,68560.0,80001.0,1.62,2.87,PI_20260610233726034.pdf;PI_20260610235921002.pdf
49,Male,Non-Smoker,65,10,10,1000,extrapolated,40;45,,121.46218,12146.22,,121462.18,0.42608,0.736122,426.08,736.12,1426.08,1736.12,171129.0,208334.8,2.108,3.358,PI_20260610233711769.pdf;PI_20260610235908656.pdf
49,Male,Non-Smoker,65,10,15,1000,extrapolated,40;45,,155.01818,15501.82,,155018.18,0.291824,0.600944,291.82,600.94,1291.82,1600.94,232527.2,288169.2,2.262,3.512,PI_20260610233655245.pdf;PI_20260610235854568.pdf
49,Male,Non-Smoker,65,10,20,1000,extrapolated,40;45,,202.3501,20235.01,,202350.1,0.359536,0.723022,359.54,723.02,1359.54,1723.02,326288.8,413525.6,2.356,3.606,PI_20260610233640429.pdf;PI_20260610235810971.pdf
49,Male,Non-Smoker,65,10,lifetime,1000,extrapolated,40;45,,372.48618,37248.62,,372486.18,0.533424,1.084616,533.42,1084.62,1533.42,2084.62,,,,,PI_20260610233623014.pdf;PI_20260610235756677.pdf
49,Male,Non-Smoker,65,15,5,1000,extrapolated,40;45,,38.168,3816.8,,57252.0,0.059572,0.198594,59.57,198.59,1059.57,1198.59,63574.8,71914.2,1.35,2.6,PI_20260610234411907.pdf;PI_20260611000839195.pdf;PI_20260611001358706.pdf
49,Male,Non-Smoker,65,15,10,1000,extrapolated,40;45,,81.278,8127.8,,121917.0,0.24728,0.472922,247.28,472.92,1247.28,1472.92,149673.0,176750.8,1.622,2.872,PI_20260610234426141.pdf;PI_20260611000855645.pdf;PI_20260611001345779.pdf
49,Male,Non-Smoker,65,15,15,1000,extrapolated,40;45,,115.232,11523.2,,172848.0,0.3228,0.598316,322.8,598.32,1322.8,1598.32,238104.0,287696.8,2.014,3.264,PI_20260610234442077.pdf;PI_20260611001330671.pdf
49,Male,Non-Smoker,65,15,20,1000,extrapolated,40;45,,152.324,15232.4,,228486.0,0.388838,0.726986,388.84,726.99,1388.84,1726.99,333320.4,414476.8,2.052,3.302,PI_20260610234457507.pdf;PI_20260611001317465.pdf
49,Male,Non-Smoker,65,15,lifetime,1000,extrapolated,40;45,,250.888,25088.8,,376332.0,0.44885,0.909244,448.85,909.24,1448.85,1909.24,,,,,PI_20260610234513588.pdf;PI_20260611001303577.pdf
49,Male,Non-Smoker,70,single,10,1000,extrapolated,40;45,,1022.34,,102234.0,102234.0,0.556774,1.098036,556.77,1098.04,1556.77,2098.04,186813.0,251764.8,2.43,3.68,PI_20260611002759246.pdf;PI_20260611002246017.pdf
49,Male,Non-Smoker,70,single,15,1000,extrapolated,40;45,,1512.672,,151267.2,151267.2,0.704466,1.368224,704.47,1368.22,1704.47,2368.22,306803.8,426279.2,2.566,3.816,PI_20260611002810349.pdf;PI_20260611002257162.pdf
49,Male,Non-Smoker,70,single,20,1000,extrapolated,40;45,,1990.424,,199042.4,199042.4,0.79855,1.55345,798.55,1553.45,1798.55,2553.45,431652.0,612828.0,2.584,3.834,PI_20260611002822242.pdf;PI_20260611002346458.pdf
49,Male,Non-Smoker,70,single,lifetime,1000,extrapolated,40;45,,3082.988,,308298.8,308298.8,1.05763,2.0522,1057.63,2052.2,2057.63,3052.2,,,,,PI_20260611002836283.pdf;PI_20260611002359260.pdf
49,Male,Non-Smoker,70,5,10,1000,extrapolated,40;45,,195.564,19556.4,,97782.0,0.403188,0.851574,403.19,851.57,1403.19,1851.57,168382.2,222189.0,2.376,3.626,PI_20260610233143210.pdf;PI_20260610235415629.pdf
49,Male,Non-Smoker,70,5,15,1000,extrapolated,40;45,,289.938,28993.8,,144969.0,0.56523,1.115116,565.23,1115.12,1565.23,2115.12,281741.0,380720.8,2.566,3.816,PI_20260610233128096.pdf;PI_20260610235429666.pdf
49,Male,Non-Smoker,70,5,20,1000,extrapolated,40;45,,381.284,38128.4,,190642.0,0.645088,1.283944,645.09,1283.94,1645.09,2283.94,394820.4,548146.2,2.584,3.834,PI_20260610233113456.pdf;PI_20260610235443554.pdf
49,Male,Non-Smoker,70,5,lifetime,1000,extrapolated,40;45,,625.206,62520.6,,312603.0,0.9895,1.876838,989.5,1876.84,1989.5,2876.84,,,,,PI_20260610233100050.pdf;PI_20260610235457853.pdf
49,Male,Non-Smoker,70,10,5,1000,extrapolated,40;45,,55.51592,5551.59,,55515.92,0.30366,0.61038,303.66,610.38,1303.66,1610.38,78219.0,96622.0,1.984,3.234,PI_20260610233742614.pdf;PI_20260610235936106.pdf
49,Male,Non-Smoker,70,10,10,1000,extrapolated,40;45,,99.96392,9996.39,,99963.92,0.383224,0.77085,383.22,770.85,1383.22,1770.85,165987.0,212502.0,2.41,3.66,PI_20260610233757093.pdf;PI_20260610235949600.pdf
49,Male,Non-Smoker,70,10,15,1000,extrapolated,40;45,,147.83992,14783.99,,147839.92,0.46486,0.93205,464.86,932.05,1464.86,1932.05,263674.0,347769.0,2.492,3.742,PI_20260610233811472.pdf;PI_20260611000003719.pdf
49,Male,Non-Smoker,70,10,20,1000,extrapolated,40;45,,194.11192,19411.19,,194111.92,0.56753,1.123074,567.53,1123.07,1567.53,2123.07,376207.0,509537.2,2.564,3.814,PI_20260610233915893.pdf;PI_20260611000023179.pdf
49,Male,Non-Smoker,70,10,lifetime,1000,extrapolated,40;45,,316.552,31655.2,,316552.0,0.879466,1.649786,879.47,1649.79,1879.47,2649.79,,,,,PI_20260610233951518.pdf;PI_20260611000039412.pdf
49,Male,Non-Smoker,70,15,5,1000,extrapolated,40;45,,37.392,3739.2,,56088.0,0.194016,0.436422,194.02,436.42,1194.02,1436.42,71640.0,86185.8,1.768,3.018,PI_20260610234639073.pdf;PI_20260611001414414.pdf
49,Male,Non-Smoker,70,15,10,1000,extrapolated,40;45,,68.038,6803.8,,102057.0,0.237122,0.539024,237.12,539.02,1237.12,1539.02,148454.8,184683.0,2.1,3.35,PI_20260610234622503.pdf;PI_20260611001427450.pdf
49,Male,Non-Smoker,70,15,15,1000,extrapolated,40;45,,100.294,10029.4,,150441.0,0.3123,0.682438,312.3,682.44,1312.3,1682.44,236214.0,302837.4,2.2,3.45,PI_20260610234604354.pdf;PI_20260611001448485.pdf
49,Male,Non-Smoker,70,15,20,1000,extrapolated,40;45,,131.27,13127.0,,196905.0,0.411988,0.86545,411.99,865.45,1411.99,1865.45,338876.4,447708.0,2.346,3.596,PI_20260610234548480.pdf;PI_20260611001503783.pdf
49,Male,Non-Smoker,70,15,lifetime,1000,extrapolated,40;45,,213.08,21308.0,,319620.0,0.671194,1.29865,671.19,1298.65,1671.19,2298.65,,,,,PI_20260610234533727.pdf;PI_20260611001521266.pdf
49,Male,Non-Smoker,70,20,5,1000,extrapolated,40;45,,28.31,2831.0,,56620.0,0.143966,0.337516,143.97,337.52,1143.97,1337.52,68637.0,80250.0,1.648,2.898,PI_20260610235003364.pdf;RRP missing/PI_20260611005639488.pdf;PI_20260611001722547.pdf
49,Male,Non-Smoker,70,20,10,1000,extrapolated,40;45,,54.298,5429.8,,108596.0,0.258036,0.529074,258.04,529.07,1258.04,1529.07,150964.8,183489.0,2.122,3.372,RRP missing/PI_20260611005652260.pdf;PI_20260611001736237.pdf
49,Male,Non-Smoker,70,20,15,1000,extrapolated,40;45,,80.22392,8022.39,,160447.84,0.321166,0.65011,321.17,650.11,1321.17,1650.11,237809.8,297019.0,2.176,3.426,RRP missing/PI_20260611005705183.pdf;PI_20260611001749984.pdf
49,Male,Non-Smoker,70,20,20,1000,extrapolated,40;45,,105.42392,10542.39,,210847.84,0.388494,0.78108,388.49,781.08,1388.49,1781.08,333238.2,427459.0,2.232,3.482,RRP missing/PI_20260611005719222.pdf;PI_20260611001810299.pdf
49,Male,Non-Smoker,70,20,lifetime,1000,extrapolated,40;45,,161.59,16159.0,,323180.0,0.547338,1.076194,547.34,1076.19,1547.34,2076.19,,,,,RRP missing/PI_20260611005734318.pdf;PI_20260611001824907.pdf
50,Male,Non-Smoker,60,single,10,1000,extrapolated,40;45,,1150.1899,,115018.99,115018.99,0.17608,0.37375,176.08,373.75,1176.08,1373.75,141129.0,164849.0,1.7,2.95,PI_20260611002606265.pdf;PI_20260611002102372.pdf
50,Male,Non-Smoker,60,single,15,1000,extrapolated,40;45,,1708.38,,170838.0,170838.0,0.22891,0.46774,228.91,467.74,1228.91,1467.74,221203.0,264192.0,1.8,3.05,PI_20260611002620428.pdf;PI_20260611002114684.pdf
50,Male,Non-Smoker,60,single,20,1000,extrapolated,40;45,,2171.81,,217181.0,217181.0,0.26057,0.55133,260.57,551.33,1260.57,1551.33,302536.0,372319.0,1.95,3.2,PI_20260611002632784.pdf;PI_20260611002125428.pdf
50,Male,Non-Smoker,60,single,lifetime,1000,extrapolated,40;45,,4204.0802,,420408.02,420408.02,0.46208,0.97482,462.08,974.82,1462.08,1974.82,,,,,PI_20260611002646256.pdf;PI_20260611002141455.pdf
50,Male,Non-Smoker,60,5,10,1000,extrapolated,40;45,,232.4,23240.0,,116200.0,0.11957,0.2765,119.57,276.5,1119.57,1276.5,134348.0,153179.0,1.56,2.81,PI_20260610232848089.pdf;PI_20260610235214427.pdf
50,Male,Non-Smoker,60,5,15,1000,extrapolated,40;45,,372.87,37287.0,,186435.0,0.34025,0.59959,340.25,599.59,1340.25,1599.59,241245.0,287927.0,1.8,3.05,PI_20260610232907656.pdf;PI_20260610235229251.pdf
50,Male,Non-Smoker,60,5,20,1000,extrapolated,40;45,,463.96,46396.0,,231980.0,0.3345,0.62332,334.5,623.32,1334.5,1623.32,320280.0,389596.0,1.93,3.18,PI_20260610232921970.pdf;PI_20260610235242161.pdf
50,Male,Non-Smoker,60,5,lifetime,1000,extrapolated,40;45,,849.17,84917.0,,424585.0,0.41641,0.87325,416.41,873.25,1416.41,1873.25,,,,,PI_20260610232937082.pdf;PI_20260610235259303.pdf
50,Male,Non-Smoker,60,10,5,1000,extrapolated,40;45,,58.08,5808.0,,58080.0,-0.03542,0.03842,-35.42,38.42,964.58,1038.42,57874.0,62306.0,0.84,2.09,PI_20260610233509661.pdf;PI_20260610235640379.pdf
50,Male,Non-Smoker,60,10,10,1000,extrapolated,40;45,,114.9701,11497.01,,114970.1,0.01483,0.11574,14.83,115.74,1014.83,1115.74,121779.0,133889.0,1.29,2.54,PI_20260610233525371.pdf;PI_20260610235655908.pdf
50,Male,Non-Smoker,60,10,15,1000,extrapolated,40;45,,185.8701,18587.01,,185870.1,0.24017,0.43091,240.17,430.91,1240.17,1430.91,223231.0,257563.0,1.65,2.9,PI_20260610233539267.pdf;PI_20260610235710040.pdf
50,Male,Non-Smoker,60,10,20,1000,extrapolated,40;45,,231.8301,23183.01,,231830.1,0.22742,0.44816,227.42,448.16,1227.42,1448.16,294581.0,347558.0,1.78,3.03,PI_20260610233553543.pdf;PI_20260610235724523.pdf
50,Male,Non-Smoker,60,10,lifetime,1000,extrapolated,40;45,,429.9802,42998.02,,429980.2,0.27342,0.62767,273.42,627.67,1273.42,1627.67,,,,,PI_20260610233607427.pdf;PI_20260610235740981.pdf
50,Male,Non-Smoker,65,single,10,1000,extrapolated,40;45,,1136.82,,113682.0,113682.0,0.39492,0.74458,394.92,744.58,1394.92,1744.58,167391.0,209349.0,2.11,3.36,PI_20260611002745617.pdf;PI_20260611002233997.pdf
50,Male,Non-Smoker,65,single,15,1000,extrapolated,40;45,,1688.42,,168842.0,168842.0,0.50432,0.93591,504.32,935.91,1504.32,1935.91,270776.0,348463.0,2.25,3.5,PI_20260611002732155.pdf;PI_20260611002221799.pdf
50,Male,Non-Smoker,65,single,20,1000,extrapolated,40;45,,2182.69,,218269.0,218269.0,0.56082,1.04916,560.82,1049.16,1560.82,2049.16,374596.0,491798.0,2.31,3.56,PI_20260611002721437.pdf;PI_20260611002209718.pdf
50,Male,Non-Smoker,65,single,lifetime,1000,extrapolated,40;45,,3644.2,,364420.0,364420.0,0.69009,1.34975,690.09,1349.75,1690.09,2349.75,,,,,PI_20260611002703129.pdf;PI_20260611002157186.pdf
50,Male,Non-Smoker,65,5,10,1000,extrapolated,40;45,,238.78,23878.0,,119390.0,0.43391,0.76775,433.91,767.75,1433.91,1767.75,172069.0,212129.0,2.11,3.36,PI_20260610232957588.pdf;PI_20260610235358883.pdf
50,Male,Non-Smoker,65,5,15,1000,extrapolated,40;45,,301.67,30167.0,,150835.0,0.27009,0.5865,270.09,586.5,1270.09,1586.5,228617.0,285570.0,2.25,3.5,PI_20260610233012578.pdf;PI_20260610235344016.pdf
50,Male,Non-Smoker,65,5,20,1000,extrapolated,40;45,,393.84,39384.0,,196920.0,0.33659,0.71009,336.59,710.09,1336.59,1710.09,320782.0,410422.0,2.31,3.56,PI_20260610233026759.pdf;PI_20260610235330765.pdf
50,Male,Non-Smoker,65,5,lifetime,1000,extrapolated,40;45,,737.73,73773.0,,368865.0,0.508,1.05292,508.0,1052.92,1508.0,2052.92,,,,,PI_20260610233042604.pdf;PI_20260610235316695.pdf
50,Male,Non-Smoker,65,10,5,1000,extrapolated,40;45,,56.9002,5690.02,,56900.2,0.10358,0.26116,103.58,261.16,1103.58,1261.16,66214.0,75669.0,1.56,2.81,PI_20260610233726034.pdf;PI_20260610235921002.pdf
50,Male,Non-Smoker,65,10,10,1000,extrapolated,40;45,,124.2402,12424.02,,124240.2,0.41858,0.70309,418.58,703.09,1418.58,1703.09,170229.0,204371.0,2.07,3.32,PI_20260610233711769.pdf;PI_20260610235908656.pdf
50,Male,Non-Smoker,65,10,15,1000,extrapolated,40;45,,156.4802,15648.02,,156480.2,0.25824,0.53141,258.24,531.41,1258.24,1531.41,226482.0,275653.0,2.23,3.48,PI_20260610233655245.pdf;PI_20260610235854568.pdf
50,Male,Non-Smoker,65,10,20,1000,extrapolated,40;45,,204.2701,20427.01,,204270.1,0.32467,0.64784,324.67,647.84,1324.67,1647.84,317921.0,395482.0,2.33,3.58,PI_20260610233640429.pdf;PI_20260610235810971.pdf
50,Male,Non-Smoker,65,10,lifetime,1000,extrapolated,40;45,,374.4002,37440.02,,374400.2,0.46399,0.9475,463.99,947.5,1463.99,1947.5,,,,,PI_20260610233623014.pdf;PI_20260610235756677.pdf
50,Male,Non-Smoker,65,15,5,1000,extrapolated,40;45,,38.32,3832.0,,57480.0,0.01784,0.12616,17.84,126.16,1017.84,1126.16,61071.0,67568.0,1.26,2.51,PI_20260610234411907.pdf;PI_20260611000839195.pdf;PI_20260611001358706.pdf
50,Male,Non-Smoker,65,15,10,1000,extrapolated,40;45,,83.0,8300.0,,124500.0,0.22883,0.42809,228.83,428.09,1228.83,1428.09,147459.0,171371.0,1.54,2.79,PI_20260610234426141.pdf;PI_20260611000855645.pdf;PI_20260611001345779.pdf
50,Male,Non-Smoker,65,15,15,1000,extrapolated,40;45,,117.32,11732.0,,175980.0,0.3055,0.55175,305.5,551.75,1305.5,1551.75,234990.0,279315.0,1.97,3.22,PI_20260610234442077.pdf;PI_20260611001330671.pdf
50,Male,Non-Smoker,65,15,20,1000,extrapolated,40;45,,155.24,15524.0,,232860.0,0.37207,0.67992,372.07,679.92,1372.07,1679.92,329296.0,403181.0,2.01,3.26,PI_20260610234457507.pdf;PI_20260611001317465.pdf
50,Male,Non-Smoker,65,15,lifetime,1000,extrapolated,40;45,,252.1,25210.0,,378150.0,0.39325,0.79591,393.25,795.91,1393.25,1795.91,,,,,PI_20260610234513588.pdf;PI_20260611001303577.pdf
50,Male,Non-Smoker,70,single,10,1000,extrapolated,40;45,,1029.16,,102916.0,102916.0,0.51049,0.99692,510.49,996.92,1510.49,1996.92,181259.0,239631.0,2.41,3.66,PI_20260611002759246.pdf;PI_20260611002246017.pdf
50,Male,Non-Smoker,70,single,15,1000,extrapolated,40;45,,1523.22,,152322.0,152322.0,0.66375,1.27149,663.75,1271.49,1663.75,2271.49,299475.0,408867.0,2.56,3.81,PI_20260611002810349.pdf;PI_20260611002257162.pdf
50,Male,Non-Smoker,70,single,20,1000,extrapolated,40;45,,2005.5,,200550.0,200550.0,0.759,1.45325,759.0,1453.25,1759.0,2453.25,422160.0,588780.0,2.58,3.83,PI_20260611002822242.pdf;PI_20260611002346458.pdf
50,Male,Non-Smoker,70,single,lifetime,1000,extrapolated,40;45,,3096.92,,309692.0,309692.0,1.00208,1.9125,1002.08,1912.5,2002.08,2912.5,,,,,PI_20260611002836283.pdf;PI_20260611002359260.pdf
50,Male,Non-Smoker,70,5,10,1000,extrapolated,40;45,,197.22,19722.0,,98610.0,0.36307,0.76599,363.07,765.99,1363.07,1765.99,163568.0,211919.0,2.35,3.6,PI_20260610233143210.pdf;PI_20260610235415629.pdf
50,Male,Non-Smoker,70,5,15,1000,extrapolated,40;45,,292.98,29298.0,,146490.0,0.53683,1.04075,536.83,1040.75,1536.83,2040.75,276629.0,367335.0,2.56,3.81,PI_20260610233128096.pdf;PI_20260610235429666.pdf
50,Male,Non-Smoker,70,5,20,1000,extrapolated,40;45,,385.88,38588.0,,192940.0,0.61907,1.21041,619.07,1210.41,1619.07,2210.41,388576.0,530498.0,2.58,3.83,PI_20260610233113456.pdf;PI_20260610235443554.pdf
50,Male,Non-Smoker,70,5,lifetime,1000,extrapolated,40;45,,628.42,62842.0,,314210.0,0.939,1.74932,939.0,1749.32,1939.0,2749.32,,,,,PI_20260610233100050.pdf;PI_20260610235457853.pdf
50,Male,Non-Smoker,70,10,5,1000,extrapolated,40;45,,55.7299,5572.99,,55729.9,0.25616,0.51783,256.16,517.83,1256.16,1517.83,75369.0,91069.0,1.94,3.19,PI_20260610233742614.pdf;PI_20260610235936106.pdf
50,Male,Non-Smoker,70,10,10,1000,extrapolated,40;45,,100.8099,10080.99,,100809.9,0.35499,0.704,354.99,704.0,1354.99,1704.0,162599.0,204480.0,2.4,3.65,PI_20260610233757093.pdf;PI_20260610235949600.pdf
50,Male,Non-Smoker,70,10,15,1000,extrapolated,40;45,,149.3499,14934.99,,149349.9,0.43441,0.85975,434.41,859.75,1434.41,1859.75,258193.0,334755.0,2.48,3.73,PI_20260610233811472.pdf;PI_20260611000003719.pdf
50,Male,Non-Smoker,70,10,20,1000,extrapolated,40;45,,196.3699,19636.99,,196369.9,0.54258,1.05574,542.58,1055.74,1542.58,2055.74,370219.0,493377.0,2.56,3.81,PI_20260610233915893.pdf;PI_20260611000023179.pdf
50,Male,Non-Smoker,70,10,lifetime,1000,extrapolated,40;45,,318.18,31818.0,,318180.0,0.83175,1.53317,831.75,1533.17,1831.75,2533.17,,,,,PI_20260610233951518.pdf;PI_20260611000039412.pdf
50,Male,Non-Smoker,70,15,5,1000,extrapolated,40;45,,37.54,3754.0,,56310.0,0.143,0.34384,143.0,343.84,1143.0,1343.84,68579.0,80631.0,1.7,2.95,PI_20260610234639073.pdf;PI_20260611001414414.pdf
50,Male,Non-Smoker,70,15,10,1000,extrapolated,40;45,,68.62,6862.0,,102930.0,0.20134,0.46574,201.34,465.74,1201.34,1465.74,144161.0,175889.0,2.06,3.31,PI_20260610234622503.pdf;PI_20260611001427450.pdf
50,Male,Non-Smoker,70,15,15,1000,extrapolated,40;45,,101.26,10126.0,,151890.0,0.279,0.61057,279.0,610.57,1279.0,1610.57,230220.0,289901.0,2.17,3.42,PI_20260610234604354.pdf;PI_20260611001448485.pdf
50,Male,Non-Smoker,70,15,20,1000,extrapolated,40;45,,132.61,13261.0,,198915.0,0.38282,0.79675,382.82,796.75,1382.82,1796.75,331876.0,431220.0,2.33,3.58,PI_20260610234548480.pdf;PI_20260611001503783.pdf
50,Male,Non-Smoker,70,15,lifetime,1000,extrapolated,40;45,,214.11,21411.0,,321165.0,0.62241,1.18725,622.41,1187.25,1622.41,2187.25,,,,,PI_20260610234533727.pdf;PI_20260611001521266.pdf
50,Male,Non-Smoker,70,20,5,1000,extrapolated,40;45,,28.42,2842.0,,56840.0,0.10025,0.2575,100.25,257.5,1100.25,1257.5,66014.0,75449.0,1.58,2.83,PI_20260610235003364.pdf;RRP missing/PI_20260611005639488.pdf;PI_20260611001722547.pdf
50,Male,Non-Smoker,70,20,10,1000,extrapolated,40;45,,54.63,5463.0,,109260.0,0.22167,0.45674,221.67,456.74,1221.67,1456.74,146601.0,174809.0,2.09,3.34,RRP missing/PI_20260611005652260.pdf;PI_20260611001736237.pdf
50,Male,Non-Smoker,70,20,15,1000,extrapolated,40;45,,80.7099,8070.99,,161419.8,0.28425,0.57391,284.25,573.91,1284.25,1573.91,231165.0,283303.0,2.15,3.4,RRP missing/PI_20260611005705183.pdf;PI_20260611001749984.pdf
50,Male,Non-Smoker,70,20,20,1000,extrapolated,40;45,,106.1099,10610.99,,212219.8,0.35091,0.70183,350.91,701.83,1350.91,1701.83,324218.0,408439.0,2.21,3.46,RRP missing/PI_20260611005719222.pdf;PI_20260611001810299.pdf
50,Male,Non-Smoker,70,20,lifetime,1000,extrapolated,40;45,,162.32,16232.0,,324640.0,0.49932,0.97091,499.32,970.91,1499.32,1970.91,,,,,RRP missing/PI_20260611005734318.pdf;PI_20260611001824907.pdf
51,Male,Non-Smoker,60,single,10,1000,extrapolated,40;45,,1158.73388,,115873.39,115873.39,0.13623,0.298584,136.23,298.58,1136.23,1298.58,136347.0,155829.0,1.638,2.888,PI_20260611002606265.pdf;PI_20260611002102372.pdf
51,Male,Non-Smoker,60,single,15,1000,extrapolated,40;45,,1721.222,,172122.2,172122.2,0.183026,0.380206,183.03,380.21,1183.03,1380.21,212943.8,248435.8,1.738,2.988,PI_20260611002620428.pdf;PI_20260611002114684.pdf
51,Male,Non-Smoker,60,single,20,1000,extrapolated,40;45,,2183.25,,218325.0,218325.0,0.211802,0.45768,211.8,457.68,1211.8,1457.68,290831.6,349843.0,1.902,3.152,PI_20260611002632784.pdf;PI_20260611002125428.pdf
51,Male,Non-Smoker,60,single,lifetime,1000,extrapolated,40;45,,4222.98622,,422298.62,422298.62,0.39848,0.846052,398.48,846.05,1398.48,1846.05,,,,,PI_20260611002646256.pdf;PI_20260611002141455.pdf
51,Male,Non-Smoker,60,5,10,1000,extrapolated,40;45,,234.256,23425.6,,117128.0,0.080552,0.204734,80.55,204.73,1080.55,1204.73,129665.8,144567.0,1.484,2.734,PI_20260610232848089.pdf;PI_20260610235214427.pdf
51,Male,Non-Smoker,60,5,15,1000,extrapolated,40;45,,381.208,38120.8,,190604.0,0.326634,0.559458,326.63,559.46,1326.63,1559.46,238794.2,280703.4,1.738,2.988,PI_20260610232907656.pdf;PI_20260610235229251.pdf
51,Male,Non-Smoker,60,5,20,1000,extrapolated,40;45,,472.506,47250.6,,236253.0,0.314584,0.572552,314.58,572.55,1314.58,1572.55,315500.2,377411.6,1.88,3.13,PI_20260610232921970.pdf;PI_20260610235242161.pdf
51,Male,Non-Smoker,60,5,lifetime,1000,extrapolated,40;45,,852.99,85299.0,,426495.0,0.355926,0.75355,355.93,753.55,1355.93,1753.55,,,,,PI_20260610232937082.pdf;PI_20260610235259303.pdf
51,Male,Non-Smoker,65,single,10,1000,extrapolated,40;45,,1150.922,,115092.2,115092.2,0.357954,0.66603,357.95,666.03,1357.95,1666.03,162955.2,199923.0,2.066,3.316,PI_20260611002745617.pdf;PI_20260611002233997.pdf
51,Male,Non-Smoker,65,single,15,1000,extrapolated,40;45,,1710.422,,171042.2,171042.2,0.466952,0.85326,466.95,853.26,1466.95,1853.26,264049.6,333586.0,2.214,3.464,PI_20260611002732155.pdf;PI_20260611002221799.pdf
51,Male,Non-Smoker,65,single,20,1000,extrapolated,40;45,,2207.786,,220778.6,220778.6,0.520502,0.957026,520.5,957.03,1520.5,1957.03,364919.6,469685.8,2.28,3.53,PI_20260611002721437.pdf;PI_20260611002209718.pdf
51,Male,Non-Smoker,65,single,lifetime,1000,extrapolated,40;45,,3660.594,,366059.4,366059.4,0.620158,1.198284,620.16,1198.28,1620.16,2198.28,,,,,PI_20260611002703129.pdf;PI_20260611002157186.pdf
51,Male,Non-Smoker,65,5,10,1000,extrapolated,40;45,,243.77,24377.0,,121885.0,0.41796,0.721434,417.96,721.43,1417.96,1721.43,170155.0,206571.0,2.066,3.316,PI_20260610232957588.pdf;PI_20260610235358883.pdf
51,Male,Non-Smoker,65,5,15,1000,extrapolated,40;45,,304.026,30402.6,,152013.0,0.228008,0.501984,228.01,501.98,1228.01,1501.98,221042.4,270357.2,2.214,3.464,PI_20260610233012578.pdf;PI_20260610235344016.pdf
51,Male,Non-Smoker,65,5,20,1000,extrapolated,40;45,,396.974,39697.4,,198487.0,0.295008,0.622958,295.01,622.96,1295.01,1622.96,310802.4,389510.4,2.28,3.53,PI_20260610233026759.pdf;PI_20260610235330765.pdf
51,Male,Non-Smoker,65,5,lifetime,1000,extrapolated,40;45,,741.276,74127.6,,370638.0,0.429684,0.897354,429.68,897.35,1429.68,1897.35,,,,,PI_20260610233042604.pdf;PI_20260610235316695.pdf
51,Male,Non-Smoker,65,10,5,1000,extrapolated,40;45,,57.12222,5712.22,,57122.22,0.06448,0.18896,64.48,188.96,1064.48,1188.96,63868.0,71337.0,1.5,2.75,PI_20260610233726034.pdf;PI_20260610235921002.pdf
51,Male,Non-Smoker,65,10,10,1000,extrapolated,40;45,,127.01822,12701.82,,127018.22,0.41108,0.670058,411.08,670.06,1411.08,1670.06,169329.0,200407.2,2.032,3.282,PI_20260610233711769.pdf;PI_20260610235908656.pdf
51,Male,Non-Smoker,65,10,15,1000,extrapolated,40;45,,157.94222,15794.22,,157942.22,0.224656,0.461876,224.66,461.88,1224.66,1461.88,220436.8,263136.8,2.198,3.448,PI_20260610233655245.pdf;PI_20260610235854568.pdf
51,Male,Non-Smoker,65,10,20,1000,extrapolated,40;45,,206.1901,20619.01,,206190.1,0.289804,0.572658,289.8,572.66,1289.8,1572.66,309553.2,377438.4,2.304,3.554,PI_20260610233640429.pdf;PI_20260610235810971.pdf
51,Male,Non-Smoker,65,10,lifetime,1000,extrapolated,40;45,,376.31422,37631.42,,376314.22,0.394556,0.810384,394.56,810.38,1394.56,1810.38,,,,,PI_20260610233623014.pdf;PI_20260610235756677.pdf
51,Male,Non-Smoker,70,single,10,1000,extrapolated,40;45,,1035.98,,103598.0,103598.0,0.464206,0.895804,464.21,895.8,1464.21,1895.8,175705.0,227497.2,2.39,3.64,PI_20260611002759246.pdf;PI_20260611002246017.pdf
51,Male,Non-Smoker,70,single,15,1000,extrapolated,40;45,,1533.768,,153376.8,153376.8,0.623034,1.174756,623.03,1174.76,1623.03,2174.76,292146.2,391454.8,2.554,3.804,PI_20260611002810349.pdf;PI_20260611002257162.pdf
51,Male,Non-Smoker,70,single,20,1000,extrapolated,40;45,,2020.576,,202057.6,202057.6,0.71945,1.35305,719.45,1353.05,1719.45,2353.05,412668.0,564732.0,2.576,3.826,PI_20260611002822242.pdf;PI_20260611002346458.pdf
51,Male,Non-Smoker,70,single,lifetime,1000,extrapolated,40;45,,3110.852,,311085.2,311085.2,0.94653,1.7728,946.53,1772.8,1946.53,2772.8,,,,,PI_20260611002836283.pdf;PI_20260611002359260.pdf
51,Male,Non-Smoker,70,5,10,1000,extrapolated,40;45,,198.876,19887.6,,99438.0,0.322952,0.680406,322.95,680.41,1322.95,1680.41,158753.8,201649.0,2.324,3.574,PI_20260610233143210.pdf;PI_20260610235415629.pdf
51,Male,Non-Smoker,70,5,15,1000,extrapolated,40;45,,296.022,29602.2,,148011.0,0.50843,0.966384,508.43,966.38,1508.43,1966.38,271517.0,353949.2,2.554,3.804,PI_20260610233128096.pdf;PI_20260610235429666.pdf
51,Male,Non-Smoker,70,5,20,1000,extrapolated,40;45,,390.476,39047.6,,195238.0,0.593052,1.136876,593.05,1136.88,1593.05,2136.88,382331.6,512849.8,2.576,3.826,PI_20260610233113456.pdf;PI_20260610235443554.pdf
51,Male,Non-Smoker,70,5,lifetime,1000,extrapolated,40;45,,631.634,63163.4,,315817.0,0.8885,1.621802,888.5,1621.8,1888.5,2621.8,,,,,PI_20260610233100050.pdf;PI_20260610235457853.pdf
51,Male,Non-Smoker,70,10,5,1000,extrapolated,40;45,,55.94388,5594.39,,55943.88,0.20866,0.42528,208.66,425.28,1208.66,1425.28,72519.0,85516.0,1.896,3.146,PI_20260610233742614.pdf;PI_20260610235936106.pdf
51,Male,Non-Smoker,70,10,10,1000,extrapolated,40;45,,101.65588,10165.59,,101655.88,0.326756,0.63715,326.76,637.15,1326.76,1637.15,159211.0,196458.0,2.39,3.64,PI_20260610233757093.pdf;PI_20260610235949600.pdf
51,Male,Non-Smoker,70,10,15,1000,extrapolated,40;45,,150.85988,15085.99,,150859.88,0.40396,0.78745,403.96,787.45,1403.96,1787.45,252712.0,321741.0,2.468,3.718,PI_20260610233811472.pdf;PI_20260611000003719.pdf
51,Male,Non-Smoker,70,10,20,1000,extrapolated,40;45,,198.62788,19862.79,,198627.88,0.51763,0.988406,517.63,988.41,1517.63,1988.41,364231.0,477216.8,2.556,3.806,PI_20260610233915893.pdf;PI_20260611000023179.pdf
51,Male,Non-Smoker,70,10,lifetime,1000,extrapolated,40;45,,319.808,31980.8,,319808.0,0.784034,1.416554,784.03,1416.55,1784.03,2416.55,,,,,PI_20260610233951518.pdf;PI_20260611000039412.pdf
51,Male,Non-Smoker,70,15,5,1000,extrapolated,40;45,,37.688,3768.8,,56532.0,0.091984,0.251258,91.98,251.26,1091.98,1251.26,65518.0,75076.2,1.632,2.882,PI_20260610234639073.pdf;PI_20260611001414414.pdf
51,Male,Non-Smoker,70,15,10,1000,extrapolated,40;45,,69.202,6920.2,,103803.0,0.165558,0.392456,165.56,392.46,1165.56,1392.46,139867.2,167095.0,2.02,3.27,PI_20260610234622503.pdf;PI_20260611001427450.pdf
51,Male,Non-Smoker,70,15,15,1000,extrapolated,40;45,,102.226,10222.6,,153339.0,0.2457,0.538702,245.7,538.7,1245.7,1538.7,224226.0,276964.6,2.14,3.39,PI_20260610234604354.pdf;PI_20260611001448485.pdf
51,Male,Non-Smoker,70,15,20,1000,extrapolated,40;45,,133.95,13395.0,,200925.0,0.353652,0.72805,353.65,728.05,1353.65,1728.05,324875.6,414732.0,2.314,3.564,PI_20260610234548480.pdf;PI_20260611001503783.pdf
51,Male,Non-Smoker,70,15,lifetime,1000,extrapolated,40;45,,215.14,21514.0,,322710.0,0.573626,1.07585,573.63,1075.85,1573.63,2075.85,,,,,PI_20260610234533727.pdf;PI_20260611001521266.pdf
52,Male,Non-Smoker,60,single,10,1000,extrapolated,40;45,,1167.27786,,116727.79,116727.79,0.09638,0.223418,96.38,223.42,1096.38,1223.42,131565.0,146809.0,1.576,2.826,PI_20260611002606265.pdf;PI_20260611002102372.pdf
52,Male,Non-Smoker,60,single,15,1000,extrapolated,40;45,,1734.064,,173406.4,173406.4,0.137142,0.292672,137.14,292.67,1137.14,1292.67,204684.6,232679.6,1.676,2.926,PI_20260611002620428.pdf;PI_20260611002114684.pdf
52,Male,Non-Smoker,60,single,20,1000,extrapolated,40;45,,2194.69,,219469.0,219469.0,0.163034,0.36403,163.03,364.03,1163.03,1364.03,279127.2,327367.0,1.854,3.104,PI_20260611002632784.pdf;PI_20260611002125428.pdf
52,Male,Non-Smoker,60,single,lifetime,1000,extrapolated,40;45,,4241.89224,,424189.22,424189.22,0.33488,0.717284,334.88,717.28,1334.88,1717.28,,,,,PI_20260611002646256.pdf;PI_20260611002141455.pdf
52,Male,Non-Smoker,60,5,10,1000,extrapolated,40;45,,236.112,23611.2,,118056.0,0.041534,0.132968,41.53,132.97,1041.53,1132.97,124983.6,135955.0,1.408,2.658,PI_20260610232848089.pdf;PI_20260610235214427.pdf
52,Male,Non-Smoker,60,5,15,1000,extrapolated,40;45,,389.546,38954.6,,194773.0,0.313018,0.519326,313.02,519.33,1313.02,1519.33,236343.4,273479.8,1.676,2.926,PI_20260610232907656.pdf;PI_20260610235229251.pdf
52,Male,Non-Smoker,60,5,20,1000,extrapolated,40;45,,481.052,48105.2,,240526.0,0.294668,0.521784,294.67,521.78,1294.67,1521.78,310720.4,365227.2,1.83,3.08,PI_20260610232921970.pdf;PI_20260610235242161.pdf
52,Male,Non-Smoker,60,5,lifetime,1000,extrapolated,40;45,,856.81,85681.0,,428405.0,0.295442,0.63385,295.44,633.85,1295.44,1633.85,,,,,PI_20260610232937082.pdf;PI_20260610235259303.pdf
52,Male,Non-Smoker,65,single,10,1000,extrapolated,40;45,,1165.024,,116502.4,116502.4,0.320988,0.58748,320.99,587.48,1320.99,1587.48,158519.4,190497.0,2.022,3.272,PI_20260611002745617.pdf;PI_20260611002233997.pdf
52,Male,Non-Smoker,65,single,15,1000,extrapolated,40;45,,1732.424,,173242.4,173242.4,0.429584,0.77061,429.58,770.61,1429.58,1770.61,257323.2,318709.0,2.178,3.428,PI_20260611002732155.pdf;PI_20260611002221799.pdf
52,Male,Non-Smoker,65,single,20,1000,extrapolated,40;45,,2232.882,,223288.2,223288.2,0.480184,0.864892,480.18,864.89,1480.18,1864.89,355243.2,447573.6,2.25,3.5,PI_20260611002721437.pdf;PI_20260611002209718.pdf
52,Male,Non-Smoker,65,single,lifetime,1000,extrapolated,40;45,,3676.988,,367698.8,367698.8,0.550226,1.046818,550.23,1046.82,1550.23,2046.82,,,,,PI_20260611002703129.pdf;PI_20260611002157186.pdf
52,Male,Non-Smoker,65,5,10,1000,extrapolated,40;45,,248.76,24876.0,,124380.0,0.40201,0.675118,402.01,675.12,1402.01,1675.12,168241.0,201013.0,2.022,3.272,PI_20260610232957588.pdf;PI_20260610235358883.pdf
52,Male,Non-Smoker,65,5,15,1000,extrapolated,40;45,,306.382,30638.2,,153191.0,0.185926,0.417468,185.93,417.47,1185.93,1417.47,213467.8,255144.4,2.178,3.428,PI_20260610233012578.pdf;PI_20260610235344016.pdf
52,Male,Non-Smoker,65,5,20,1000,extrapolated,40;45,,400.108,40010.8,,200054.0,0.253426,0.535826,253.43,535.83,1253.43,1535.83,300822.8,368598.8,2.25,3.5,PI_20260610233026759.pdf;PI_20260610235330765.pdf
52,Male,Non-Smoker,65,5,lifetime,1000,extrapolated,40;45,,744.822,74482.2,,372411.0,0.351368,0.741788,351.37,741.79,1351.37,1741.79,,,,,PI_20260610233042604.pdf;PI_20260610235316695.pdf
52,Male,Non-Smoker,65,10,5,1000,extrapolated,40;45,,57.34424,5734.42,,57344.24,0.02538,0.11676,25.38,116.76,1025.38,1116.76,61522.0,67005.0,1.44,2.69,PI_20260610233726034.pdf;PI_20260610235921002.pdf
52,Male,Non-Smoker,65,10,10,1000,extrapolated,40;45,,129.79624,12979.62,,129796.24,0.40358,0.637026,403.58,637.03,1403.58,1637.03,168429.0,196443.4,1.994,3.244,PI_20260610233711769.pdf;PI_20260610235908656.pdf
52,Male,Non-Smoker,65,10,15,1000,extrapolated,40;45,,159.40424,15940.42,,159404.24,0.191072,0.392342,191.07,392.34,1191.07,1392.34,214391.6,250620.6,2.166,3.416,PI_20260610233655245.pdf;PI_20260610235854568.pdf
52,Male,Non-Smoker,65,10,20,1000,extrapolated,40;45,,208.1101,20811.01,,208110.1,0.254938,0.497476,254.94,497.48,1254.94,1497.48,301185.4,359394.8,2.278,3.528,PI_20260610233640429.pdf;PI_20260610235810971.pdf
52,Male,Non-Smoker,65,10,lifetime,1000,extrapolated,40;45,,378.22824,37822.82,,378228.24,0.325122,0.673268,325.12,673.27,1325.12,1673.27,,,,,PI_20260610233623014.pdf;PI_20260610235756677.pdf
52,Male,Non-Smoker,70,single,10,1000,extrapolated,40;45,,1042.8,,104280.0,104280.0,0.417922,0.794688,417.92,794.69,1417.92,1794.69,170151.0,215363.4,2.37,3.62,PI_20260611002759246.pdf;PI_20260611002246017.pdf
52,Male,Non-Smoker,70,single,15,1000,extrapolated,40;45,,1544.316,,154431.6,154431.6,0.582318,1.078022,582.32,1078.02,1582.32,2078.02,284817.4,374042.6,2.548,3.798,PI_20260611002810349.pdf;PI_20260611002257162.pdf
52,Male,Non-Smoker,70,single,20,1000,extrapolated,40;45,,2035.652,,203565.2,203565.2,0.6799,1.25285,679.9,1252.85,1679.9,2252.85,403176.0,540684.0,2.572,3.822,PI_20260611002822242.pdf;PI_20260611002346458.pdf
52,Male,Non-Smoker,70,single,lifetime,1000,extrapolated,40;45,,3124.784,,312478.4,312478.4,0.89098,1.6331,890.98,1633.1,1890.98,2633.1,,,,,PI_20260611002836283.pdf;PI_20260611002359260.pdf
52,Male,Non-Smoker,70,5,10,1000,extrapolated,40;45,,200.532,20053.2,,100266.0,0.282834,0.594822,282.83,594.82,1282.83,1594.82,153939.6,191379.0,2.298,3.548,PI_20260610233143210.pdf;PI_20260610235415629.pdf
52,Male,Non-Smoker,70,5,15,1000,extrapolated,40;45,,299.064,29906.4,,149532.0,0.48003,0.892018,480.03,892.02,1480.03,1892.02,266405.0,340563.4,2.548,3.798,PI_20260610233128096.pdf;PI_20260610235429666.pdf
52,Male,Non-Smoker,70,5,20,1000,extrapolated,40;45,,395.072,39507.2,,197536.0,0.567034,1.063342,567.03,1063.34,1567.03,2063.34,376087.2,495201.6,2.572,3.822,PI_20260610233113456.pdf;PI_20260610235443554.pdf
52,Male,Non-Smoker,70,5,lifetime,1000,extrapolated,40;45,,634.848,63484.8,,317424.0,0.838,1.494284,838.0,1494.28,1838.0,2494.28,,,,,PI_20260610233100050.pdf;PI_20260610235457853.pdf
52,Male,Non-Smoker,70,10,5,1000,extrapolated,40;45,,56.15786,5615.79,,56157.86,0.16116,0.33273,161.16,332.73,1161.16,1332.73,69669.0,79963.0,1.852,3.102,PI_20260610233742614.pdf;PI_20260610235936106.pdf
52,Male,Non-Smoker,70,10,10,1000,extrapolated,40;45,,102.50186,10250.19,,102501.86,0.298522,0.5703,298.52,570.3,1298.52,1570.3,155823.0,188436.0,2.38,3.63,PI_20260610233757093.pdf;PI_20260610235949600.pdf
52,Male,Non-Smoker,70,10,15,1000,extrapolated,40;45,,152.36986,15236.99,,152369.86,0.37351,0.71515,373.51,715.15,1373.51,1715.15,247231.0,308727.0,2.456,3.706,PI_20260610233811472.pdf;PI_20260611000003719.pdf
52,Male,Non-Smoker,70,10,20,1000,extrapolated,40;45,,200.88586,20088.59,,200885.86,0.49268,0.921072,492.68,921.07,1492.68,1921.07,358243.0,461056.6,2.552,3.802,PI_20260610233915893.pdf;PI_20260611000023179.pdf
52,Male,Non-Smoker,70,10,lifetime,1000,extrapolated,40;45,,321.436,32143.6,,321436.0,0.736318,1.299938,736.32,1299.94,1736.32,2299.94,,,,,PI_20260610233951518.pdf;PI_20260611000039412.pdf
52,Male,Non-Smoker,70,15,5,1000,extrapolated,40;45,,37.836,3783.6,,56754.0,0.040968,0.158676,40.97,158.68,1040.97,1158.68,62457.0,69521.4,1.564,2.814,PI_20260610234639073.pdf;PI_20260611001414414.pdf
52,Male,Non-Smoker,70,15,10,1000,extrapolated,40;45,,69.784,6978.4,,104676.0,0.129776,0.319172,129.78,319.17,1129.78,1319.17,135573.4,158301.0,1.98,3.23,PI_20260610234622503.pdf;PI_20260611001427450.pdf
52,Male,Non-Smoker,70,15,15,1000,extrapolated,40;45,,103.192,10319.2,,154788.0,0.2124,0.466834,212.4,466.83,1212.4,1466.83,218232.0,264028.2,2.11,3.36,PI_20260610234604354.pdf;PI_20260611001448485.pdf
52,Male,Non-Smoker,70,15,20,1000,extrapolated,40;45,,135.29,13529.0,,202935.0,0.324484,0.65935,324.48,659.35,1324.48,1659.35,317875.2,398244.0,2.298,3.548,PI_20260610234548480.pdf;PI_20260611001503783.pdf
52,Male,Non-Smoker,70,15,lifetime,1000,extrapolated,40;45,,216.17,21617.0,,324255.0,0.524842,0.96445,524.84,964.45,1524.84,1964.45,,,,,PI_20260610234533727.pdf;PI_20260611001521266.pdf
53,Male,Non-Smoker,60,single,10,1000,extrapolated,40;45,,1175.82184,,117582.18,117582.18,0.05653,0.148252,56.53,148.25,1056.53,1148.25,126783.0,137789.0,1.514,2.764,PI_20260611002606265.pdf;PI_20260611002102372.pdf
53,Male,Non-Smoker,60,single,15,1000,extrapolated,40;45,,1746.906,,174690.6,174690.6,0.091258,0.205138,91.26,205.14,1091.26,1205.14,196425.4,216923.4,1.614,2.864,PI_20260611002620428.pdf;PI_20260611002114684.pdf
53,Male,Non-Smoker,60,single,20,1000,extrapolated,40;45,,2206.13,,220613.0,220613.0,0.114266,0.27038,114.27,270.38,1114.27,1270.38,267422.8,304891.0,1.806,3.056,PI_20260611002632784.pdf;PI_20260611002125428.pdf
53,Male,Non-Smoker,60,single,lifetime,1000,extrapolated,40;45,,4260.79826,,426079.83,426079.83,0.27128,0.588516,271.28,588.52,1271.28,1588.52,,,,,PI_20260611002646256.pdf;PI_20260611002141455.pdf
53,Male,Non-Smoker,60,5,10,1000,extrapolated,40;45,,237.968,23796.8,,118984.0,0.002516,0.061202,2.52,61.2,1002.52,1061.2,120301.4,127343.0,1.332,2.582,PI_20260610232848089.pdf;PI_20260610235214427.pdf
53,Male,Non-Smoker,60,5,15,1000,extrapolated,40;45,,397.884,39788.4,,198942.0,0.299402,0.479194,299.4,479.19,1299.4,1479.19,233892.6,266256.2,1.614,2.864,PI_20260610232907656.pdf;PI_20260610235229251.pdf
53,Male,Non-Smoker,60,5,20,1000,extrapolated,40;45,,489.598,48959.8,,244799.0,0.274752,0.471016,274.75,471.02,1274.75,1471.02,305940.6,353042.8,1.78,3.03,PI_20260610232921970.pdf;PI_20260610235242161.pdf
53,Male,Non-Smoker,60,5,lifetime,1000,extrapolated,40;45,,860.63,86063.0,,430315.0,0.234958,0.51415,234.96,514.15,1234.96,1514.15,,,,,PI_20260610232937082.pdf;PI_20260610235259303.pdf
53,Male,Non-Smoker,65,single,10,1000,extrapolated,40;45,,1179.126,,117912.6,117912.6,0.284022,0.50893,284.02,508.93,1284.02,1508.93,154083.6,181071.0,1.978,3.228,PI_20260611002745617.pdf;PI_20260611002233997.pdf
53,Male,Non-Smoker,65,single,15,1000,extrapolated,40;45,,1754.426,,175442.6,175442.6,0.392216,0.68796,392.22,687.96,1392.22,1687.96,250596.8,303832.0,2.142,3.392,PI_20260611002732155.pdf;PI_20260611002221799.pdf
53,Male,Non-Smoker,65,single,20,1000,extrapolated,40;45,,2257.978,,225797.8,225797.8,0.439866,0.772758,439.87,772.76,1439.87,1772.76,345566.8,425461.4,2.22,3.47,PI_20260611002721437.pdf;PI_20260611002209718.pdf
53,Male,Non-Smoker,65,single,lifetime,1000,extrapolated,40;45,,3693.382,,369338.2,369338.2,0.480294,0.895352,480.29,895.35,1480.29,1895.35,,,,,PI_20260611002703129.pdf;PI_20260611002157186.pdf
53,Male,Non-Smoker,65,5,10,1000,extrapolated,40;45,,253.75,25375.0,,126875.0,0.38606,0.628802,386.06,628.8,1386.06,1628.8,166327.0,195455.0,1.978,3.228,PI_20260610232957588.pdf;PI_20260610235358883.pdf
53,Male,Non-Smoker,65,5,15,1000,extrapolated,40;45,,308.738,30873.8,,154369.0,0.143844,0.332952,143.84,332.95,1143.84,1332.95,205893.2,239931.6,2.142,3.392,PI_20260610233012578.pdf;PI_20260610235344016.pdf
53,Male,Non-Smoker,65,5,20,1000,extrapolated,40;45,,403.242,40324.2,,201621.0,0.211844,0.448694,211.84,448.69,1211.84,1448.69,290843.2,347687.2,2.22,3.47,PI_20260610233026759.pdf;PI_20260610235330765.pdf
53,Male,Non-Smoker,65,5,lifetime,1000,extrapolated,40;45,,748.368,74836.8,,374184.0,0.273052,0.586222,273.05,586.22,1273.05,1586.22,,,,,PI_20260610233042604.pdf;PI_20260610235316695.pdf
53,Male,Non-Smoker,65,10,5,1000,extrapolated,40;45,,57.56626,5756.63,,57566.26,-0.01372,0.04456,-13.72,44.56,986.28,1044.56,59176.0,62673.0,1.38,2.63,PI_20260610233726034.pdf;PI_20260610235921002.pdf
53,Male,Non-Smoker,65,10,10,1000,extrapolated,40;45,,132.57426,13257.43,,132574.26,0.39608,0.603994,396.08,603.99,1396.08,1603.99,167529.0,192479.6,1.956,3.206,PI_20260610233711769.pdf;PI_20260610235908656.pdf
53,Male,Non-Smoker,65,10,15,1000,extrapolated,40;45,,160.86626,16086.63,,160866.26,0.157488,0.322808,157.49,322.81,1157.49,1322.81,208346.4,238104.4,2.134,3.384,PI_20260610233655245.pdf;PI_20260610235854568.pdf
53,Male,Non-Smoker,65,10,20,1000,extrapolated,40;45,,210.0301,21003.01,,210030.1,0.220072,0.422294,220.07,422.29,1220.07,1422.29,292817.6,341351.2,2.252,3.502,PI_20260610233640429.pdf;PI_20260610235810971.pdf
53,Male,Non-Smoker,65,10,lifetime,1000,extrapolated,40;45,,380.14226,38014.23,,380142.26,0.255688,0.536152,255.69,536.15,1255.69,1536.15,,,,,PI_20260610233623014.pdf;PI_20260610235756677.pdf
53,Male,Non-Smoker,70,single,10,1000,extrapolated,40;45,,1049.62,,104962.0,104962.0,0.371638,0.693572,371.64,693.57,1371.64,1693.57,164597.0,203229.6,2.35,3.6,PI_20260611002759246.pdf;PI_20260611002246017.pdf
53,Male,Non-Smoker,70,single,15,1000,extrapolated,40;45,,1554.864,,155486.4,155486.4,0.541602,0.981288,541.6,981.29,1541.6,1981.29,277488.6,356630.4,2.542,3.792,PI_20260611002810349.pdf;PI_20260611002257162.pdf
53,Male,Non-Smoker,70,single,20,1000,extrapolated,40;45,,2050.728,,205072.8,205072.8,0.64035,1.15265,640.35,1152.65,1640.35,2152.65,393684.0,516636.0,2.568,3.818,PI_20260611002822242.pdf;PI_20260611002346458.pdf
53,Male,Non-Smoker,70,single,lifetime,1000,extrapolated,40;45,,3138.716,,313871.6,313871.6,0.83543,1.4934,835.43,1493.4,1835.43,2493.4,,,,,PI_20260611002836283.pdf;PI_20260611002359260.pdf
53,Male,Non-Smoker,70,5,10,1000,extrapolated,40;45,,202.188,20218.8,,101094.0,0.242716,0.509238,242.72,509.24,1242.72,1509.24,149125.4,181109.0,2.272,3.522,PI_20260610233143210.pdf;PI_20260610235415629.pdf
53,Male,Non-Smoker,70,5,15,1000,extrapolated,40;45,,302.106,30210.6,,151053.0,0.45163,0.817652,451.63,817.65,1451.63,1817.65,261293.0,327177.6,2.542,3.792,PI_20260610233128096.pdf;PI_20260610235429666.pdf
53,Male,Non-Smoker,70,5,20,1000,extrapolated,40;45,,399.668,39966.8,,199834.0,0.541016,0.989808,541.02,989.81,1541.02,1989.81,369842.8,477553.4,2.568,3.818,PI_20260610233113456.pdf;PI_20260610235443554.pdf
53,Male,Non-Smoker,70,5,lifetime,1000,extrapolated,40;45,,638.062,63806.2,,319031.0,0.7875,1.366766,787.5,1366.77,1787.5,2366.77,,,,,PI_20260610233100050.pdf;PI_20260610235457853.pdf
53,Male,Non-Smoker,70,10,5,1000,extrapolated,40;45,,56.37184,5637.18,,56371.84,0.11366,0.24018,113.66,240.18,1113.66,1240.18,66819.0,74410.0,1.808,3.058,PI_20260610233742614.pdf;PI_20260610235936106.pdf
53,Male,Non-Smoker,70,10,10,1000,extrapolated,40;45,,103.34784,10334.78,,103347.84,0.270288,0.50345,270.29,503.45,1270.29,1503.45,152435.0,180414.0,2.37,3.62,PI_20260610233757093.pdf;PI_20260610235949600.pdf
53,Male,Non-Smoker,70,10,15,1000,extrapolated,40;45,,153.87984,15387.98,,153879.84,0.34306,0.64285,343.06,642.85,1343.06,1642.85,241750.0,295713.0,2.444,3.694,PI_20260610233811472.pdf;PI_20260611000003719.pdf
53,Male,Non-Smoker,70,10,20,1000,extrapolated,40;45,,203.14384,20314.38,,203143.84,0.46773,0.853738,467.73,853.74,1467.73,1853.74,352255.0,444896.4,2.548,3.798,PI_20260610233915893.pdf;PI_20260611000023179.pdf
53,Male,Non-Smoker,70,10,lifetime,1000,extrapolated,40;45,,323.064,32306.4,,323064.0,0.688602,1.183322,688.6,1183.32,1688.6,2183.32,,,,,PI_20260610233951518.pdf;PI_20260611000039412.pdf
53,Male,Non-Smoker,70,15,5,1000,extrapolated,40;45,,37.984,3798.4,,56976.0,-0.010048,0.066094,-10.05,66.09,989.95,1066.09,59396.0,63966.6,1.496,2.746,PI_20260610234639073.pdf;PI_20260611001414414.pdf
53,Male,Non-Smoker,70,15,10,1000,extrapolated,40;45,,70.366,7036.6,,105549.0,0.093994,0.245888,93.99,245.89,1093.99,1245.89,131279.6,149507.0,1.94,3.19,PI_20260610234622503.pdf;PI_20260611001427450.pdf
53,Male,Non-Smoker,70,15,15,1000,extrapolated,40;45,,104.158,10415.8,,156237.0,0.1791,0.394966,179.1,394.97,1179.1,1394.97,212238.0,251091.8,2.08,3.33,PI_20260610234604354.pdf;PI_20260611001448485.pdf
53,Male,Non-Smoker,70,15,20,1000,extrapolated,40;45,,136.63,13663.0,,204945.0,0.295316,0.59065,295.32,590.65,1295.32,1590.65,310874.8,381756.0,2.282,3.532,PI_20260610234548480.pdf;PI_20260611001503783.pdf
53,Male,Non-Smoker,70,15,lifetime,1000,extrapolated,40;45,,217.2,21720.0,,325800.0,0.476058,0.85305,476.06,853.05,1476.06,1853.05,,,,,PI_20260610234533727.pdf;PI_20260611001521266.pdf
54,Male,Non-Smoker,65,single,10,1000,extrapolated,40;45,,1193.228,,119322.8,119322.8,0.247056,0.43038,247.06,430.38,1247.06,1430.38,149647.8,171645.0,1.934,3.184,PI_20260611002745617.pdf;PI_20260611002233997.pdf
54,Male,Non-Smoker,65,single,15,1000,extrapolated,40;45,,1776.428,,177642.8,177642.8,0.354848,0.60531,354.85,605.31,1354.85,1605.31,243870.4,288955.0,2.106,3.356,PI_20260611002732155.pdf;PI_20260611002221799.pdf
54,Male,Non-Smoker,65,single,20,1000,extrapolated,40;45,,2283.074,,228307.4,228307.4,0.399548,0.680624,399.55,680.62,1399.55,1680.62,335890.4,403349.2,2.19,3.44,PI_20260611002721437.pdf;PI_20260611002209718.pdf
54,Male,Non-Smoker,65,single,lifetime,1000,extrapolated,40;45,,3709.776,,370977.6,370977.6,0.410362,0.743886,410.36,743.89,1410.36,1743.89,,,,,PI_20260611002703129.pdf;PI_20260611002157186.pdf
54,Male,Non-Smoker,65,5,10,1000,extrapolated,40;45,,258.74,25874.0,,129370.0,0.37011,0.582486,370.11,582.49,1370.11,1582.49,164413.0,189897.0,1.934,3.184,PI_20260610232957588.pdf;PI_20260610235358883.pdf
54,Male,Non-Smoker,65,5,15,1000,extrapolated,40;45,,311.094,31109.4,,155547.0,0.101762,0.248436,101.76,248.44,1101.76,1248.44,198318.6,224718.8,2.106,3.356,PI_20260610233012578.pdf;PI_20260610235344016.pdf
54,Male,Non-Smoker,65,5,20,1000,extrapolated,40;45,,406.376,40637.6,,203188.0,0.170262,0.361562,170.26,361.56,1170.26,1361.56,280863.6,326775.6,2.19,3.44,PI_20260610233026759.pdf;PI_20260610235330765.pdf
54,Male,Non-Smoker,65,5,lifetime,1000,extrapolated,40;45,,751.914,75191.4,,375957.0,0.194736,0.430656,194.74,430.66,1194.74,1430.66,,,,,PI_20260610233042604.pdf;PI_20260610235316695.pdf
54,Male,Non-Smoker,65,10,5,1000,extrapolated,40;45,,57.78828,5778.83,,57788.28,-0.05282,-0.02764,-52.82,-27.64,947.18,972.36,56830.0,58341.0,1.32,2.57,PI_20260610233726034.pdf;PI_20260610235921002.pdf
54,Male,Non-Smoker,65,10,10,1000,extrapolated,40;45,,135.35228,13535.23,,135352.28,0.38858,0.570962,388.58,570.96,1388.58,1570.96,166629.0,188515.8,1.918,3.168,PI_20260610233711769.pdf;PI_20260610235908656.pdf
54,Male,Non-Smoker,65,10,15,1000,extrapolated,40;45,,162.32828,16232.83,,162328.28,0.123904,0.253274,123.9,253.27,1123.9,1253.27,202301.2,225588.2,2.102,3.352,PI_20260610233655245.pdf;PI_20260610235854568.pdf
54,Male,Non-Smoker,65,10,20,1000,extrapolated,40;45,,211.9501,21195.01,,211950.1,0.185206,0.347112,185.21,347.11,1185.21,1347.11,284449.8,323307.6,2.226,3.476,PI_20260610233640429.pdf;PI_20260610235810971.pdf
54,Male,Non-Smoker,65,10,lifetime,1000,extrapolated,40;45,,382.05628,38205.63,,382056.28,0.186254,0.399036,186.25,399.04,1186.25,1399.04,,,,,PI_20260610233623014.pdf;PI_20260610235756677.pdf
54,Male,Non-Smoker,70,single,10,1000,extrapolated,40;45,,1056.44,,105644.0,105644.0,0.325354,0.592456,325.35,592.46,1325.35,1592.46,159043.0,191095.8,2.33,3.58,PI_20260611002759246.pdf;PI_20260611002246017.pdf
54,Male,Non-Smoker,70,single,15,1000,extrapolated,40;45,,1565.412,,156541.2,156541.2,0.500886,0.884554,500.89,884.55,1500.89,1884.55,270159.8,339218.2,2.536,3.786,PI_20260611002810349.pdf;PI_20260611002257162.pdf
54,Male,Non-Smoker,70,single,20,1000,extrapolated,40;45,,2065.804,,206580.4,206580.4,0.6008,1.05245,600.8,1052.45,1600.8,2052.45,384192.0,492588.0,2.564,3.814,PI_20260611002822242.pdf;PI_20260611002346458.pdf
54,Male,Non-Smoker,70,single,lifetime,1000,extrapolated,40;45,,3152.648,,315264.8,315264.8,0.77988,1.3537,779.88,1353.7,1779.88,2353.7,,,,,PI_20260611002836283.pdf;PI_20260611002359260.pdf
54,Male,Non-Smoker,70,5,10,1000,extrapolated,40;45,,203.844,20384.4,,101922.0,0.202598,0.423654,202.6,423.65,1202.6,1423.65,144311.2,170839.0,2.246,3.496,PI_20260610233143210.pdf;PI_20260610235415629.pdf
54,Male,Non-Smoker,70,5,15,1000,extrapolated,40;45,,305.148,30514.8,,152574.0,0.42323,0.743286,423.23,743.29,1423.23,1743.29,256181.0,313791.8,2.536,3.786,PI_20260610233128096.pdf;PI_20260610235429666.pdf
54,Male,Non-Smoker,70,5,20,1000,extrapolated,40;45,,404.264,40426.4,,202132.0,0.514998,0.916274,515.0,916.27,1515.0,1916.27,363598.4,459905.2,2.564,3.814,PI_20260610233113456.pdf;PI_20260610235443554.pdf
54,Male,Non-Smoker,70,5,lifetime,1000,extrapolated,40;45,,641.276,64127.6,,320638.0,0.737,1.239248,737.0,1239.25,1737.0,2239.25,,,,,PI_20260610233100050.pdf;PI_20260610235457853.pdf
54,Male,Non-Smoker,70,10,5,1000,extrapolated,40;45,,56.58582,5658.58,,56585.82,0.06616,0.14763,66.16,147.63,1066.16,1147.63,63969.0,68857.0,1.764,3.014,PI_20260610233742614.pdf;PI_20260610235936106.pdf
54,Male,Non-Smoker,70,10,10,1000,extrapolated,40;45,,104.19382,10419.38,,104193.82,0.242054,0.4366,242.05,436.6,1242.05,1436.6,149047.0,172392.0,2.36,3.61,PI_20260610233757093.pdf;PI_20260610235949600.pdf
54,Male,Non-Smoker,70,10,15,1000,extrapolated,40;45,,155.38982,15538.98,,155389.82,0.31261,0.57055,312.61,570.55,1312.61,1570.55,236269.0,282699.0,2.432,3.682,PI_20260610233811472.pdf;PI_20260611000003719.pdf
54,Male,Non-Smoker,70,10,20,1000,extrapolated,40;45,,205.40182,20540.18,,205401.82,0.44278,0.786404,442.78,786.4,1442.78,1786.4,346267.0,428736.2,2.544,3.794,PI_20260610233915893.pdf;PI_20260611000023179.pdf
54,Male,Non-Smoker,70,10,lifetime,1000,extrapolated,40;45,,324.692,32469.2,,324692.0,0.640886,1.066706,640.89,1066.71,1640.89,2066.71,,,,,PI_20260610233951518.pdf;PI_20260611000039412.pdf
54,Male,Non-Smoker,70,15,5,1000,extrapolated,40;45,,38.132,3813.2,,57198.0,-0.061064,-0.026488,-61.06,-26.49,938.94,973.51,56335.0,58411.8,1.428,2.678,PI_20260610234639073.pdf;PI_20260611001414414.pdf
54,Male,Non-Smoker,70,15,10,1000,extrapolated,40;45,,70.948,7094.8,,106422.0,0.058212,0.172604,58.21,172.6,1058.21,1172.6,126985.8,140713.0,1.9,3.15,PI_20260610234622503.pdf;PI_20260611001427450.pdf
54,Male,Non-Smoker,70,15,15,1000,extrapolated,40;45,,105.124,10512.4,,157686.0,0.1458,0.323098,145.8,323.1,1145.8,1323.1,206244.0,238155.4,2.05,3.3,PI_20260610234604354.pdf;PI_20260611001448485.pdf
54,Male,Non-Smoker,70,15,20,1000,extrapolated,40;45,,137.97,13797.0,,206955.0,0.266148,0.52195,266.15,521.95,1266.15,1521.95,303874.4,365268.0,2.266,3.516,PI_20260610234548480.pdf;PI_20260611001503783.pdf
54,Male,Non-Smoker,70,15,lifetime,1000,extrapolated,40;45,,218.23,21823.0,,327345.0,0.427274,0.74165,427.27,741.65,1427.27,1741.65,,,,,PI_20260610234533727.pdf;PI_20260611001521266.pdf
55,Male,Non-Smoker,65,single,10,1000,extrapolated,40;45,,1207.33,,120733.0,120733.0,0.21009,0.35183,210.09,351.83,1210.09,1351.83,145212.0,162219.0,1.89,3.14,PI_20260611002745617.pdf;PI_20260611002233997.pdf
55,Male,Non-Smoker,65,single,15,1000,extrapolated,40;45,,1798.43,,179843.0,179843.0,0.31748,0.52266,317.48,522.66,1317.48,1522.66,237144.0,274078.0,2.07,3.32,PI_20260611002732155.pdf;PI_20260611002221799.pdf
55,Male,Non-Smoker,65,single,20,1000,extrapolated,40;45,,2308.17,,230817.0,230817.0,0.35923,0.58849,359.23,588.49,1359.23,1588.49,326214.0,381237.0,2.16,3.41,PI_20260611002721437.pdf;PI_20260611002209718.pdf
55,Male,Non-Smoker,65,single,lifetime,1000,extrapolated,40;45,,3726.17,,372617.0,372617.0,0.34043,0.59242,340.43,592.42,1340.43,1592.42,,,,,PI_20260611002703129.pdf;PI_20260611002157186.pdf
55,Male,Non-Smoker,65,5,10,1000,extrapolated,40;45,,263.73,26373.0,,131865.0,0.35416,0.53617,354.16,536.17,1354.16,1536.17,162499.0,184339.0,1.89,3.14,PI_20260610232957588.pdf;PI_20260610235358883.pdf
55,Male,Non-Smoker,65,5,15,1000,extrapolated,40;45,,313.45,31345.0,,156725.0,0.05968,0.16392,59.68,163.92,1059.68,1163.92,190744.0,209506.0,2.07,3.32,PI_20260610233012578.pdf;PI_20260610235344016.pdf
55,Male,Non-Smoker,65,5,20,1000,extrapolated,40;45,,409.51,40951.0,,204755.0,0.12868,0.27443,128.68,274.43,1128.68,1274.43,270884.0,305864.0,2.16,3.41,PI_20260610233026759.pdf;PI_20260610235330765.pdf
55,Male,Non-Smoker,65,5,lifetime,1000,extrapolated,40;45,,755.46,75546.0,,377730.0,0.11642,0.27509,116.42,275.09,1116.42,1275.09,,,,,PI_20260610233042604.pdf;PI_20260610235316695.pdf
55,Male,Non-Smoker,65,10,5,1000,extrapolated,40;45,,58.0103,5801.03,,58010.3,-0.09192,-0.09984,-91.92,-99.84,908.08,900.16,54484.0,54009.0,1.26,2.51,PI_20260610233726034.pdf;PI_20260610235921002.pdf
55,Male,Non-Smoker,65,10,10,1000,extrapolated,40;45,,138.1303,13813.03,,138130.3,0.38108,0.53793,381.08,537.93,1381.08,1537.93,165729.0,184552.0,1.88,3.13,PI_20260610233711769.pdf;PI_20260610235908656.pdf
55,Male,Non-Smoker,65,10,15,1000,extrapolated,40;45,,163.7903,16379.03,,163790.3,0.09032,0.18374,90.32,183.74,1090.32,1183.74,196256.0,213072.0,2.07,3.32,PI_20260610233655245.pdf;PI_20260610235854568.pdf
55,Male,Non-Smoker,65,10,20,1000,extrapolated,40;45,,213.8701,21387.01,,213870.1,0.15034,0.27193,150.34,271.93,1150.34,1271.93,276082.0,305264.0,2.2,3.45,PI_20260610233640429.pdf;PI_20260610235810971.pdf
55,Male,Non-Smoker,65,10,lifetime,1000,extrapolated,40;45,,383.9703,38397.03,,383970.3,0.11682,0.26192,116.82,261.92,1116.82,1261.92,,,,,PI_20260610233623014.pdf;PI_20260610235756677.pdf
55,Male,Non-Smoker,70,single,10,1000,extrapolated,40;45,,1063.26,,106326.0,106326.0,0.27907,0.49134,279.07,491.34,1279.07,1491.34,153489.0,178962.0,2.31,3.56,PI_20260611002759246.pdf;PI_20260611002246017.pdf
55,Male,Non-Smoker,70,single,15,1000,extrapolated,40;45,,1575.96,,157596.0,157596.0,0.46017,0.78782,460.17,787.82,1460.17,1787.82,262831.0,321806.0,2.53,3.78,PI_20260611002810349.pdf;PI_20260611002257162.pdf
55,Male,Non-Smoker,70,single,20,1000,extrapolated,40;45,,2080.88,,208088.0,208088.0,0.56125,0.95225,561.25,952.25,1561.25,1952.25,374700.0,468540.0,2.56,3.81,PI_20260611002822242.pdf;PI_20260611002346458.pdf
55,Male,Non-Smoker,70,single,lifetime,1000,extrapolated,40;45,,3166.58,,316658.0,316658.0,0.72433,1.214,724.33,1214.0,1724.33,2214.0,,,,,PI_20260611002836283.pdf;PI_20260611002359260.pdf
55,Male,Non-Smoker,70,5,10,1000,extrapolated,40;45,,205.5,20550.0,,102750.0,0.16248,0.33807,162.48,338.07,1162.48,1338.07,139497.0,160569.0,2.22,3.47,PI_20260610233143210.pdf;PI_20260610235415629.pdf
55,Male,Non-Smoker,70,5,15,1000,extrapolated,40;45,,308.19,30819.0,,154095.0,0.39483,0.66892,394.83,668.92,1394.83,1668.92,251069.0,300406.0,2.53,3.78,PI_20260610233128096.pdf;PI_20260610235429666.pdf
55,Male,Non-Smoker,70,5,20,1000,extrapolated,40;45,,408.86,40886.0,,204430.0,0.48898,0.84274,488.98,842.74,1488.98,1842.74,357354.0,442257.0,2.56,3.81,PI_20260610233113456.pdf;PI_20260610235443554.pdf
55,Male,Non-Smoker,70,5,lifetime,1000,extrapolated,40;45,,644.49,64449.0,,322245.0,0.6865,1.11173,686.5,1111.73,1686.5,2111.73,,,,,PI_20260610233100050.pdf;PI_20260610235457853.pdf
55,Male,Non-Smoker,70,10,5,1000,extrapolated,40;45,,56.7998,5679.98,,56799.8,0.01866,0.05508,18.66,55.08,1018.66,1055.08,61119.0,63304.0,1.72,2.97,PI_20260610233742614.pdf;PI_20260610235936106.pdf
55,Male,Non-Smoker,70,10,10,1000,extrapolated,40;45,,105.0398,10503.98,,105039.8,0.21382,0.36975,213.82,369.75,1213.82,1369.75,145659.0,164370.0,2.35,3.6,PI_20260610233757093.pdf;PI_20260610235949600.pdf
55,Male,Non-Smoker,70,10,15,1000,extrapolated,40;45,,156.8998,15689.98,,156899.8,0.28216,0.49825,282.16,498.25,1282.16,1498.25,230788.0,269685.0,2.42,3.67,PI_20260610233811472.pdf;PI_20260611000003719.pdf
55,Male,Non-Smoker,70,10,20,1000,extrapolated,40;45,,207.6598,20765.98,,207659.8,0.41783,0.71907,417.83,719.07,1417.83,1719.07,340279.0,412576.0,2.54,3.79,PI_20260610233915893.pdf;PI_20260611000023179.pdf
55,Male,Non-Smoker,70,10,lifetime,1000,extrapolated,40;45,,326.32,32632.0,,326320.0,0.59317,0.95009,593.17,950.09,1593.17,1950.09,,,,,PI_20260610233951518.pdf;PI_20260611000039412.pdf
55,Male,Non-Smoker,70,15,5,1000,extrapolated,40;45,,38.28,3828.0,,57420.0,-0.11208,-0.11907,-112.08,-119.07,887.92,880.93,53274.0,52857.0,1.36,2.61,PI_20260610234639073.pdf;PI_20260611001414414.pdf
55,Male,Non-Smoker,70,15,10,1000,extrapolated,40;45,,71.53,7153.0,,107295.0,0.02243,0.09932,22.43,99.32,1022.43,1099.32,122692.0,131919.0,1.86,3.11,PI_20260610234622503.pdf;PI_20260611001427450.pdf
55,Male,Non-Smoker,70,15,15,1000,extrapolated,40;45,,106.09,10609.0,,159135.0,0.1125,0.25123,112.5,251.23,1112.5,1251.23,200250.0,225219.0,2.02,3.27,PI_20260610234604354.pdf;PI_20260611001448485.pdf
55,Male,Non-Smoker,70,15,20,1000,extrapolated,40;45,,139.31,13931.0,,208965.0,0.23698,0.45325,236.98,453.25,1236.98,1453.25,296874.0,348780.0,2.25,3.5,PI_20260610234548480.pdf;PI_20260611001503783.pdf
55,Male,Non-Smoker,70,15,lifetime,1000,extrapolated,40;45,,219.26,21926.0,,328890.0,0.37849,0.63025,378.49,630.25,1378.49,1630.25,,,,,PI_20260610234533727.pdf;PI_20260611001521266.pdf
56,Male,Non-Smoker,65,single,10,1000,extrapolated,40;45,,1221.432,,122143.2,122143.2,0.173124,0.27328,173.12,273.28,1173.12,1273.28,140776.2,152793.0,1.846,3.096,PI_20260611002745617.pdf;PI_20260611002233997.pdf
56,Male,Non-Smoker,65,single,15,1000,extrapolated,40;45,,1820.432,,182043.2,182043.2,0.280112,0.44001,280.11,440.01,1280.11,1440.01,230417.6,259201.0,2.034,3.284,PI_20260611002732155.pdf;PI_20260611002221799.pdf
56,Male,Non-Smoker,65,single,20,1000,extrapolated,40;45,,2333.266,,233326.6,233326.6,0.318912,0.496356,318.91,496.36,1318.91,1496.36,316537.6,359124.8,2.13,3.38,PI_20260611002721437.pdf;PI_20260611002209718.pdf
56,Male,Non-Smoker,65,single,lifetime,1000,extrapolated,40;45,,3742.564,,374256.4,374256.4,0.270498,0.440954,270.5,440.95,1270.5,1440.95,,,,,PI_20260611002703129.pdf;PI_20260611002157186.pdf
56,Male,Non-Smoker,65,5,10,1000,extrapolated,40;45,,268.72,26872.0,,134360.0,0.33821,0.489854,338.21,489.85,1338.21,1489.85,160585.0,178781.0,1.846,3.096,PI_20260610232957588.pdf;PI_20260610235358883.pdf
56,Male,Non-Smoker,65,5,15,1000,extrapolated,40;45,,315.806,31580.6,,157903.0,0.017598,0.079404,17.6,79.4,1017.6,1079.4,183169.4,194293.2,2.034,3.284,PI_20260610233012578.pdf;PI_20260610235344016.pdf
56,Male,Non-Smoker,65,5,20,1000,extrapolated,40;45,,412.644,41264.4,,206322.0,0.087098,0.187298,87.1,187.3,1087.1,1187.3,260904.4,284952.4,2.13,3.38,PI_20260610233026759.pdf;PI_20260610235330765.pdf
56,Male,Non-Smoker,65,5,lifetime,1000,extrapolated,40;45,,759.006,75900.6,,379503.0,0.038104,0.119524,38.1,119.52,1038.1,1119.52,,,,,PI_20260610233042604.pdf;PI_20260610235316695.pdf
56,Male,Non-Smoker,70,single,10,1000,extrapolated,40;45,,1070.08,,107008.0,107008.0,0.232786,0.390224,232.79,390.22,1232.79,1390.22,147935.0,166828.2,2.29,3.54,PI_20260611002759246.pdf;PI_20260611002246017.pdf
56,Male,Non-Smoker,70,single,15,1000,extrapolated,40;45,,1586.508,,158650.8,158650.8,0.419454,0.691086,419.45,691.09,1419.45,1691.09,255502.2,304393.8,2.524,3.774,PI_20260611002810349.pdf;PI_20260611002257162.pdf
56,Male,Non-Smoker,70,single,20,1000,extrapolated,40;45,,2095.956,,209595.6,209595.6,0.5217,0.85205,521.7,852.05,1521.7,1852.05,365208.0,444492.0,2.556,3.806,PI_20260611002822242.pdf;PI_20260611002346458.pdf
56,Male,Non-Smoker,70,single,lifetime,1000,extrapolated,40;45,,3180.512,,318051.2,318051.2,0.66878,1.0743,668.78,1074.3,1668.78,2074.3,,,,,PI_20260611002836283.pdf;PI_20260611002359260.pdf
56,Male,Non-Smoker,70,5,10,1000,extrapolated,40;45,,207.156,20715.6,,103578.0,0.122362,0.252486,122.36,252.49,1122.36,1252.49,134682.8,150299.0,2.194,3.444,PI_20260610233143210.pdf;PI_20260610235415629.pdf
56,Male,Non-Smoker,70,5,15,1000,extrapolated,40;45,,311.232,31123.2,,155616.0,0.36643,0.594554,366.43,594.55,1366.43,1594.55,245957.0,287020.2,2.524,3.774,PI_20260610233128096.pdf;PI_20260610235429666.pdf
56,Male,Non-Smoker,70,5,20,1000,extrapolated,40;45,,413.456,41345.6,,206728.0,0.462962,0.769206,462.96,769.21,1462.96,1769.21,351109.6,424608.8,2.556,3.806,PI_20260610233113456.pdf;PI_20260610235443554.pdf
56,Male,Non-Smoker,70,5,lifetime,1000,extrapolated,40;45,,647.704,64770.4,,323852.0,0.636,0.984212,636.0,984.21,1636.0,1984.21,,,,,PI_20260610233100050.pdf;PI_20260610235457853.pdf
56,Male,Non-Smoker,70,10,5,1000,extrapolated,40;45,,57.01378,5701.38,,57013.78,-0.02884,-0.03747,-28.84,-37.47,971.16,962.53,58269.0,57751.0,1.676,2.926,PI_20260610233742614.pdf;PI_20260610235936106.pdf
56,Male,Non-Smoker,70,10,10,1000,extrapolated,40;45,,105.88578,10588.58,,105885.78,0.185586,0.3029,185.59,302.9,1185.59,1302.9,142271.0,156348.0,2.34,3.59,PI_20260610233757093.pdf;PI_20260610235949600.pdf
56,Male,Non-Smoker,70,10,15,1000,extrapolated,40;45,,158.40978,15840.98,,158409.78,0.25171,0.42595,251.71,425.95,1251.71,1425.95,225307.0,256671.0,2.408,3.658,PI_20260610233811472.pdf;PI_20260611000003719.pdf
56,Male,Non-Smoker,70,10,20,1000,extrapolated,40;45,,209.91778,20991.78,,209917.78,0.39288,0.651736,392.88,651.74,1392.88,1651.74,334291.0,396415.8,2.536,3.786,PI_20260610233915893.pdf;PI_20260611000023179.pdf
56,Male,Non-Smoker,70,10,lifetime,1000,extrapolated,40;45,,327.948,32794.8,,327948.0,0.545454,0.833474,545.45,833.47,1545.45,1833.47,,,,,PI_20260610233951518.pdf;PI_20260611000039412.pdf
57,Male,Non-Smoker,65,single,10,1000,extrapolated,40;45,,1235.534,,123553.4,123553.4,0.136158,0.19473,136.16,194.73,1136.16,1194.73,136340.4,143367.0,1.802,3.052,PI_20260611002745617.pdf;PI_20260611002233997.pdf
57,Male,Non-Smoker,65,single,15,1000,extrapolated,40;45,,1842.434,,184243.4,184243.4,0.242744,0.35736,242.74,357.36,1242.74,1357.36,223691.2,244324.0,1.998,3.248,PI_20260611002732155.pdf;PI_20260611002221799.pdf
57,Male,Non-Smoker,65,single,20,1000,extrapolated,40;45,,2358.362,,235836.2,235836.2,0.278594,0.404222,278.59,404.22,1278.59,1404.22,306861.2,337012.6,2.1,3.35,PI_20260611002721437.pdf;PI_20260611002209718.pdf
57,Male,Non-Smoker,65,single,lifetime,1000,extrapolated,40;45,,3758.958,,375895.8,375895.8,0.200566,0.289488,200.57,289.49,1200.57,1289.49,,,,,PI_20260611002703129.pdf;PI_20260611002157186.pdf
57,Male,Non-Smoker,65,5,10,1000,extrapolated,40;45,,273.71,27371.0,,136855.0,0.32226,0.443538,322.26,443.54,1322.26,1443.54,158671.0,173223.0,1.802,3.052,PI_20260610232957588.pdf;PI_20260610235358883.pdf
57,Male,Non-Smoker,65,5,15,1000,extrapolated,40;45,,318.162,31816.2,,159081.0,-0.024484,-0.005112,-24.48,-5.11,975.52,994.89,175594.8,179080.4,1.998,3.248,PI_20260610233012578.pdf;PI_20260610235344016.pdf
57,Male,Non-Smoker,65,5,20,1000,extrapolated,40;45,,415.778,41577.8,,207889.0,0.045516,0.100166,45.52,100.17,1045.52,1100.17,250924.8,264040.8,2.1,3.35,PI_20260610233026759.pdf;PI_20260610235330765.pdf
57,Male,Non-Smoker,65,5,lifetime,1000,extrapolated,40;45,,762.552,76255.2,,381276.0,-0.040212,-0.036042,-40.21,-36.04,959.79,963.96,,,,,PI_20260610233042604.pdf;PI_20260610235316695.pdf
57,Male,Non-Smoker,70,single,10,1000,extrapolated,40;45,,1076.9,,107690.0,107690.0,0.186502,0.289108,186.5,289.11,1186.5,1289.11,142381.0,154694.4,2.27,3.52,PI_20260611002759246.pdf;PI_20260611002246017.pdf
57,Male,Non-Smoker,70,single,15,1000,extrapolated,40;45,,1597.056,,159705.6,159705.6,0.378738,0.594352,378.74,594.35,1378.74,1594.35,248173.4,286981.6,2.518,3.768,PI_20260611002810349.pdf;PI_20260611002257162.pdf
57,Male,Non-Smoker,70,single,20,1000,extrapolated,40;45,,2111.032,,211103.2,211103.2,0.48215,0.75185,482.15,751.85,1482.15,1751.85,355716.0,420444.0,2.552,3.802,PI_20260611002822242.pdf;PI_20260611002346458.pdf
57,Male,Non-Smoker,70,single,lifetime,1000,extrapolated,40;45,,3194.444,,319444.4,319444.4,0.61323,0.9346,613.23,934.6,1613.23,1934.6,,,,,PI_20260611002836283.pdf;PI_20260611002359260.pdf
57,Male,Non-Smoker,70,5,10,1000,extrapolated,40;45,,208.812,20881.2,,104406.0,0.082244,0.166902,82.24,166.9,1082.24,1166.9,129868.6,140029.0,2.168,3.418,PI_20260610233143210.pdf;PI_20260610235415629.pdf
57,Male,Non-Smoker,70,5,15,1000,extrapolated,40;45,,314.274,31427.4,,157137.0,0.33803,0.520188,338.03,520.19,1338.03,1520.19,240845.0,273634.4,2.518,3.768,PI_20260610233128096.pdf;PI_20260610235429666.pdf
57,Male,Non-Smoker,70,5,20,1000,extrapolated,40;45,,418.052,41805.2,,209026.0,0.436944,0.695672,436.94,695.67,1436.94,1695.67,344865.2,406960.6,2.552,3.802,PI_20260610233113456.pdf;PI_20260610235443554.pdf
57,Male,Non-Smoker,70,5,lifetime,1000,extrapolated,40;45,,650.918,65091.8,,325459.0,0.5855,0.856694,585.5,856.69,1585.5,1856.69,,,,,PI_20260610233100050.pdf;PI_20260610235457853.pdf
57,Male,Non-Smoker,70,10,5,1000,extrapolated,40;45,,57.22776,5722.78,,57227.76,-0.07634,-0.13002,-76.34,-130.02,923.66,869.98,55419.0,52198.0,1.632,2.882,PI_20260610233742614.pdf;PI_20260610235936106.pdf
57,Male,Non-Smoker,70,10,10,1000,extrapolated,40;45,,106.73176,10673.18,,106731.76,0.157352,0.23605,157.35,236.05,1157.35,1236.05,138883.0,148326.0,2.33,3.58,PI_20260610233757093.pdf;PI_20260610235949600.pdf
57,Male,Non-Smoker,70,10,15,1000,extrapolated,40;45,,159.91976,15991.98,,159919.76,0.22126,0.35365,221.26,353.65,1221.26,1353.65,219826.0,243657.0,2.396,3.646,PI_20260610233811472.pdf;PI_20260611000003719.pdf
57,Male,Non-Smoker,70,10,20,1000,extrapolated,40;45,,212.17576,21217.58,,212175.76,0.36793,0.584402,367.93,584.4,1367.93,1584.4,328303.0,380255.6,2.532,3.782,PI_20260610233915893.pdf;PI_20260611000023179.pdf
57,Male,Non-Smoker,70,10,lifetime,1000,extrapolated,40;45,,329.576,32957.6,,329576.0,0.497738,0.716858,497.74,716.86,1497.74,1716.86,,,,,PI_20260610233951518.pdf;PI_20260611000039412.pdf
58,Male,Non-Smoker,65,single,10,1000,extrapolated,40;45,,1249.636,,124963.6,124963.6,0.099192,0.11618,99.19,116.18,1099.19,1116.18,131904.6,133941.0,1.758,3.008,PI_20260611002745617.pdf;PI_20260611002233997.pdf
58,Male,Non-Smoker,65,single,15,1000,extrapolated,40;45,,1864.436,,186443.6,186443.6,0.205376,0.27471,205.38,274.71,1205.38,1274.71,216964.8,229447.0,1.962,3.212,PI_20260611002732155.pdf;PI_20260611002221799.pdf
58,Male,Non-Smoker,65,single,20,1000,extrapolated,40;45,,2383.458,,238345.8,238345.8,0.238276,0.312088,238.28,312.09,1238.28,1312.09,297184.8,314900.4,2.07,3.32,PI_20260611002721437.pdf;PI_20260611002209718.pdf
58,Male,Non-Smoker,65,single,lifetime,1000,extrapolated,40;45,,3775.352,,377535.2,377535.2,0.130634,0.138022,130.63,138.02,1130.63,1138.02,,,,,PI_20260611002703129.pdf;PI_20260611002157186.pdf
58,Male,Non-Smoker,65,5,10,1000,extrapolated,40;45,,278.7,27870.0,,139350.0,0.30631,0.397222,306.31,397.22,1306.31,1397.22,156757.0,167665.0,1.758,3.008,PI_20260610232957588.pdf;PI_20260610235358883.pdf
58,Male,Non-Smoker,65,5,15,1000,extrapolated,40;45,,320.518,32051.8,,160259.0,-0.066566,-0.089628,-66.57,-89.63,933.43,910.37,168020.2,163867.6,1.962,3.212,PI_20260610233012578.pdf;PI_20260610235344016.pdf
58,Male,Non-Smoker,65,5,20,1000,extrapolated,40;45,,418.912,41891.2,,209456.0,0.003934,0.013034,3.93,13.03,1003.93,1013.03,240945.2,243129.2,2.07,3.32,PI_20260610233026759.pdf;PI_20260610235330765.pdf
58,Male,Non-Smoker,65,5,lifetime,1000,extrapolated,40;45,,766.098,76609.8,,383049.0,-0.118528,-0.191608,-118.53,-191.61,881.47,808.39,,,,,PI_20260610233042604.pdf;PI_20260610235316695.pdf
58,Male,Non-Smoker,70,single,10,1000,extrapolated,40;45,,1083.72,,108372.0,108372.0,0.140218,0.187992,140.22,187.99,1140.22,1187.99,136827.0,142560.6,2.25,3.5,PI_20260611002759246.pdf;PI_20260611002246017.pdf
58,Male,Non-Smoker,70,single,15,1000,extrapolated,40;45,,1607.604,,160760.4,160760.4,0.338022,0.497618,338.02,497.62,1338.02,1497.62,240844.6,269569.4,2.512,3.762,PI_20260611002810349.pdf;PI_20260611002257162.pdf
58,Male,Non-Smoker,70,single,20,1000,extrapolated,40;45,,2126.108,,212610.8,212610.8,0.4426,0.65165,442.6,651.65,1442.6,1651.65,346224.0,396396.0,2.548,3.798,PI_20260611002822242.pdf;PI_20260611002346458.pdf
58,Male,Non-Smoker,70,single,lifetime,1000,extrapolated,40;45,,3208.376,,320837.6,320837.6,0.55768,0.7949,557.68,794.9,1557.68,1794.9,,,,,PI_20260611002836283.pdf;PI_20260611002359260.pdf
58,Male,Non-Smoker,70,5,10,1000,extrapolated,40;45,,210.468,21046.8,,105234.0,0.042126,0.081318,42.13,81.32,1042.13,1081.32,125054.4,129759.0,2.142,3.392,PI_20260610233143210.pdf;PI_20260610235415629.pdf
58,Male,Non-Smoker,70,5,15,1000,extrapolated,40;45,,317.316,31731.6,,158658.0,0.30963,0.445822,309.63,445.82,1309.63,1445.82,235733.0,260248.6,2.512,3.762,PI_20260610233128096.pdf;PI_20260610235429666.pdf
58,Male,Non-Smoker,70,5,20,1000,extrapolated,40;45,,422.648,42264.8,,211324.0,0.410926,0.622138,410.93,622.14,1410.93,1622.14,338620.8,389312.4,2.548,3.798,PI_20260610233113456.pdf;PI_20260610235443554.pdf
58,Male,Non-Smoker,70,5,lifetime,1000,extrapolated,40;45,,654.132,65413.2,,327066.0,0.535,0.729176,535.0,729.18,1535.0,1729.18,,,,,PI_20260610233100050.pdf;PI_20260610235457853.pdf
58,Male,Non-Smoker,70,10,5,1000,extrapolated,40;45,,57.44174,5744.17,,57441.74,-0.12384,-0.22257,-123.84,-222.57,876.16,777.43,52569.0,46645.0,1.588,2.838,PI_20260610233742614.pdf;PI_20260610235936106.pdf
58,Male,Non-Smoker,70,10,10,1000,extrapolated,40;45,,107.57774,10757.77,,107577.74,0.129118,0.1692,129.12,169.2,1129.12,1169.2,135495.0,140304.0,2.32,3.57,PI_20260610233757093.pdf;PI_20260610235949600.pdf
58,Male,Non-Smoker,70,10,15,1000,extrapolated,40;45,,161.42974,16142.97,,161429.74,0.19081,0.28135,190.81,281.35,1190.81,1281.35,214345.0,230643.0,2.384,3.634,PI_20260610233811472.pdf;PI_20260611000003719.pdf
58,Male,Non-Smoker,70,10,20,1000,extrapolated,40;45,,214.43374,21443.37,,214433.74,0.34298,0.517068,342.98,517.07,1342.98,1517.07,322315.0,364095.4,2.528,3.778,PI_20260610233915893.pdf;PI_20260611000023179.pdf
58,Male,Non-Smoker,70,10,lifetime,1000,extrapolated,40;45,,331.204,33120.4,,331204.0,0.450022,0.600242,450.02,600.24,1450.02,1600.24,,,,,PI_20260610233951518.pdf;PI_20260611000039412.pdf
59,Male,Non-Smoker,70,single,10,1000,extrapolated,40;45,,1090.54,,109054.0,109054.0,0.093934,0.086876,93.93,86.88,1093.93,1086.88,131273.0,130426.8,2.23,3.48,PI_20260611002759246.pdf;PI_20260611002246017.pdf
59,Male,Non-Smoker,70,single,15,1000,extrapolated,40;45,,1618.152,,161815.2,161815.2,0.297306,0.400884,297.31,400.88,1297.31,1400.88,233515.8,252157.2,2.506,3.756,PI_20260611002810349.pdf;PI_20260611002257162.pdf
59,Male,Non-Smoker,70,single,20,1000,extrapolated,40;45,,2141.184,,214118.4,214118.4,0.40305,0.55145,403.05,551.45,1403.05,1551.45,336732.0,372348.0,2.544,3.794,PI_20260611002822242.pdf;PI_20260611002346458.pdf
59,Male,Non-Smoker,70,single,lifetime,1000,extrapolated,40;45,,3222.308,,322230.8,322230.8,0.50213,0.6552,502.13,655.2,1502.13,1655.2,,,,,PI_20260611002836283.pdf;PI_20260611002359260.pdf
59,Male,Non-Smoker,70,5,10,1000,extrapolated,40;45,,212.124,21212.4,,106062.0,0.002008,-0.004266,2.01,-4.27,1002.01,995.73,120240.2,119489.0,2.116,3.366,PI_20260610233143210.pdf;PI_20260610235415629.pdf
59,Male,Non-Smoker,70,5,15,1000,extrapolated,40;45,,320.358,32035.8,,160179.0,0.28123,0.371456,281.23,371.46,1281.23,1371.46,230621.0,246862.8,2.506,3.756,PI_20260610233128096.pdf;PI_20260610235429666.pdf
59,Male,Non-Smoker,70,5,20,1000,extrapolated,40;45,,427.244,42724.4,,213622.0,0.384908,0.548604,384.91,548.6,1384.91,1548.6,332376.4,371664.2,2.544,3.794,PI_20260610233113456.pdf;PI_20260610235443554.pdf
59,Male,Non-Smoker,70,5,lifetime,1000,extrapolated,40;45,,657.346,65734.6,,328673.0,0.4845,0.601658,484.5,601.66,1484.5,1601.66,,,,,PI_20260610233100050.pdf;PI_20260610235457853.pdf
59,Male,Non-Smoker,70,10,5,1000,extrapolated,40;45,,57.65572,5765.57,,57655.72,-0.17134,-0.31512,-171.34,-315.12,828.66,684.88,49719.0,41092.0,1.544,2.794,PI_20260610233742614.pdf;PI_20260610235936106.pdf
59,Male,Non-Smoker,70,10,10,1000,extrapolated,40;45,,108.42372,10842.37,,108423.72,0.100884,0.10235,100.88,102.35,1100.88,1102.35,132107.0,132282.0,2.31,3.56,PI_20260610233757093.pdf;PI_20260610235949600.pdf
59,Male,Non-Smoker,70,10,15,1000,extrapolated,40;45,,162.93972,16293.97,,162939.72,0.16036,0.20905,160.36,209.05,1160.36,1209.05,208864.0,217629.0,2.372,3.622,PI_20260610233811472.pdf;PI_20260611000003719.pdf
59,Male,Non-Smoker,70,10,20,1000,extrapolated,40;45,,216.69172,21669.17,,216691.72,0.31803,0.449734,318.03,449.73,1318.03,1449.73,316327.0,347935.2,2.524,3.774,PI_20260610233915893.pdf;PI_20260611000023179.pdf
59,Male,Non-Smoker,70,10,lifetime,1000,extrapolated,40;45,,332.832,33283.2,,332832.0,0.402306,0.483626,402.31,483.63,1402.31,1483.63,,,,,PI_20260610233951518.pdf;PI_20260611000039412.pdf
60,Male,Non-Smoker,70,single,10,1000,extrapolated,40;45,,1097.36,,109736.0,109736.0,0.04765,-0.01424,47.65,-14.24,1047.65,985.76,125719.0,118293.0,2.21,3.46,PI_20260611002759246.pdf;PI_20260611002246017.pdf
60,Male,Non-Smoker,70,single,15,1000,extrapolated,40;45,,1628.7,,162870.0,162870.0,0.25659,0.30415,256.59,304.15,1256.59,1304.15,226187.0,234745.0,2.5,3.75,PI_20260611002810349.pdf;PI_20260611002257162.pdf
60,Male,Non-Smoker,70,single,20,1000,extrapolated,40;45,,2156.26,,215626.0,215626.0,0.3635,0.45125,363.5,451.25,1363.5,1451.25,327240.0,348300.0,2.54,3.79,PI_20260611002822242.pdf;PI_20260611002346458.pdf
60,Male,Non-Smoker,70,single,lifetime,1000,extrapolated,40;45,,3236.24,,323624.0,323624.0,0.44658,0.5155,446.58,515.5,1446.58,1515.5,,,,,PI_20260611002836283.pdf;PI_20260611002359260.pdf
60,Male,Non-Smoker,70,5,10,1000,extrapolated,40;45,,213.78,21378.0,,106890.0,-0.03811,-0.08985,-38.11,-89.85,961.89,910.15,115426.0,109219.0,2.09,3.34,PI_20260610233143210.pdf;PI_20260610235415629.pdf
60,Male,Non-Smoker,70,5,15,1000,extrapolated,40;45,,323.4,32340.0,,161700.0,0.25283,0.29709,252.83,297.09,1252.83,1297.09,225509.0,233477.0,2.5,3.75,PI_20260610233128096.pdf;PI_20260610235429666.pdf
60,Male,Non-Smoker,70,5,20,1000,extrapolated,40;45,,431.84,43184.0,,215920.0,0.35889,0.47507,358.89,475.07,1358.89,1475.07,326132.0,354016.0,2.54,3.79,PI_20260610233113456.pdf;PI_20260610235443554.pdf
60,Male,Non-Smoker,70,5,lifetime,1000,extrapolated,40;45,,660.56,66056.0,,330280.0,0.434,0.47414,434.0,474.14,1434.0,1474.14,,,,,PI_20260610233100050.pdf;PI_20260610235457853.pdf
60,Male,Non-Smoker,70,10,5,1000,extrapolated,40;45,,57.8697,5786.97,,57869.7,-0.21884,-0.40767,-218.84,-407.67,781.16,592.33,46869.0,35539.0,1.5,2.75,PI_20260610233742614.pdf;PI_20260610235936106.pdf
60,Male,Non-Smoker,70,10,10,1000,extrapolated,40;45,,109.2697,10926.97,,109269.7,0.07265,0.0355,72.65,35.5,1072.65,1035.5,128719.0,124260.0,2.3,3.55,PI_20260610233757093.pdf;PI_20260610235949600.pdf
60,Male,Non-Smoker,70,10,15,1000,extrapolated,40;45,,164.4497,16444.97,,164449.7,0.12991,0.13675,129.91,136.75,1129.91,1136.75,203383.0,204615.0,2.36,3.61,PI_20260610233811472.pdf;PI_20260611000003719.pdf
60,Male,Non-Smoker,70,10,20,1000,extrapolated,40;45,,218.9497,21894.97,,218949.7,0.29308,0.3824,293.08,382.4,1293.08,1382.4,310339.0,331775.0,2.52,3.77,PI_20260610233915893.pdf;PI_20260611000023179.pdf
60,Male,Non-Smoker,70,10,lifetime,1000,extrapolated,40;45,,334.46,33446.0,,334460.0,0.35459,0.36701,354.59,367.01,1354.59,1367.01,,,,,PI_20260610233951518.pdf;PI_20260611000039412.pdf
61,Male,Non-Smoker,70,single,10,1000,extrapolated,40;45,,1104.18,,110418.0,110418.0,0.001366,-0.115356,1.37,-115.36,1001.37,884.64,120165.0,106159.2,2.19,3.44,PI_20260611002759246.pdf;PI_20260611002246017.pdf
61,Male,Non-Smoker,70,single,15,1000,extrapolated,40;45,,1639.248,,163924.8,163924.8,0.215874,0.207416,215.87,207.42,1215.87,1207.42,218858.2,217332.8,2.494,3.744,PI_20260611002810349.pdf;PI_20260611002257162.pdf
61,Male,Non-Smoker,70,single,20,1000,extrapolated,40;45,,2171.336,,217133.6,217133.6,0.32395,0.35105,323.95,351.05,1323.95,1351.05,317748.0,324252.0,2.536,3.786,PI_20260611002822242.pdf;PI_20260611002346458.pdf
61,Male,Non-Smoker,70,single,lifetime,1000,extrapolated,40;45,,3250.172,,325017.2,325017.2,0.39103,0.3758,391.03,375.8,1391.03,1375.8,,,,,PI_20260611002836283.pdf;PI_20260611002359260.pdf
61,Male,Non-Smoker,70,5,10,1000,extrapolated,40;45,,215.436,21543.6,,107718.0,-0.078228,-0.175434,-78.23,-175.43,921.77,824.57,110611.8,98949.0,2.064,3.314,PI_20260610233143210.pdf;PI_20260610235415629.pdf
61,Male,Non-Smoker,70,5,15,1000,extrapolated,40;45,,326.442,32644.2,,163221.0,0.22443,0.222724,224.43,222.72,1224.43,1222.72,220397.0,220091.2,2.494,3.744,PI_20260610233128096.pdf;PI_20260610235429666.pdf
61,Male,Non-Smoker,70,5,20,1000,extrapolated,40;45,,436.436,43643.6,,218218.0,0.332872,0.401536,332.87,401.54,1332.87,1401.54,319887.6,336367.8,2.536,3.786,PI_20260610233113456.pdf;PI_20260610235443554.pdf
61,Male,Non-Smoker,70,5,lifetime,1000,extrapolated,40;45,,663.774,66377.4,,331887.0,0.3835,0.346622,383.5,346.62,1383.5,1346.62,,,,,PI_20260610233100050.pdf;PI_20260610235457853.pdf
62,Male,Non-Smoker,70,single,10,1000,extrapolated,40;45,,1111.0,,111100.0,111100.0,-0.044918,-0.216472,-44.92,-216.47,955.08,783.53,114611.0,94025.4,2.17,3.42,PI_20260611002759246.pdf;PI_20260611002246017.pdf
62,Male,Non-Smoker,70,single,15,1000,extrapolated,40;45,,1649.796,,164979.6,164979.6,0.175158,0.110682,175.16,110.68,1175.16,1110.68,211529.4,199920.6,2.488,3.738,PI_20260611002810349.pdf;PI_20260611002257162.pdf
62,Male,Non-Smoker,70,single,20,1000,extrapolated,40;45,,2186.412,,218641.2,218641.2,0.2844,0.25085,284.4,250.85,1284.4,1250.85,308256.0,300204.0,2.532,3.782,PI_20260611002822242.pdf;PI_20260611002346458.pdf
62,Male,Non-Smoker,70,single,lifetime,1000,extrapolated,40;45,,3264.104,,326410.4,326410.4,0.33548,0.2361,335.48,236.1,1335.48,1236.1,,,,,PI_20260611002836283.pdf;PI_20260611002359260.pdf
62,Male,Non-Smoker,70,5,10,1000,extrapolated,40;45,,217.092,21709.2,,108546.0,-0.118346,-0.261018,-118.35,-261.02,881.65,738.98,105797.6,88679.0,2.038,3.288,PI_20260610233143210.pdf;PI_20260610235415629.pdf
62,Male,Non-Smoker,70,5,15,1000,extrapolated,40;45,,329.484,32948.4,,164742.0,0.19603,0.148358,196.03,148.36,1196.03,1148.36,215285.0,206705.4,2.488,3.738,PI_20260610233128096.pdf;PI_20260610235429666.pdf
62,Male,Non-Smoker,70,5,20,1000,extrapolated,40;45,,441.032,44103.2,,220516.0,0.306854,0.328002,306.85,328.0,1306.85,1328.0,313643.2,318719.6,2.532,3.782,PI_20260610233113456.pdf;PI_20260610235443554.pdf
62,Male,Non-Smoker,70,5,lifetime,1000,extrapolated,40;45,,666.988,66698.8,,333494.0,0.333,0.219104,333.0,219.1,1333.0,1219.1,,,,,PI_20260610233100050.pdf;PI_20260610235457853.pdf
63,Male,Non-Smoker,70,single,10,1000,extrapolated,40;45,,1117.82,,111782.0,111782.0,-0.091202,-0.317588,-91.2,-317.59,908.8,682.41,109057.0,81891.6,2.15,3.4,PI_20260611002759246.pdf;PI_20260611002246017.pdf
63,Male,Non-Smoker,70,single,15,1000,extrapolated,40;45,,1660.344,,166034.4,166034.4,0.134442,0.013948,134.44,13.95,1134.44,1013.95,204200.6,182508.4,2.482,3.732,PI_20260611002810349.pdf;PI_20260611002257162.pdf
63,Male,Non-Smoker,70,single,20,1000,extrapolated,40;45,,2201.488,,220148.8,220148.8,0.24485,0.15065,244.85,150.65,1244.85,1150.65,298764.0,276156.0,2.528,3.778,PI_20260611002822242.pdf;PI_20260611002346458.pdf
63,Male,Non-Smoker,70,single,lifetime,1000,extrapolated,40;45,,3278.036,,327803.6,327803.6,0.27993,0.0964,279.93,96.4,1279.93,1096.4,,,,,PI_20260611002836283.pdf;PI_20260611002359260.pdf
63,Male,Non-Smoker,70,5,10,1000,extrapolated,40;45,,218.748,21874.8,,109374.0,-0.158464,-0.346602,-158.46,-346.6,841.54,653.4,100983.4,78409.0,2.012,3.262,PI_20260610233143210.pdf;PI_20260610235415629.pdf
63,Male,Non-Smoker,70,5,15,1000,extrapolated,40;45,,332.526,33252.6,,166263.0,0.16763,0.073992,167.63,73.99,1167.63,1073.99,210173.0,193319.6,2.482,3.732,PI_20260610233128096.pdf;PI_20260610235429666.pdf
63,Male,Non-Smoker,70,5,20,1000,extrapolated,40;45,,445.628,44562.8,,222814.0,0.280836,0.254468,280.84,254.47,1280.84,1254.47,307398.8,301071.4,2.528,3.778,PI_20260610233113456.pdf;PI_20260610235443554.pdf
63,Male,Non-Smoker,70,5,lifetime,1000,extrapolated,40;45,,670.202,67020.2,,335101.0,0.2825,0.091586,282.5,91.59,1282.5,1091.59,,,,,PI_20260610233100050.pdf;PI_20260610235457853.pdf
